Tweets,id tweets,date tweets,username,id user,quote count,reply count,retweet count,favorite count,url tweets
@duniabulat5 @CNNIndonesia Nk musim kemarau panjang hampir hutan di jatim kebakaran tiap tahunnya. Savana bromo jg kebakar tiap tahun tp pas penghujan bikin mata takjub,1.69924796937845E+018,2023-09-06 02:27:41+00:00,sugikchan,7.60376195493994E+017,0,0,0,2,https://twitter.com/sugikchan/status/1699247969378451458
Seng prewed sampek ngarai kebakaran nang bromo Disumpahi wong akeh sampean mbak mas.. Wes kukuse sampek sak kecamatan Ora iso ngeramban..,1.69944624293229E+018,2023-09-06 15:35:33+00:00,orange_puppy331,1.32816744778697E+018,0,0,0,0,https://twitter.com/orange_puppy331/status/1699446242932297957
Kakeane kebakaran bromo wes dipadamke seminggu iki malah mau awan diobong wong prewed. Asw,1.69947419273398E+018,2023-09-06 17:26:36+00:00,andriawan98,438039847,0,0,0,0,https://twitter.com/andriawan98/status/1699474192733987044
"Kenapa kemping di Savana Bromo dilarang? Ya karena ini, rawan kebakaran. Beberapa tahun lalu udah kejadian kebakaran yg disinyalir dari aktivitas kemping. Terus sekarang kejadian karena flare begini. Dan parahnya lagi, Bromo baru dibuka sehari setelah sebelumnya kebakaran.",1.69951756742844E+018,2023-09-06 20:18:58+00:00,brigittasiw,303627559,0,1,0,1,https://twitter.com/brigittasiw/status/1699517567428444210
@infomitigasi @RadioElshinta @KementerianLHK Kalau TNBTS keseluruhan berapa min ?? Kan BROMO TENGGER SEMERU jadi 1 kesatuan n pengelolanya sama.. soalnya setau saya kemarin ada pengumuman kebakaran di gunung pananjakan dan semeru juga,1.69956973579572E+018,2023-09-06 23:46:16+00:00,tamiya_mf01x,1.67414005005616E+018,0,0,0,0,https://twitter.com/tamiya_mf01x/status/1699569735795724339
"Yg bikin bromo kebakaran jahat banget, padahal dulu seindah ini 😭.  Sedih banget tempat favorit aku hangus karna ulah manusia manusia lalai.",1.69978498275415E+018,2023-09-07 14:01:35+00:00,poempathic,1.50434300182046E+018,0,0,0,1,https://twitter.com/poempathic/status/1699784982754156609
"Upaya pemadaman masih dilakukan hingga Kamis siang ini (7/9/2023). Tidak ada laporan korban, tetapi kebakaran menyebabkan sebagian wilayah sabana Bromo hangus. Sementara itu, pihak berwenang sedang menindaklanjuti para pelaku.  Mohon doanya teman-teman biar api lekas padam. 😢🤲",1.6997851836487E+018,2023-09-07 14:02:22+00:00,infipopid,1.6540762843965E+018,0,0,1,1,https://twitter.com/infipopid/status/1699785183648702665
"setelah bikin kebakaran bromo, masih diposting dong. 🙈",1.69978560536501E+018,2023-09-07 14:04:03+00:00,Fatin_foto,630226596,0,2,0,0,https://twitter.com/Fatin_foto/status/1699785605365010891
"@alexjourneyID landscape Bromo kurang bagus gimana sih? pake ditambahin flare gitu tambah lebay yg ada, malah jadi kebakaran itu akibat ulah lu.. foto tinggal diem gapake asap gitu apa susahnya sih, heran. gue pengen banget ke Bromo belum keturutan, sekarang malah kebakaran.",1.69978754284822E+018,2023-09-07 14:11:45+00:00,no1knoowwss,1.06806741644849E+018,0,0,0,2,https://twitter.com/no1knoowwss/status/1699787542848221477
"@tanyarlfes salfok, ak drtd tuh nyari di video mana bukti ada teletubbies di gn bromo yg kebakaran ternyata judulnya yg typo anjg hrsnya BUKIT",1.69978791220289E+018,2023-09-07 14:13:13+00:00,aeternityou,1.53128071432638E+018,0,0,0,0,https://twitter.com/aeternityou/status/1699787912202895523
kaga ada hubungannya status tersangka sama kronologi kebakaran Ini mah cuma baru atas dasar trespassing doang ke bromo,1.69979058690632E+018,2023-09-07 14:23:51+00:00,ApMulTEK,1.69288340783834E+018,0,0,0,0,https://twitter.com/ApMulTEK/status/1699790586906325436
@alexjourneyID “nak dulu mamah papah pernah bikin bromo kebakaran”,1.69979253135213E+018,2023-09-07 14:31:34+00:00,shubbrie,327294690,0,0,0,1,https://twitter.com/shubbrie/status/1699792531352138149
"baru tau ternyata penyebab kebakaran di Bromo adalah grgr ada orang prewed sambil bawa flare, sampe bbrp akses dan spot ditutup total.  dua kata deh buat kalian, GUOBLOK COK!",1.69979433760395E+018,2023-09-07 14:38:45+00:00,march__sunset,1.3515965204123E+018,0,5,0,2,https://twitter.com/march__sunset/status/1699794337603953136
"kalo yg prewed bikin bromo kebakaran minta maaf, janji ga maafin y ol. taik👎🏻",1.69979498376164E+018,2023-09-07 14:41:19+00:00,restirahmadhani,416243915,0,0,0,0,https://twitter.com/restirahmadhani/status/1699794983761641511
"Udah bikin Savana di Bromo kebakaran, hasil fotonya jelek pula 😡",1.69979594610701E+018,2023-09-07 14:45:08+00:00,neverthejedi,1.39141789214346E+018,0,0,0,2,https://twitter.com/neverthejedi/status/1699795946107015502
nyesek banget liat bromo kebakaran,1.69979599790656E+018,2023-09-07 14:45:21+00:00,halahgajelas,1.31170805607854E+018,0,0,0,0,https://twitter.com/halahgajelas/status/1699795997906567555
"Nak, dulu papa mama waktu mau nikah pernah bikin gunung Bromo kebakaran"" bukanlah cerita yg asyik untuk diperbincangkan di sore hari saat kumpul keluarga.""",1.69979778687796E+018,2023-09-07 14:52:27+00:00,goesdut,162036484,0,0,0,0,https://twitter.com/goesdut/status/1699797786877968725
bisa nggak tu pelaku kebakaran taman nasional bromo didenda 1 triliun untuk ganti rugi. ampe beranak pinak dah lu bayar ganti rugi ke negara,1.6997992639021E+018,2023-09-07 14:58:19+00:00,heoroscope,819682290,0,0,0,1,https://twitter.com/heoroscope/status/1699799263902101578
Fotografer flare jadi fotografer peler yg bikin bromo kebakaran,1.69980280220014E+018,2023-09-07 15:12:23+00:00,febbylorentz,57956952,0,0,0,0,https://twitter.com/febbylorentz/status/1699802802200141990
bromo kebakaran ternyata ulah yg prewedding?! WHAT?!,1.69980296103013E+018,2023-09-07 15:13:01+00:00,sarahaprlntyy,1.69560550644925E+018,0,1,0,0,https://twitter.com/sarahaprlntyy/status/1699802961030136276
"Lah udh bikin bromo kebakaran, jelek pula 😭🤮",1.69980452162159E+018,2023-09-07 15:19:13+00:00,sleepytrvlr,1.33922794134811E+018,0,0,0,0,https://twitter.com/sleepytrvlr/status/1699804521621590181
sedih bgt gue ngeliat bromo kebakaran 😭,1.69980508372534E+018,2023-09-07 15:21:27+00:00,_aoife_13,9.86741837174947E+017,0,0,0,0,https://twitter.com/_aoife_13/status/1699805083725345257
Wes bosok marai bromo kebakaran tolol banget,1.69980974973764E+018,2023-09-07 15:39:59+00:00,Juniarta06,769477488,0,0,0,0,https://twitter.com/Juniarta06/status/1699809749737644183
"benci bgt grgr prewedd bromo kebakaran, pdhl akhir bulan mau kesana🥲",1.69980980743026E+018,2023-09-07 15:40:13+00:00,ptelvtel,2821780470,0,0,0,1,https://twitter.com/ptelvtel/status/1699809807430267158
Couple yg prewed disaster di bromo lanjut nikah ga ya 🤣 berapa itu ganti rugi kebakaran 50hektar,1.69980992919925E+018,2023-09-07 15:40:42+00:00,c4cao,1.04268623459685E+018,0,0,0,0,https://twitter.com/c4cao/status/1699809929199255892
"Foto yg kek gini yg bikin kebakaran di bromo? Kirain hasilnya bakalan fantastic, tnyata pathetic 😓  Jd penasaran, lanjut nikah ato ga yak.  Mana potografer yg ngide udah jd tersangka pulak",1.69981223641044E+018,2023-09-07 15:49:52+00:00,roosida,56742341,0,0,0,0,https://twitter.com/roosida/status/1699812236410441963
"itu yg foto prewed di kawasan bromo ampe bikin kebakaran, otaknya kemana dah 😂 lagi nyalain flare musim kemarau gni, percikan api dah pasti kena semak² kering. tolol 😭",1.69981285642922E+018,2023-09-07 15:52:20+00:00,melonminii,395749841,0,0,0,0,https://twitter.com/melonminii/status/1699812856429228333
"Gegara Flare Prewed, Bukit Teletubbies Gunung Bromo Terbakar  🎬 Dm for creadit   #jawapos #radarmadura #beritahariini #beritaupdate #berita #news #madura #kebakaranlahan #kebakaran #flareprewed #gunungbromotenggersemeru",1.69981343616139E+018,2023-09-07 15:54:38+00:00,JPRadarMadura,1624960592,0,0,0,0,https://twitter.com/JPRadarMadura/status/1699813436161392649
@ipoksamidub Di zoom in zoom out...apa bagusnya dr prewed pake flare itu. Walapun ga bikin bromo kebakaran tetep aneh banget konsep fotonya,1.69981502536667E+018,2023-09-07 16:00:57+00:00,drienanda22,1.08592207284747E+018,0,1,2,20,https://twitter.com/drienanda22/status/1699815025366675603
"3 brita teratas yg gue baca hr ini: 1.menjelang pernikahan cpw ketauan cpp open BO, 2.Saat parade mobil soundsystem gabisa lewat gamuat, warga desa ngancurin jembatan beton desa (lah kesel), 3. Savana bromo kebakaran krn si tolol tolol",1.69981579029449E+018,2023-09-07 16:04:00+00:00,Amsukatman,243525862,0,0,0,0,https://twitter.com/Amsukatman/status/1699815790294495484
niat akhir bulan ng bromo malah kebakaran😭👊🏻,1.69981586599327E+018,2023-09-07 16:04:18+00:00,Vndp__,1.24847187344205E+018,0,0,0,1,https://twitter.com/Vndp__/status/1699815865993273471
Tadi siang temen ngajak ikut open trip ke Bromo. Sorenya dapet berita kalo Savana di Bromo kebakaran...,1.69981610183908E+018,2023-09-07 16:05:14+00:00,Rismatchaciato,161155981,0,0,0,0,https://twitter.com/Rismatchaciato/status/1699816101839081525
"-rek udh mau 24 jam tapi terpantau belum ada yg berhasil sp1ll nama vendor2 (WO, fg) yg terlibat di kebakaran bromo:( pdhl ga masalah menghujatnya aja, biar lebih concern jg sm vendornya:(",1.69981643496748E+018,2023-09-07 16:06:33+00:00,sbyfess,1.15243717558724E+018,0,4,0,11,https://twitter.com/sbyfess/status/1699816434967482764
"@kevinpramudya_ Lagian kondisi rumput lagi coklat kering kok pake flare, menurutku ngga masuk aja konsepnya terlepas dari bahaya karena memicu kebakaran, Area sekitar kering tapi pake long coat hadeehh aku setuju dengan kata sayang bromo kebakaran demi prewedding dg konsep yg jelek banget 😂""",1.69981686399438E+018,2023-09-07 16:08:16+00:00,kelabangberacun,1.25291443645873E+018,0,0,0,1,https://twitter.com/kelabangberacun/status/1699816863994380770
"@panditfootball Bentar lagi kebakaran sabana bromo gara gara angin, lagi?????",1.69981862023762E+018,2023-09-07 16:15:14+00:00,Made_Dav,8.8432156745012E+017,0,0,0,0,https://twitter.com/Made_Dav/status/1699818620237623415
itu orang yg prewed di bromo sampe kebakaran gabakal jadi nikah gak sih? duitnya bakal dipake bayar denda.. wkwk,1.69981922606279E+018,2023-09-07 16:17:39+00:00,adillaprnm,111489787,0,0,0,1,https://twitter.com/adillaprnm/status/1699819226062794965
sedih banget liat bromo kebakaran gitu FAKMENNNNNNN,1.69981986532096E+018,2023-09-07 16:20:11+00:00,kyuttiez,1.67107386732513E+018,0,0,0,0,https://twitter.com/kyuttiez/status/1699819865320968435
"sori but JELEK BANGET😭😭😭 imagine udah jauh jauh ke bromo, bikin kebakaran, ditangkep polisi tapi..... fotonya jelek....... masih lebih oke foto di waduk cengklik i must say🙏🙏🙏🙏",1.69982131397892E+018,2023-09-07 16:25:57+00:00,pompompipin,1.46497888110282E+018,0,0,0,0,https://twitter.com/pompompipin/status/1699821313978925412
"asli nih yg eo yg fotoin prewed di bromo tuh siapa, udh tau abis kebakaran bisa2nya dia main flare di tengah savana yg lg kering.",1.69982174967068E+018,2023-09-07 16:27:40+00:00,oyoygogreen,57100091,0,1,0,0,https://twitter.com/oyoygogreen/status/1699821749670682903
"sedih bat liat bromo kebakaran garagara ulah manusia tolol, pdhl bromo bagus batttt bjir 2018 gua kesana pgn kesana lagi aaaaa",1.69982255087926E+018,2023-09-07 16:30:51+00:00,beautyrichhh,1.67682382467814E+018,0,0,0,1,https://twitter.com/beautyrichhh/status/1699822550879269066
@KompasTV Kejadian kebakaranya di bromo padahal sudah dari tanggal 2 september. Tetapi orang menuduhnya kalau tanggal 6 september terjadinya kebakaran terus disebabkannya karena orang bawa flare. Itu yang videoin emang sengaja nuduh atau gimana?,1.69982269603987E+018,2023-09-07 16:31:26+00:00,itsgentho,2741552432,0,0,0,0,https://twitter.com/itsgentho/status/1699822696039870898
"gila kebakaran di bromo gara gara orang poto prewed make flare? pasangan kontolllll, tukang poto kontol, team team poto kontolll, apa dia berpikir flare itu mengeluarkan airrr, manusia bangsat",1.6998253324955E+018,2023-09-07 16:41:55+00:00,semogadapettttt,1.43476641627245E+018,0,0,0,3,https://twitter.com/semogadapettttt/status/1699825332495507788
kaget kebakaran bromo separah itu grgr mbknya,1.69982548549115E+018,2023-09-07 16:42:31+00:00,chocholalate,1.09679816527609E+018,0,0,0,0,https://twitter.com/chocholalate/status/1699825485491155421
"Bromo sampe kebakaran hanya untuk foto jelek gini, wkwkwk",1.69982600961137E+018,2023-09-07 16:44:36+00:00,dodysoerja,763905180,0,0,0,0,https://twitter.com/dodysoerja/status/1699826009611374689
"Huhkahhh Bromo ne sampe ditutup grgr kebakaran , cek pegele raa duwe janji Ket setahun yg lalu",1.69982658924317E+018,2023-09-07 16:46:54+00:00,qyujilafu,1.18118480778443E+018,0,0,0,0,https://twitter.com/qyujilafu/status/1699826589243175235
kebakaran gunung bromo buat pelajaran kedepannya apa2 yang harus dibenahi. Seperti penyediaan apar di tempat2 yang mudah terbakar dan penempatan patroli penjaga hutan untuk meminimalisir timbulnya kebakaran.,1.69982676299221E+018,2023-09-07 16:47:36+00:00,EdiRusmanto_,1.43076053147689E+018,0,0,0,0,https://twitter.com/EdiRusmanto_/status/1699826762992218438
Itu yg ngidein prewedd api2 gitu sampe bromo kebakaran idenya sapa coba ??  Penasaran mo liat orang to**l bin go***k nya,1.69982769550343E+018,2023-09-07 16:51:18+00:00,Hdwit2,1.25753403259989E+018,0,0,0,0,https://twitter.com/Hdwit2/status/1699827695503438102
@kevinpramudya_ Mau sebagus apapun fotonya juga gabakal pernah setara dengan kejadian kebakaran di bromo wir,1.69982923709054E+018,2023-09-07 16:57:26+00:00,herlianafebri,1.26062838413394E+018,0,0,0,0,https://twitter.com/herlianafebri/status/1699829237090541669
Canggih bener kabut polusi Jakarta sampai kebakaran Bromo bisa langsung rame. Coba tengok event tahunan di Kuburaya &amp  Pontianak. Abu udah kayak salju,1.69983472036707E+018,2023-09-07 17:19:13+00:00,azumilano,1376344057,0,0,0,0,https://twitter.com/azumilano/status/1699834720367071661
"orang” prewed di bromo, karna bromo sempat kebakaran, apa iya gue prewed nya di gunung fuji ntar?? 🤔🤔",1.69983482215023E+018,2023-09-07 17:19:37+00:00,toalogede,1.539173608136E+018,0,0,0,0,https://twitter.com/toalogede/status/1699834822150238271
masih kesel baca berita yg kebakaran di bromo😩😩😩🫵🫵🫵🫵,1.69983494684268E+018,2023-09-07 17:20:07+00:00,permahasiswaan,3978553048,0,0,0,0,https://twitter.com/permahasiswaan/status/1699834946842681564
"@tanyarlfes Bromo sek kebakaran nya, buldep mawon @hamtalo_",1.69983640513088E+018,2023-09-07 17:25:55+00:00,groovypie,1149793627,0,1,0,0,https://twitter.com/groovypie/status/1699836405130883312
Bromo kebakaran gara2 foto jelek,1.69984087367106E+018,2023-09-07 17:43:40+00:00,richiereez,1.21270833328451E+018,0,0,0,0,https://twitter.com/richiereez/status/1699840873671061766
sebel banget tau kabar bromo ditutup gara2 kebakaran orang prewed padahal mingdep dah mau prepare ke bromo soalnya seumur2 blm pernah kesana 😤😤,1.6998457245556E+018,2023-09-07 18:02:56+00:00,araf_natnut,1.50659327428254E+018,0,2,0,7,https://twitter.com/araf_natnut/status/1699845724555604274
@dallioes @kaqabutan Nice info ka. Terimakasih🙏 semoga tidak ada lagi pengunjung yg ga ngotak spt 6 tersangka penyebab kebakaran Bromo🙏,1.69984579174416E+018,2023-09-07 18:03:13+00:00,akuragil,60338602,0,0,0,0,https://twitter.com/akuragil/status/1699845791744160195
@tanyakanrl YaAllaaahh sedihh bgtt woyy!! Bromo sebaguss itu baru ada keinginan pgn kesana lagi.. dodol bgt deh itu yg bikin asep2 sampe jd kebakaran. Geraamm bgtt liatnyaaa !!!!!,1.69984708864812E+018,2023-09-07 18:08:22+00:00,caamarissa,101004369,0,0,0,1,https://twitter.com/caamarissa/status/1699847088648122548
"yg prewed di bromo sampe kebakaran gt bener bener yeee, kek ahhh",1.69984869523429E+018,2023-09-07 18:14:45+00:00,syaquilaltalune,1.60541565567028E+018,0,0,0,0,https://twitter.com/syaquilaltalune/status/1699848695234297958
gabisa tidur eh tl muncul video kebakaran bromo trs hmm dari tadi nahan bgt ngatain orang2 itu 😭,1.69985288151888E+018,2023-09-07 18:31:23+00:00,seokolober,1.07251213679282E+018,0,0,0,0,https://twitter.com/seokolober/status/1699852881518886938
drtd nyureng nyariin doxxing couple yg prewed bikin kebakaran bromo. naha sih gada yg spill? pengen silaturahmi,1.6998543688274E+018,2023-09-07 18:37:17+00:00,hwangnael,47310828,0,0,0,0,https://twitter.com/hwangnael/status/1699854368827404678
Kemaren ada info gunung semeru...  NANGIS BANGET SIH GUE MAH KALO GUNUNG BROMO KEBAKARAN PADAHAL CAKEP ITU 😭😭😭,1.69985906862892E+018,2023-09-07 18:55:58+00:00,sanwhwas,1.4359505957482E+018,0,0,0,0,https://twitter.com/sanwhwas/status/1699859068628922764
@NarasiNewsroom Sekalian yg bikin BROMO kebakaran jadiin Duta Bencana,1.69986328972614E+018,2023-09-07 19:12:44+00:00,me_racau,1.57184474587765E+018,0,0,0,0,https://twitter.com/me_racau/status/1699863289726148736
"Gw sebel bgt liat berita bromo kebakaran. Itu trs pas di awal, pas blum gede apinya, knp gk dimatiin !!? Konyol bgt, ignorant bgt jd orng, gk punya empati sama alam sekitar !?? 💔💔",1.69986988724049E+018,2023-09-07 19:38:57+00:00,wihenxite,2989844184,0,0,1,0,https://twitter.com/wihenxite/status/1699869887240499343
"@txtdrpemerintah Paling jadi duta kebakaran gunung, atau duta Bromo...",1.69987170123923E+018,2023-09-07 19:46:10+00:00,_jogja,202103783,0,0,0,0,https://twitter.com/_jogja/status/1699871701239230747
liat bromo kebakaran jadi keinget jirisan,1.69988856875024E+018,2023-09-07 20:53:11+00:00,kameiikato,1.3063035734168E+018,0,0,0,0,https://twitter.com/kameiikato/status/1699888568750240214
buat yang bikin kebakaran di bukit teletubbies bromo semoga jembutnya panas abadi,1.69989182042214E+018,2023-09-07 21:06:07+00:00,overdosheesh,7.53087948082511E+017,0,0,0,0,https://twitter.com/overdosheesh/status/1699891820422148138
"@dallioes @santrijbg tp emang sebelum kebakaran gara gara prewed ini, Bromo jg ngalamin kebakaran karena kemarau di akhir bulan lalu. di berita sekitar 600an Ha, dan baru padam di hari ke-5. itu sempet di tutup Savana Bromo. lalu kena lagi kebakaran karen prewed ini. dan sekarang tutup total",1.69990672733931E+018,2023-09-07 22:05:21+00:00,ciamiwwa,1.65075324380132E+018,0,1,1,75,https://twitter.com/ciamiwwa/status/1699906727339315342
"@jorinjah @tanyarlfes kesananya di awal awal tahun, Kak. pas setelah ada musim hujan. pas tengah tahun emang kering. ini aja sebelum kejadian ini udh kebakaran 600 hektar jg Bromo bulan kmrn karena kemarau",1.6999098157857E+018,2023-09-07 22:17:37+00:00,ciamiwwa,1.65075324380132E+018,0,0,0,0,https://twitter.com/ciamiwwa/status/1699909815785701539
"@alexjourneyID Ajg dikira bakal bagus sampe kebakaran bromo, anying ini ma butut jelek",1.69991226828752E+018,2023-09-07 22:27:22+00:00,akur3010,1.00473570737656E+018,0,0,0,1,https://twitter.com/akur3010/status/1699912268287529127
"@tanyarlfes Sampe sedih liat bromo kebakaran, gue kira karena sangking panasnya matahari. Taunya kelakukan para kucing garong",1.6999132341015E+018,2023-09-07 22:31:12+00:00,butiranjasjuss,41978009,0,0,0,0,https://twitter.com/butiranjasjuss/status/1699913234101502395
Oh ini foto yg buat bromo kebakaran? Jujur aja nih malah aneh sumpah dah dan biasa aja apalagi malah jadi ngerugiin bnyk org,1.69991413828858E+018,2023-09-07 22:34:48+00:00,ainascnrrmt,1.2351831356476E+018,0,0,0,6,https://twitter.com/ainascnrrmt/status/1699914138288582923
"Yg study tour ktnya mau ke bromo, tp bromonya kebakaran 🥹🥹",1.69991416678466E+018,2023-09-07 22:34:54+00:00,echonomee,1.26594250182475E+018,0,1,0,0,https://twitter.com/echonomee/status/1699914166784663753
@kegblgnunfaedh nah ini lebih baik dibanding bakar flare di Bromo ujung ujungnya kebakaran bukitnya,1.69991713404083E+018,2023-09-07 22:46:42+00:00,respati722,1.54715221763098E+018,0,0,0,0,https://twitter.com/respati722/status/1699917134040834492
"Pas otw balik ke sby kemarin dempet kepikiran, apa ke bromo dulu ya?"" Lah ternyata kebakaran :(( Semoga lekas pulih""",1.69991744053967E+018,2023-09-07 22:47:55+00:00,LahSangPrabu,9.34204715562278E+017,0,0,0,0,https://twitter.com/LahSangPrabu/status/1699917440539677083
"@tanyarlfes Efeknya panjang, bromo kebakaran luas, kawasan wisata ditutup, warga sekitar yg hidup dr pariwisata kehilangan pemasukan, trus yg jd tersangka cm manajer WO lah mempelainya gak ad minta maaf atau tanggung jawab sm sekali hadeuh",1.6999196029592E+018,2023-09-07 22:56:30+00:00,fajardjally,309602412,0,0,0,0,https://twitter.com/fajardjally/status/1699919602959200761
Fak. Itu kebakaran bromo demi foto prewed yang jeleknya kebangetan. Kok bisa-bisanya ntu orang jadi fotografer 😭,1.69992269206827E+018,2023-09-07 23:08:47+00:00,staycheese03,1354004467,0,0,0,1,https://twitter.com/staycheese03/status/1699922692068274554
"@ciamiwwa @dallioes Nahh betoullll kak, awalnya aku ngira itu masih sisa an kebakaran yg sebelumnya. Selain bromo, didaerah arjuno juga terjadi kebakaran di lerengnya.",1.69992376718582E+018,2023-09-07 23:13:03+00:00,santrijbg,1647904411,0,0,0,5,https://twitter.com/santrijbg/status/1699923767185821875
@RagilSemar @Kangjaill knp ke bromo yoh bocah2 kuwi.. ?? jd kebakaran kan... harusnya ke IKN saja acaranya wkwkkwk...,1.69993061958804E+018,2023-09-07 23:40:17+00:00,DermagaGarely,1.51369455244372E+018,0,1,0,2,https://twitter.com/DermagaGarely/status/1699930619588047113
@ipoksamidub Ada inisial nama dan asal kotanya di link berita ini dan usia mereka tergolong sudah bukan ABG lagi loh yg melakukan photo prewed yg memicu kebakaran di bromo,1.69993159602203E+018,2023-09-07 23:44:10+00:00,goonjol,3023096556,0,0,0,1,https://twitter.com/goonjol/status/1699931596022030558
Anj sedih bgt gw liat Bromo kebakaran gara2 org tlol. Gw yakin nikahan nya jd beban sih at least ada yg bully2 🤣,1.69993877017342E+018,2023-09-08 00:12:40+00:00,balance__sheet,2291323392,0,0,0,0,https://twitter.com/balance__sheet/status/1699938770173427778
@cici_cimol @tanyarlfes itu yg bikin kebakaran bromo?? bjirrr jelek bener fotonya,1.69993887361339E+018,2023-09-08 00:13:05+00:00,skysatur,2946795998,0,1,0,0,https://twitter.com/skysatur/status/1699938873613398401
Foto jelek bikin kebakaran berhektar hektar di Bromo. Bromo ditutup hilangin mata pencaharian di sana. Guoblooook,1.69993919675522E+018,2023-09-08 00:14:22+00:00,bayuanggara08,419351448,0,0,0,0,https://twitter.com/bayuanggara08/status/1699939196755222870
"@jeybaiwin Bukit Teletubbies Bromo kebakaran, ya salah BWS",1.69994191756243E+018,2023-09-08 00:25:11+00:00,bacaaubw_,1.66963882112491E+018,0,1,0,0,https://twitter.com/bacaaubw_/status/1699941917562437690
mending sih. dibanding ngerusak alam dengan nyalan flare buat foto-foto di Savana dan menyebabkan kebakaran di Bromo. Mematikan bisnis wisata di sana dan mematahkan hati semua wisatawan yg udh buang waktu dan biaya buat pergi ke Bromo #yhaaaa,1.69994343475956E+018,2023-09-08 00:31:12+00:00,hcwantmilk,1.36569619184599E+018,0,1,1,0,https://twitter.com/hcwantmilk/status/1699943434759569873
"Gw beneran jadi inget drama JIRISAN. Terlepas dari pembuat kebakaran yg SALAH BANGET, untuk gunung sefamous bromo kita blm punya tim ranger yg sigap nanganin hal yg kayak begini ya 🥺 maksudnya sebelum kebakarannya jadi meluas gini. Sedih banget liat dampaknya 💔",1.69994354342567E+018,2023-09-08 00:31:38+00:00,bubbblesish,106036433,0,0,0,0,https://twitter.com/bubbblesish/status/1699943543425675429
"@nizyuo JELEK BANGETTT DAN MAKSUDNYA GIMANA DAHHH ITU. GA SEPADAN SAMA TEMPATNYA YANG KEBAKARAN.  Kualitasnya juga jelek banget dan konsep nya ga jelas pake hand flare segala. Gunung bromo secantik itu tapi milih tempat malah yang kek begini. Kocak, norak, stress.",1.69994368713923E+018,2023-09-08 00:32:13+00:00,warrenhuew,1.1273879487673E+018,0,0,0,0,https://twitter.com/warrenhuew/status/1699943687139238036
"manusiaaaaa egois bgt bromo sampe kebakaran gt, mana hasil fotonya b aja😭👈",1.69994423642534E+018,2023-09-08 00:34:24+00:00,ihginnnn,1.12120336401489E+018,0,1,0,1,https://twitter.com/ihginnnn/status/1699944236425347098
"@alexjourneyID Ngapa otaknya pada ngarah ke Korut sih, yg kebakaran Bromo yg diserempet Korut 🇰🇵",1.69994526847158E+018,2023-09-08 00:38:30+00:00,exnyahanjisup29,46384013,0,0,0,0,https://twitter.com/exnyahanjisup29/status/1699945268471583132
"Udah mah bikin ulah sampe kebakaran di Bromo, hasil fotonya juga ternyata jelek gini etdah 😭",1.69994822630314E+018,2023-09-08 00:50:15+00:00,dindoyaaaaah,59004196,0,1,0,0,https://twitter.com/dindoyaaaaah/status/1699948226303148329
@kegblgnunfaedh Hasil fotonya lebih bagus dari yang bikin flare asli sampe bikin bromo kebakaran 🤣😭,1.6999487308192E+018,2023-09-08 00:52:15+00:00,i_am_1014,1.03341183556153E+018,0,0,0,1,https://twitter.com/i_am_1014/status/1699948730819207281
@tanyarlfes Loh bromo kebakaran karna flare? Kirain emang fenomena alam dan kebetulan kemarau. Ada ada aja manusia yak,1.69994880214752E+018,2023-09-08 00:52:32+00:00,MrFuntastc,1108986014,0,0,0,0,https://twitter.com/MrFuntastc/status/1699948802147524610
"Mending gini, pinter hasil bagus daripada di bromo malah bikin kebakaran 😭😭😭",1.69994907236979E+018,2023-09-08 00:53:37+00:00,Catcipp,1.03330247238148E+018,0,0,0,0,https://twitter.com/Catcipp/status/1699949072369791251
"@kevinpramudya_ Fotonya akan dikenang pas punya anak, “ini lho mama papa yang buat kebakaran 50 hektar di bromo, nak”",1.69995075002848E+018,2023-09-08 01:00:17+00:00,ProCuddler_,442449980,1,0,0,2,https://twitter.com/ProCuddler_/status/1699950750028484648
"@tanyarlfes sorry to say, entah skill fotografernya ato emang konsepnya yang jelek, ato pose yg lagi prewed yg aneh, hasilnya dimataku jadi jelek ehehe maaf bgt. Dan jadi lebih jelek lagi dimataku pas tau klo krn mereka bromo jdi kebakaran hebat:) orang bodoh.",1.69995245083553E+018,2023-09-08 01:07:02+00:00,aquamarinewt,1.69463300481008E+018,0,0,0,0,https://twitter.com/aquamarinewt/status/1699952450835534181
Itu beneran kebakaran yang di bromo gara2 foto prewed?,1.69995295148436E+018,2023-09-08 01:09:01+00:00,ohshitufindme,136909272,0,0,1,0,https://twitter.com/ohshitufindme/status/1699952951484363122
"@tanyarlfes Oh jadi ini nih hasil dari kebakaran di bromo, kirain hasil foto nya wow tau nya mah b aja wkwkwk",1.69995467561177E+018,2023-09-08 01:15:52+00:00,zizasaaa,338803968,0,0,0,1,https://twitter.com/zizasaaa/status/1699954675611775053
"@dallioes @kaqabutan parah sih ini, ga cuma penjara, tapi harus denda rehab kondisi lingkungan bromo pasca kebakaran😭 kok bisa pake konsep yg ngebahayain lingkungan sih njir. kawal prewed perusak kebakaran bromo sampe sel tahanan!!",1.69995508713587E+018,2023-09-08 01:17:31+00:00,nieve_e,103479776,0,0,0,6,https://twitter.com/nieve_e/status/1699955087135879177
"dah fotonya jelek, bikin kebakaran lg, kzl bgt bikin gjdi ke bromo😤",1.69995565907543E+018,2023-09-08 01:19:47+00:00,atulmghfrh,625260724,0,0,0,0,https://twitter.com/atulmghfrh/status/1699955659075432489
"Cuma penasaran aja. Itu yang kemaren prewed di Bromo sampe bikin kebakaran, akhirnya nanti mereka jadi wedding beneran ga ya?",1.69995682070464E+018,2023-09-08 01:24:24+00:00,tebehimovic,79131841,0,0,0,0,https://twitter.com/tebehimovic/status/1699956820704649497
Bikin bromo kebakaran lberhektar-hektar,1.69995714518865E+018,2023-09-08 01:25:41+00:00,juwitapalgunadi,42006707,0,0,0,0,https://twitter.com/juwitapalgunadi/status/1699957145188655481
Foto prewedding di bromo ribet2 bikin kebakaran hasilnya jele. Udah paling bener foto prewedding mah di braga,1.69995788816757E+018,2023-09-08 01:28:38+00:00,marieregaI,1.20828083311243E+018,0,0,0,0,https://twitter.com/marieregaI/status/1699957888167579750
"ajig sakit masi gapercaya kebakaran gunung bromo arjuno sumbing gara orang prewed""",1.69995820734575E+018,2023-09-08 01:29:54+00:00,versasye,1.06447896264087E+018,0,2,0,3,https://twitter.com/versasye/status/1699958207345754478
"Oh iyah foro prewed yang menyebabkan kebakaran bromo,  gak ada Bagus2 nya",1.69995822657252E+018,2023-09-08 01:29:59+00:00,Chelsvi,1.50557497072617E+018,0,0,0,0,https://twitter.com/Chelsvi/status/1699958226572525661
ITU KASUS DI BROMO EH ANJING BGT OKNUM2NYA UDH TAU KEBAKARAN GITU MALAH NYANTAI BGT ANJINGGGGGGGGG semoga lu semua oknum diganggu penghuni bromo anjg seumur hidup,1.69995883174338E+018,2023-09-08 01:32:23+00:00,markeupolo,1.29104781575013E+018,0,1,0,0,https://twitter.com/markeupolo/status/1699958831743381658
"Sebagai cewek yang akhir akhir ini suka menyatu dengan alam (tsaaahhh...) gw bencik banget sama semua yg terlibat kebakaran savana di Bromo. Lu pada kalo mau foto pake flare tuh di stadion pas persija sama persib lagi tanding, lebih masuk konsepnya. 🙏🏻",1.69995982729499E+018,2023-09-08 01:36:21+00:00,EkaMartha_,1360695613,0,0,0,0,https://twitter.com/EkaMartha_/status/1699959827294994441
Dimana kasus e kok asap semua Ada yg gara2 preweed pasangan anjing bromo jadi kebakaran. Ada yg di rempang pengambilan lahan dengan gas air mata Ada juga samping rumah tiap bakar² sampah Cek senengmen ngisep beluk,1.69996093031734E+018,2023-09-08 01:40:44+00:00,Irham_Muchamad,2832792276,0,0,0,0,https://twitter.com/Irham_Muchamad/status/1699960930317340863
@SangGuru2471 Awalnya sudah menimbulkan kehebohan.. sanpai kawasan bromo kebakaran,1.69996177681591E+018,2023-09-08 01:44:06+00:00,NyaiiBubu,1.21989022493678E+018,0,1,0,1,https://twitter.com/NyaiiBubu/status/1699961776815919157
ngeliat bromo kebakaran kok bisa teledor bgt yg prewed disana☹️ pagi2 dah ngomel2 :),1.69996280002061E+018,2023-09-08 01:48:09+00:00,jenniferhannaa_,7.75188366342041E+017,0,5,5,72,https://twitter.com/jenniferhannaa_/status/1699962800020611326
"Buat orang yang suka jalan ke gunung, peristiwa foto PreWed di Bromo yang pake flare dan menyebabkan kebakaran sangat sangat menyebalkan buat saya.",1.69996387481511E+018,2023-09-08 01:52:26+00:00,beaglejumper,47858942,0,1,0,0,https://twitter.com/beaglejumper/status/1699963874815119417
Gregetan sama berita bromo kebakaran. Orang kok nggak mikir blas,1.69996527028105E+018,2023-09-08 01:57:58+00:00,couldntfeel,290972134,0,0,0,0,https://twitter.com/couldntfeel/status/1699965270281052313
@kegblgnunfaedh Mending gini drpda gaya2 an di bromo malah kebakaran,1.6999657236812E+018,2023-09-08 01:59:47+00:00,MonSoleilV,1.1573019011819E+018,0,0,0,0,https://twitter.com/MonSoleilV/status/1699965723681202608
Itu yg foto prewed di bromo sampe jdi kebakaran kok tholol bgt yak astaga,1.69996621755627E+018,2023-09-08 02:01:44+00:00,leeacloud,1.15109972419728E+018,0,1,0,0,https://twitter.com/leeacloud/status/1699966217556275254
"@anomharya Kenapa pake nulis Kalian yg cuma duduk manis baca twit ini mungkin merasa biasa aja."" Ya maap kalo gw ngga bisa bantu banyak. Makasih abangnya udah ngga bisa duduk manis twitteran gegara kebakaran di Bromo. Saya cuma bisa sampaikan turut prihatin.""",1.69996648639017E+018,2023-09-08 02:02:48+00:00,aimsshahrie,85605402,0,0,0,11,https://twitter.com/aimsshahrie/status/1699966486390173811
"Guys cepetan bikin meme tentang WO yang gak sengaja buat daerah Bromo kebakaran, perkara buat vidio prewed pake api.   Pengen komen dia, mau bilang  MAMPOS!!!",1.69996710338067E+018,2023-09-08 02:05:15+00:00,HafazSiSora,261970221,0,0,0,0,https://twitter.com/HafazSiSora/status/1699967103380672763
@0tk0il Bromo kebakaran demi foto jelek kaya gini?,1.69996742190037E+018,2023-09-08 02:06:31+00:00,RakadotID,1.24664672040807E+018,0,0,0,8,https://twitter.com/RakadotID/status/1699967421900378257
@nipehnipeh_ Wkwkwk.. lagian sok gaya banget prewed d Bromo pake asep2. Bikin kebakaran yg repot semua orang. 🥲,1.69996744676831E+018,2023-09-08 02:06:37+00:00,detii0730,102844413,0,1,0,0,https://twitter.com/detii0730/status/1699967446768312598
"Bromo kebakaran segitu parahnya, penghijauannnya susah lagi",1.69996746403634E+018,2023-09-08 02:06:41+00:00,viridescentsun,1.32642798350732E+018,0,0,0,0,https://twitter.com/viridescentsun/status/1699967464036348323
Rekane meh holidey tekan bromo malah kebakaran,1.69996821788691E+018,2023-09-08 02:09:41+00:00,Roiskrnwan,7.30657071578775E+017,0,0,0,0,https://twitter.com/Roiskrnwan/status/1699968217886916852
w blm ke bromo tp udh kebakaran aja:(,1.69996892520596E+018,2023-09-08 02:12:30+00:00,notyourrrcrush,1.29156316186312E+018,0,0,0,0,https://twitter.com/notyourrrcrush/status/1699968925205963002
@5ync0 @txtdrimedia Ini ya yang bikin kebakaran di bromo?,1.69996927103052E+018,2023-09-08 02:13:52+00:00,andigitaldiary,1.47914165697258E+018,0,1,0,34,https://twitter.com/andigitaldiary/status/1699969271030526454
"Bromo kebakaran karena adanya photo session pre weed pake flare, cuman 1 pertanyaan gue, asap flare dalam foto pasangan itu melambangkan apa ya maksudnya  yaak? #qgbacotsantuy",1.69996934396949E+018,2023-09-08 02:14:10+00:00,qorygore,194856182,35,831,123,2075,https://twitter.com/qorygore/status/1699969343969497209
"gara-gara beginian, bukit telletubbies bromo kebakaran sampai 5 hari.... kampret nih orang-orang, nikah belum udah bikin mudarat....",1.69997038561648E+018,2023-09-08 02:18:18+00:00,hank_jkt,181899953,0,0,0,0,https://twitter.com/hank_jkt/status/1699970385616482804
"Selamat hari Jumat untk semua org kecuali org yg prewed pake flare di bromo bikin kebakaran, semoga setiap malammu sepanas siang hari di lampu merah royal 😡",1.69997046927606E+018,2023-09-08 02:18:38+00:00,prischamutiara,43046044,0,4,3,8,https://twitter.com/prischamutiara/status/1699970469276061712
@tanyarlfes Jadi Duta gunung bromo gak niih ?? apa Duta kebakaran ?,1.6999710001911E+018,2023-09-08 02:20:45+00:00,Rizki_realty,1.59348337852266E+018,0,0,0,0,https://twitter.com/Rizki_realty/status/1699971000191103249
"@qorygore Kalau tidak ada api maka gak akan ada juga asap, jadi begitulah kisah cinta mereka ibarat flare dan kebakaran bromo",1.699971833679E+018,2023-09-08 02:24:03+00:00,Ihan_Farhan,269097988,0,0,0,0,https://twitter.com/Ihan_Farhan/status/1699971833679003821
Baca berita kebakaran Bromo mikir ini sengaja apa gimana si kok bisa kepikiran bawa flare di daerah kering gitu,1.69997197317734E+018,2023-09-08 02:24:37+00:00,radityoaw,47657326,0,0,0,0,https://twitter.com/radityoaw/status/1699971973177348488
@tanyarlfes Oh ini penyebab kebakaran di bromo,1.69997206574146E+018,2023-09-08 02:24:59+00:00,speachace,1862760085,0,0,0,0,https://twitter.com/speachace/status/1699972065741463581
@tanyarlfes Otak di pantat ya kayak gitu Wedding kok ngerusak  Dasar memang nggak ada otak Sudah tau kebakaran kok Yo tetep santai aja  Rusak semua itu alam Bromo gara gara mereka  Dipenjara aja itu bagusnya biar kapok nggak punya otak memang,1.69997353100471E+018,2023-09-08 02:30:48+00:00,PedroKuntoro,1.50133632130597E+018,0,0,0,0,https://twitter.com/PedroKuntoro/status/1699973531004710996
ya Allah semoga baik2 sahaja kebakaran Gunung Bromo dah la dalam bucket list  (,1.69997393196341E+018,2023-09-08 02:32:24+00:00,faezahana,302117598,0,1,0,1,https://twitter.com/faezahana/status/1699973931963412604
bromo kebakaran untuk foto jelek kaya begini anying lah,1.69997476721294E+018,2023-09-08 02:35:43+00:00,scropius,1.17158465450517E+018,0,1,0,0,https://twitter.com/scropius/status/1699974767212949698
"Bromo cantik banget, pas tau kebakaran sumpah benci banget sama WO nya",1.69997804605143E+018,2023-09-08 02:48:44+00:00,NabilaAudira,1.40280850367729E+018,0,0,0,0,https://twitter.com/NabilaAudira/status/1699978046051430415
"Ini yg kena kan sampe skrg cuma WO nya aja ya. Nanti kalo jadi nikahannya trus foto ini dipajang, gimana ya perasaannya diomongin ibu2 di kondangan tp bukan masalah make up, baju, katering, tp “oow ini yg bikin bromo kebakaran”",1.69997854789983E+018,2023-09-08 02:50:44+00:00,OghieGigs,66542749,0,1,0,0,https://twitter.com/OghieGigs/status/1699978547899834473
"@alexjourneyID @infowiddy habis itu foto baby bornnya di bromo, terus bikin kebakaran lagi",1.6999789493325E+018,2023-09-08 02:52:20+00:00,hellobbyiii,9.20885397952929E+017,0,0,0,2,https://twitter.com/hellobbyiii/status/1699978949332508889
"@tanyarlfes Definisi usaha mengkhianati hasil. Udahlah bawa flare, bikin kebakaran 5 hektar di Bromo, hasilnya kek jepretan emak2 yg lagi nemenin anaknya wisata.",1.69998171402477E+018,2023-09-08 03:03:19+00:00,kaummarjinall,1.36938399977321E+018,0,0,0,0,https://twitter.com/kaummarjinall/status/1699981714024779915
"Bromo menjadi trending topik dari kemarin. Penyebabnya karena banyak netizen yang bereaksi atas kejadian terbakarnya bukit teletubbies di kawasan gunung Bromo. Menurut informasi yang berseliweran di lini masa @X, kebakaran tersebut berawal dari beberapa orang yang sedang-",1.69998235906258E+018,2023-09-08 03:05:53+00:00,lontara_app,1.35727357659692E+018,0,1,0,0,https://twitter.com/lontara_app/status/1699982359062585782
Anjir gila bgt bromo kebakaran gede grgr ada yg foto prewednya pake flare🥲,1.69998293509148E+018,2023-09-08 03:08:10+00:00,sketsacorner,1.30517519111108E+018,1,0,0,0,https://twitter.com/sketsacorner/status/1699982935091482667
@KompasTV ke media kompas kali  simpatinya...bhuahahaha   Cak kompas...sampeyan nih demeen banget mainan flare buat prewed yoo? biar kebakaran yaaa ....kayak di gn bromo,1.69998354416731E+018,2023-09-08 03:10:35+00:00,DermagaGarely,1.51369455244372E+018,0,0,0,0,https://twitter.com/DermagaGarely/status/1699983544167317873
@kevinpramudya_ hasil foto jelek kayak gini sampe bikin bromo kebakaran,1.69998443485297E+018,2023-09-08 03:14:08+00:00,samueIandrew,1.64019738847125E+018,0,0,0,0,https://twitter.com/samueIandrew/status/1699984434852974946
Ngentot Bromo jadi kebakaran gegara konsep prewed tolol yang hasil fotonya aja gabagus tolol tolol,1.69998481619496E+018,2023-09-08 03:15:39+00:00,milksundayss,1.36848903028375E+018,0,0,0,0,https://twitter.com/milksundayss/status/1699984816194961611
fakk demi poto elek ngono iki sampe bromo kebakaran,1.69998523269769E+018,2023-09-08 03:17:18+00:00,Ulyplss,1.54126659069583E+018,0,0,0,0,https://twitter.com/Ulyplss/status/1699985232697696380
"@dita_marchu Wkwkwkkw iyo ancen mak, wes lama vakum tapi aku hahaha Saiki buka tweet gara2 kepo kasus kebakaran bromo hahahah",1.69998620884218E+018,2023-09-08 03:21:11+00:00,dniarmandha,7.42653150654406E+017,0,1,0,0,https://twitter.com/dniarmandha/status/1699986208842186961
@tanyarlfes Bromo kebakaran demi foto jele ini 🙂,1.69998781747524E+018,2023-09-08 03:27:34+00:00,RakadotID,1.24664672040807E+018,0,0,0,0,https://twitter.com/RakadotID/status/1699987817475244305
"bangsaaaaaat blm aja ke bromo wes kebakaran, cok",1.69998865341266E+018,2023-09-08 03:30:53+00:00,leecozyplace,1.06835190925209E+018,0,1,0,0,https://twitter.com/leecozyplace/status/1699988653412667813
@pendakilawas Malu bgt pas resepsi. Org2 pda nyeletuk. Oh ini pernikahan yg ngakibatin Bromo kebakaran,1.6999892195598E+018,2023-09-08 03:33:08+00:00,minguukv,1.31370035058761E+018,0,0,0,2,https://twitter.com/minguukv/status/1699989219559805106
"@kegblgnunfaedh Lah bagus ini, jadi bersih... Daripada main api bikin kebakaran hutan Bromo...",1.6999903998579E+018,2023-09-08 03:37:50+00:00,dakups,219650907,0,1,0,0,https://twitter.com/dakups/status/1699990399857901741
"Ni yg prewed di bromo sampe kebakaran, mending prewed di salju begini dah 👍",1.69999230780491E+018,2023-09-08 03:45:25+00:00,mytule,62209946,0,0,0,0,https://twitter.com/mytule/status/1699992307804917994
"tapi beneran dah yang prewed di bromo, semuanya, ampe ngebakar lahan berhektar-hektar itu gobloknya nggak ketulungan. masa iya nggak kepikiran bahaya sih kalo flare-nya bakal bikin kebakaran, udah gitu waktu apinya masih kecil nggak ada yang berusaha buat matiin. asli guoblok 😂",1.69999473198671E+018,2023-09-08 03:55:03+00:00,ikramarki,26541119,0,5,24,31,https://twitter.com/ikramarki/status/1699994731986718921
"itu yang bikin bromo kebakaran gara2 make flare buat keperluan prewed ditangkap terus penjarakan+ganti rugi, suruh pake uang tabungan nikah mereka. Mau siap2 ngentot legal kok malah bakar lingkungan iki piye. You pikir you Taeyeon di video clip Why pake flare2 segala?",1.69999605934548E+018,2023-09-08 04:00:19+00:00,Adysaurus,185034325,0,0,0,3,https://twitter.com/Adysaurus/status/1699996059345486319
Ngeliat bromo kebakaran jadi nyesel kenapa ngga lanjut ke bromo waktu kemarin ke kota batu 😔,1.6999968601556E+018,2023-09-08 04:03:30+00:00,fajrimuf,940824811,0,0,0,0,https://twitter.com/fajrimuf/status/1699996860155605380
@askDika Kalo mereka approve ya mereka tetep slaah lah lmao Di bromo udah ada beberapa kebakaran sebelum hari ini Logikannya dipake lah,1.69999739638063E+018,2023-09-08 04:05:38+00:00,Pencari___ilmu,1.44050920039681E+018,0,0,0,0,https://twitter.com/Pencari___ilmu/status/1699997396380639600
@kaqabutan @tanyarlfes Oh gegara ini Bromo jadi kebakaran nya??,1.69999829594979E+018,2023-09-08 04:09:12+00:00,ragamaruu,7.62347645444632E+017,0,0,0,0,https://twitter.com/ragamaruu/status/1699998295949795730
"@hazumidayo Bukit lebih tepat nya yg menjalar ke gunung Bromo. Btw tidak hanya gunung Bromo , gunung Arjuna juga lagi kebakaran karena pemburu ilegal",1.69999847830966E+018,2023-09-08 04:09:56+00:00,YogainSaja,1.60350647829149E+018,0,0,0,0,https://twitter.com/YogainSaja/status/1699998478309667054
fakmen buat org yg prewed di bromo sampe jd kebakaran.... ga bertanggung jawab!!! idup nya pasti ga bakal tenang!!!,1.69999985429286E+018,2023-09-08 04:15:24+00:00,bloominvah,1.41564040470419E+018,0,0,0,0,https://twitter.com/bloominvah/status/1699999854292869121
"lihat berita orang foto prewed di Bromo malah bikin kebakaran jadi kepikiran, ada ga sih yg prewed pake AI style, jadi sengaja diedit seakan-akan buatan AI, jarinya ada 6 misalnya.  trus banyak main smudge, kinclong.   Kan lucu juga tuh hehe.",1.70000061911187E+018,2023-09-08 04:18:26+00:00,dessssssssy,50238098,0,0,0,0,https://twitter.com/dessssssssy/status/1700000619111874701
"emang bahaya ege prewed di Bromo, bisa nimbulin kebakaran hati alis hati panas kalau liat poto lu ama dia weh jiakh",1.70000241577546E+018,2023-09-08 04:25:35+00:00,aiduesiol,111793636,0,0,0,0,https://twitter.com/aiduesiol/status/1700002415775465591
aaaa aku ngebet mau ke bromo akhir tahun eh tbtb bromo kebakaran😭😭😭😭,1.70000302239764E+018,2023-09-08 04:27:59+00:00,hccneydews,1.44337891925251E+018,0,1,0,0,https://twitter.com/hccneydews/status/1700003022397645063
"Bapak ku pas tak tunjukin berita Bromo terbakar:  Bagus kok hasil fotonya. Saking bagus sampe satu gunung kebakaran. Orang mana sih? Bloon banget""  Semua orang emosi 😭""",1.7000059474382E+018,2023-09-08 04:39:37+00:00,lovincham,9.77746064068366E+017,0,0,0,1,https://twitter.com/lovincham/status/1700005947438207209
"Pas liat galeri foto pre wedding pakai flare di Bromo yang bikin kebakaran. Yg ada di pikiran : Serius hasil fotonya begitu doang?""  😗 kok ya berani terima job foto pre wedding""",1.7000064685008E+018,2023-09-08 04:41:41+00:00,a17nphotography,83853900,0,1,0,1,https://twitter.com/a17nphotography/status/1700006468500803771
"@kufinangkau @lail_23 @_4dinata @detikcom Bakal malu juga si jadi bahan omongan di lingkungan ya pasti udah heboh, oh itu ya yg prewed nya bikin kebakaran bromo, Jejak digital sampe anak cucu,, Eh itu emak bapak lu ya yg dlu prewed nya bikin kebakaran di bromo",1.70000735263905E+018,2023-09-08 04:45:12+00:00,penikmatkoppi22,1.27927278589892E+018,0,1,0,0,https://twitter.com/penikmatkoppi22/status/1700007352639058391
@Heraloebss Tenang kak hera. Justru Bromo akan tambah indah setelah nanti efek kebakaran ini hilang. Vegetasi baru dengan tunas-tunas baru akan datang,1.70000800125467E+018,2023-09-08 04:47:46+00:00,AndosKratos,1.51735497284887E+018,0,0,0,0,https://twitter.com/AndosKratos/status/1700008001254674863
Itu orang yang bikin kebakaran di Bromo kira-kira masih bisa becanda sama lanjutin rencana pernikahannya juga nggak ya. Sebel banget gueeee,1.70000812800234E+018,2023-09-08 04:48:16+00:00,alfanowi,53081644,0,0,0,0,https://twitter.com/alfanowi/status/1700008128002347039
Khutbah Jumat hari ini: 'Hukum Foto Pre Wedding dari Perspektif Agama. (Studi Kasus: Kebakaran Bromo),1.70001114585017E+018,2023-09-08 05:00:16+00:00,MiskinTV_,1.43775032670719E+018,0,8,1,19,https://twitter.com/MiskinTV_/status/1700011145850175539
@qorygore Mereka foto pake flare melambangkan SOS bahwa di Bromo terjadi kebakaran bang qor,1.70001341256533E+018,2023-09-08 05:09:16+00:00,gerriikran08,1.52010244182754E+018,0,0,0,0,https://twitter.com/gerriikran08/status/1700013412565336209
Hasil foto orang prewed yg bikin bromo kebakaran jelek banget asli!,1.70001350501611E+018,2023-09-08 05:09:38+00:00,mastengpirang,403372021,0,0,1,0,https://twitter.com/mastengpirang/status/1700013505016119450
@risesknight121 niat prewed malah jadi musibah kebakaran bromo😭,1.70001557502265E+018,2023-09-08 05:17:52+00:00,gudanglifehack,1.57975492960586E+018,0,1,1,6,https://twitter.com/gudanglifehack/status/1700015575022653704
Kebakaran hutan di gunung bromo dikarenakan ada photoshoot prewedding. Gila sih. Sedih gak klen.,1.70001972714419E+018,2023-09-08 05:34:22+00:00,lampumesjid,117295261,0,0,0,0,https://twitter.com/lampumesjid/status/1700019727144198386
"@kegblgnunfaedh Duta Bromo? Duta kebakaran? Duta flare? Duta prewed?  hmm, duta apa lagi yang terbuka kemungkinannya..?",1.70002039832958E+018,2023-09-08 05:37:02+00:00,ndrosubiyanto,34588976,0,7,0,10,https://twitter.com/ndrosubiyanto/status/1700020398329585922
@BarengApp @kegblgnunfaedh Oh ini tampang 2 sejoli bodoh yg bikin bromo kebakaran??,1.7000219519837E+018,2023-09-08 05:43:12+00:00,ZieTamzil,184361854,0,0,0,1,https://twitter.com/ZieTamzil/status/1700021951983706596
"@detikcom Percuma kalau yg di foto gk jadi tersangka, kan mereka yg minta ke bromo, harusnya jadi tersangka, kalau mereka pakai otak harusnya juga tau bakal kebakaran, orang kaya koruptor ya gini asal aja gk paki otak kaya halal aja duit ya, semoga anaknya cacat",1.70002250972545E+018,2023-09-08 05:45:25+00:00,GocEkk24,1.262458088185E+018,0,0,0,0,https://twitter.com/GocEkk24/status/1700022509725454646
"@anomharya @infomalang Bromo kebakaran, anjing  pembuat ulahnya santai2 bae..",1.70002301759281E+018,2023-09-08 05:47:26+00:00,Kemal2sk,80519426,0,0,0,0,https://twitter.com/Kemal2sk/status/1700023017592815783
"hadirin sidang jumat yg ingin melangsungkan pernikahan, gpp banget kok foto prewedding cuma nunjuk awan, daripada bromo kebakaran",1.70002313689139E+018,2023-09-08 05:47:55+00:00,usaisudahhh,1.11632813705319E+018,0,9,20,75,https://twitter.com/usaisudahhh/status/1700023136891392013
"@tanyarlfes Gara2 elu dan fantasi tolol lu yg mau jadi survivor zombie pake bawa2 flare segala, Bromo kita semua jadi kebakaran 😭",1.70002343639398E+018,2023-09-08 05:49:06+00:00,cakeuuplah,1.41246367754296E+018,0,0,0,0,https://twitter.com/cakeuuplah/status/1700023436393984213
njir ngeri bgt yg prewed di bromo trs kebakaran tp mala diem ae gajelas asli,1.70002361340626E+018,2023-09-08 05:49:49+00:00,ninskyyyf,1.37382337231277E+018,0,0,0,0,https://twitter.com/ninskyyyf/status/1700023613406261448
@valiisaa intinya tlol banget dah tau musim kemarau malah nyalain flare di bromo jadinya kebakaran😭,1.70002414665747E+018,2023-09-08 05:51:56+00:00,risesknight121,1.02671452536024E+018,0,0,0,11,https://twitter.com/risesknight121/status/1700024146657476964
Fuck gara gara foto jelek ini gunung bromo kebakaran !!!!,1.70002459217641E+018,2023-09-08 05:53:42+00:00,ikopangestii,1920072422,0,0,0,0,https://twitter.com/ikopangestii/status/1700024592176411059
Kejadian kebakaran bukit teletubies di Bromo harusnya tidak akan terjadi jika fotografer atau klien tidak sekedar menyodorkan ide tanpa mikir produksinya akan serumit dan level bahaya.,1.70002487819018E+018,2023-09-08 05:54:50+00:00,myrockinphotos,26975686,0,1,0,1,https://twitter.com/myrockinphotos/status/1700024878190186881
"Sumpah gua dari kemaren gak berhenti misuh2 liat pasangan tolol ini,,,kok yah bisa2 nya prweed di tempat yang udah tau kondisi nya rawan malah pake flare dan alhasil bikin bromo kebakaran dan sampe sekarang api nya belum padam dan malah makin gede gua doain lu di penjara",1.70002507237396E+018,2023-09-08 05:55:36+00:00,Flowerbbyso,1.24425953617464E+018,0,0,0,0,https://twitter.com/Flowerbbyso/status/1700025072373961034
Manusia tolol satu lagi yang menyebabkan kebakaran gn Bromo.,1.70002554598633E+018,2023-09-08 05:57:29+00:00,ricx066,526944272,0,0,0,0,https://twitter.com/ricx066/status/1700025545986339259
@kegblgnunfaedh jadi duta kebakaran jalur bakar gunung bromo teletubbies,1.70002692944392E+018,2023-09-08 06:02:59+00:00,asahasuhasih,1.30108814109735E+018,0,0,0,0,https://twitter.com/asahasuhasih/status/1700026929443926090
@justgoaway0k Henry: BROMO LAGI KEBAKARAN U NGAPAIN KESANA HEH [sambil panik nelponin paspampres],1.70003021547147E+018,2023-09-08 06:16:03+00:00,josumett,1.5365692870913E+018,0,0,0,4,https://twitter.com/josumett/status/1700030215471476873
"@tanyarlfes Gw pernah kebagian spot kebakar gini njir waktu ke bromo, kek taik banget, dah di planning 2 bulan sebelumnya, pas mau kesana bekas kebakaran. View bagusnya jadi gadapaet di bukit Teletubbies nya weii,",1.70003401465522E+018,2023-09-08 06:31:08+00:00,WhizhList,1.07760037441502E+018,0,0,0,0,https://twitter.com/WhizhList/status/1700034014655221964
"Liat berita yg gunung bromo kenakaran gra2 foto prewed, kesel bngt liatnya. Udh mah hasilnya jelek, bkin kebakaran jg. Apa ga mikir itu sekeliling kering bngt gtu tanemannya, trus skrng lg musim kemarau, kek ih bodoh banget kesel",1.70003426213172E+018,2023-09-08 06:32:07+00:00,shiawaseien,1.5533759356214E+018,0,0,0,0,https://twitter.com/shiawaseien/status/1700034262131724446
@kevinpramudya_ Aku yg dulu pass Prewed di Bromo juga gabisa naik gegara tetiba kebakaran dan badai pasir. Emang musim kemarau disana tuh gapake api aja gampang banget kebakar apalagi yg pake api gini 🙃,1.70003603345344E+018,2023-09-08 06:39:10+00:00,blacklist_era,617888743,0,0,0,2,https://twitter.com/blacklist_era/status/1700036033453449640
GARA-GARA KETOLOLAN MANUSIA BROMO JADI KEBAKARAN! 🤬,1.70003705777374E+018,2023-09-08 06:43:14+00:00,bknunyl,72832020,0,0,0,0,https://twitter.com/bknunyl/status/1700037057773748420
Savana bromo kebakaran cm grgr orang foto prewed. Konyol bgt gangerti lg,1.70003760234125E+018,2023-09-08 06:45:24+00:00,pitikcilikk,1.28469295972039E+018,0,1,0,0,https://twitter.com/pitikcilikk/status/1700037602341257341
manusia jama skrg knp pada unik2 bgt ya... prewed di bromo.. malah bikin kebakaran.. polusi lagi.. rusak alam lagi.. hasil fotonya juga.. aduh 😭,1.7000437917121E+018,2023-09-08 07:09:59+00:00,jxbutera,1.2324696115572E+018,0,0,0,0,https://twitter.com/jxbutera/status/1700043791712100861
alamat setelah kasus bromo kebakaran gegara prewed bakal ketat ijin masuk kawasan taman nasional bromi tengger semeru,1.70004567713552E+018,2023-09-08 07:17:29+00:00,sudjati,53904630,0,0,0,0,https://twitter.com/sudjati/status/1700045677135528129
Bromo seng kebakaran kok seng panas gresik?????,1.70004673796739E+018,2023-09-08 07:21:42+00:00,frlynad,1.67969615222734E+018,0,0,0,0,https://twitter.com/frlynad/status/1700046737967399207
"Punya wishlist baru, pengen ke bromo spedaan. Skrg bromonya masi kebakaran 😂",1.70004733092865E+018,2023-09-08 07:24:03+00:00,lsvrdhs,1.25968905816017E+018,0,0,0,0,https://twitter.com/lsvrdhs/status/1700047330928656532
@orangbiasamales penyebab kebakaran di bromo,1.70004828948656E+018,2023-09-08 07:27:52+00:00,afterwin88teams,1.43121600268392E+018,0,0,0,1,https://twitter.com/afterwin88teams/status/1700048289486565680
@adnardn Ini hasil foto yg membuat kebakaran gn bromo?,1.7000490687127E+018,2023-09-08 07:30:58+00:00,hadiahkinderjoy,2337496668,0,0,0,0,https://twitter.com/hadiahkinderjoy/status/1700049068712702210
Itu beneran Bromo kebakaran gara2 foto pre-wed??? Wtf,1.70005259905842E+018,2023-09-08 07:44:59+00:00,DVCaze,1.62401839729724E+018,0,2,0,0,https://twitter.com/DVCaze/status/1700052599058428077
sedih banget gunung bromo kebakaran cuma karena hasil foto yang sejelek itu🥲,1.70005372264109E+018,2023-09-08 07:49:27+00:00,hlogwarts,2200903098,0,0,0,0,https://twitter.com/hlogwarts/status/1700053722641096957
Sakit bgt anjg liat video kebakaran bromo,1.70005702612947E+018,2023-09-08 08:02:35+00:00,aanakmanis,396436739,0,0,0,0,https://twitter.com/aanakmanis/status/1700057026129473888
"Hah!? Ada dong org yg bilang prewed yg bikin Bromo kebakaran sbg ujian sebelum nikah."" Uteke nang silit a..!!??""",1.70005728289217E+018,2023-09-08 08:03:36+00:00,jalunoeradi,377480012,0,0,0,0,https://twitter.com/jalunoeradi/status/1700057282892173519
"Apa persamaan kasus ini sama kasus prewed kebakaran di bromo? Persamaannya adalah karena segelintir orang doang jadi banyak yang rusak, kemanusiaan atapun alam.",1.7000574629201E+018,2023-09-08 08:04:19+00:00,agmsr,75050091,0,0,0,0,https://twitter.com/agmsr/status/1700057462920102045
"Udah mah bikin kebakaran di bromo, hasil fotonya jelek.",1.70005830043032E+018,2023-09-08 08:07:39+00:00,thisisferry,76037954,0,0,0,0,https://twitter.com/thisisferry/status/1700058300430324205
"nih yg ngasih opini jelek ttg kebakaran grgr preweding di bromo dan masih bela client prewedingnya mending menengo kabeh aku gaiso kerjo gara-gara kobongan iku, lek gak terpengaruh besar ambek kobongan bromo mending kon kon kabeh sing mbelo prewed e menengo aeeeee",1.70006308517487E+018,2023-09-08 08:26:39+00:00,paichols,522102097,0,1,3,2,https://twitter.com/paichols/status/1700063085174878266
"@delasyahmareads CMIIW kayanya itu efek beberapa kali kebakaran Kak Del. Akhir Agustus savana bromo kebakaran berhari2. Udah sempet padam, akses udah dibuka, eh kebakaran lg tgl 6 gara2 prewed gblk 😌🙏🏼",1.70006613552024E+018,2023-09-08 08:38:47+00:00,zrhmaida,84787062,0,0,0,1,https://twitter.com/zrhmaida/status/1700066135520243829
"Setaun lalu waktu ke bromo mikir, pengen deh nanti prewed di bromo, eh kemarin tiba2 ada kabar kalo bukit teletubies kebakaran gara2 ada yg prewed pake flare😭",1.70006648344617E+018,2023-09-08 08:40:10+00:00,ptrnrt,1.53331711608181E+018,0,1,0,0,https://twitter.com/ptrnrt/status/1700066483446177988
memorable banget sih ntar pas nikahannya itu yg prewed di bromo dan nyebabin kebakaran 50 hektar wkwkwkwkwk,1.70006704474051E+018,2023-09-08 08:42:23+00:00,babigulunk,1962455262,0,0,0,0,https://twitter.com/babigulunk/status/1700067044740518291
gila kek healing banget cuma liat foto pemandangan adem begini since beberapa wkt belakangan liat langit penuh polusi ditambah bukit bromo yg kebakaran,1.70006734773701E+018,2023-09-08 08:43:36+00:00,arumpuspiita,82835555,0,0,0,0,https://twitter.com/arumpuspiita/status/1700067347737010517
spill dong WO nya apa yg bikin foto prewed berujung kebakaran Bromo itu lol,1.70006820232645E+018,2023-09-08 08:46:59+00:00,s4ltybaby,51739639,0,1,0,0,https://twitter.com/s4ltybaby/status/1700068202326458650
anjir bromo kebakaran cuma buat foto prewed??? norak banget,1.70006834415265E+018,2023-09-08 08:47:33+00:00,connectwr,1.26786988742412E+018,0,1,0,0,https://twitter.com/connectwr/status/1700068344152658294
@qorygore Melambangkan kebakaran bromo sih🐧,1.70007065858631E+018,2023-09-08 08:56:45+00:00,yanwararfabdlh1,1.24478874474754E+018,0,0,0,0,https://twitter.com/yanwararfabdlh1/status/1700070658586312763
Kan bromo kebakaran terus kepikiran ntar ga boleh prewedding disana takutnya. Eh ditawari prewedd di krakatau aja☺️,1.70007100334973E+018,2023-09-08 08:58:07+00:00,xxaanneeay,1261642356,0,0,0,0,https://twitter.com/xxaanneeay/status/1700071003349733402
@isawitafteryou @tanyakanrl bikin kebakaran bromo cuma buat foto sejelek ini,1.70007111016194E+018,2023-09-08 08:58:33+00:00,grawvityfalls,1.46813844795303E+018,0,0,0,2,https://twitter.com/grawvityfalls/status/1700071110161948799
"@tanyarlfes jadi ini dulu waktu mama papa yg bikin bromo kebakaran nak, duh lucu bgt sekarang kalo diinget2, viral 1 indonesia""""",1.70007473426287E+018,2023-09-08 09:12:57+00:00,rajakhae,168957742,0,0,0,0,https://twitter.com/rajakhae/status/1700074734262878376
"Gue ini tadi pas masuk kerja udah disambut divisi editing sama fotografi yg ngomongin prewedding di Bromo pakai flare dan berujung kebakaran. Emosi jujur, Bromo secantik itu, savana yg di sana tuh super duper cantik, Bromo punya bunga edelweis juga.",1.70007558631056E+018,2023-09-08 09:16:20+00:00,seraphivna,1.35331908198684E+018,0,1,0,2,https://twitter.com/seraphivna/status/1700075586310566207
Bromo katanya kebakaran gara gara ada yang bakar peler,1.70007637573314E+018,2023-09-08 09:19:28+00:00,_Hrst,2479071757,0,1,0,1,https://twitter.com/_Hrst/status/1700076375733149992
What aku baru tau ada orang prewed PAKE FLARE DI BROMO???? Dan BIKIN KEBAKARAN?????   1 KATA: DOAHO,1.70007911281429E+018,2023-09-08 09:30:21+00:00,renyatksh,1.67550196305063E+018,0,2,0,0,https://twitter.com/renyatksh/status/1700079112814293192
bromo lg kebakaran gitu sampe td pagi berkabut parah ( huhu sedih,1.70008052139157E+018,2023-09-08 09:35:56+00:00,vousybel,1.26831902922509E+018,0,0,0,0,https://twitter.com/vousybel/status/1700080521391579161
Pernah ke Bromo lg abis kebakaran. Ehh! Kebakaran lagi! Bidjimane mane ahhh! Harus pidana tuh yg moto2 poto kawin!,1.70008289025055E+018,2023-09-08 09:45:21+00:00,intanalyze,218477659,0,0,0,0,https://twitter.com/intanalyze/status/1700082890250555646
"@fandisyuu 🤣 pas banget momentumnya counter prewed bromo yg hijau panas kebakaran, yg ini adem es",1.70008555273607E+018,2023-09-08 09:55:56+00:00,rzhgmoo,244900507,0,0,0,0,https://twitter.com/rzhgmoo/status/1700085552736071713
@eyangideralam @DirjenAntiAging @kumparan Bentar lagi juga bakal jdi duta anti kebakaran Bromo,1.70009003996609E+018,2023-09-08 10:13:46+00:00,joy_bi6,1.46488572933133E+018,0,0,0,0,https://twitter.com/joy_bi6/status/1700090039966093746
"@tanyarlfes Ak mikirin nasib orang2 yang cari nafkah dari situ kalo mesti ditutup sementara waktu karna kejadian kebakaran ini, kaya yang jual bunga, jual kaos, sama akang2 kuda dll...... Cepet pulih Bromo 😭😭",1.70009212013951E+018,2023-09-08 10:22:02+00:00,CadanganA53109,1.68279387351982E+018,0,0,0,1,https://twitter.com/CadanganA53109/status/1700092120139518117
@dsuperboy Tentang kebakaran di Bromo itu sihh,1.700093582169E+018,2023-09-08 10:27:50+00:00,rifky_adiansyah,1.25919623941907E+018,0,0,0,0,https://twitter.com/rifky_adiansyah/status/1700093582169006446
Ya Allah ini yg katanya prewed di bromo terus menjadi salah satu penyebab kebakaran?   Kirain hasilnya bakal wow soalnya sampe bikin kebakaran dan nyusahin banyak orang  Ternyata hasil fotonya lebih bagus hasil foto kamera hape xiaominya aku  🥺,1.70009665953402E+018,2023-09-08 10:40:04+00:00,rosawining,572555544,0,1,0,0,https://twitter.com/rosawining/status/1700096659534024852
gajadi ke bromo soalnya kebakaran😔 merbabu gatau sih...,1.70010078861656E+018,2023-09-08 10:56:29+00:00,iridescecne,1.61198758922933E+018,0,0,0,0,https://twitter.com/iridescecne/status/1700100788616564822
Bromo kebakaran po?,1.70010104056009E+018,2023-09-08 10:57:29+00:00,ur_overdose,1.59308280094905E+018,0,3,0,0,https://twitter.com/ur_overdose/status/1700101040560099578
"@dallioes @kaqabutan Katanya bromo emang uda kebakaran jadi yg ini bukan gara² prewed itu, cmiiw",1.70010358120095E+018,2023-09-08 11:07:34+00:00,tuyultantrum,1.48230404036953E+018,0,0,0,0,https://twitter.com/tuyultantrum/status/1700103581200953393
"masih kepikiran bromo yang kebakaran itu deh, kasian:(",1.70010626042174E+018,2023-09-08 11:18:13+00:00,AMPRIDIGURL,563536796,0,0,0,0,https://twitter.com/AMPRIDIGURL/status/1700106260421742632
"@winarsih_green @serbetwarte99 Bromo lagi ditutup karna kebakaran😂jauh2 ke jatim masak cuman ke jp2, secret zoo sama trawas. Di deket jakarta jg bisa, ke dufan sama taman safari bogor🙃 pasti nih nopia dijorokin ke jurang pujon, tar hilang ingatan😅🤣",1.70010629280589E+018,2023-09-08 11:18:21+00:00,aysanfa96,7.60768367858901E+017,0,2,0,2,https://twitter.com/aysanfa96/status/1700106292805894477
"Marah banget sama yang bikin Bromo kebakaran, padahal wishlist kesana belum terealisasi 😡",1.70010649293715E+018,2023-09-08 11:19:09+00:00,n_nuna49,2502163458,0,0,0,0,https://twitter.com/n_nuna49/status/1700106492937158808
Video terkini  gunung BROMO pasca kebakaran yg di akibatkan oleh orang yang photo prewed bawa flare,1.70010856549371E+018,2023-09-08 11:27:23+00:00,goonjol,3023096556,0,0,0,0,https://twitter.com/goonjol/status/1700108565493719251
"@inganggita 🙃Ya mudah-mudahan, soalnya mereka gak tanggung jawab sama kebakaran di wilayah Bromo.",1.70010875187608E+018,2023-09-08 11:28:07+00:00,jinpinksi,8.85068501765038E+017,0,0,0,1,https://twitter.com/jinpinksi/status/1700108751876084021
@meiaiharafl membantu memadamkan kebakaran di bromo ya je?,1.70010911704891E+018,2023-09-08 11:29:34+00:00,cihmol,1.44472745788658E+018,0,1,0,0,https://twitter.com/cihmol/status/1700109117048918342
yallah sedih bromo kebakaran,1.70010921623162E+018,2023-09-08 11:29:58+00:00,zzangcowdragon,1.28795012114185E+018,0,1,0,1,https://twitter.com/zzangcowdragon/status/1700109216231629191
pdhl pas wisuda udh niat mo ke bromo malah kebakaran grgr prewed anjeengg,1.70011002936456E+018,2023-09-08 11:33:12+00:00,cacaluvtn,1.32748392389127E+018,0,0,0,0,https://twitter.com/cacaluvtn/status/1700110029364568114
@lovekabrian Mau nyaranin ke bromo tp lagi kebakaran wkwk Jajan aja di alun alun batu 😬,1.70011596367142E+018,2023-09-08 11:56:47+00:00,kiokikodok,598090647,0,1,0,0,https://twitter.com/kiokikodok/status/1700115963671421425
Bromo kebakaran jadi inget mas david...,1.70011882656913E+018,2023-09-08 12:08:09+00:00,gajahikea,1.39788321564212E+018,0,0,0,0,https://twitter.com/gajahikea/status/1700118826569138575
@KompasTV Cek berita kebakaran bromo tahun2 sebelumnya. 🤭🤭🤭,1.70011886394454E+018,2023-09-08 12:08:18+00:00,rizahariati,91758662,0,0,0,0,https://twitter.com/rizahariati/status/1700118863944540464
adding my two cents about the whole bromo things imo kebakaran itu bisa jadi proses suksesi sih tapi kejadian antropological driven tuh setback proses kematangan ekologis yang artinya lu juga nunda benefit ecology yang dikasih alam ke kita by years or even decades,1.70012638337114E+018,2023-09-08 12:38:11+00:00,artocarpues,1.63530677688221E+018,0,1,0,0,https://twitter.com/artocarpues/status/1700126383371149455
Polisi nyatakan bromo kebakaran karena api itu panas.,1.70012754158209E+018,2023-09-08 12:42:47+00:00,2Darkun,1.31593177572656E+018,0,0,0,0,https://twitter.com/2Darkun/status/1700127541582090728
"@NarasiNewsroom Kok nyalahin gas air mata?  Udah jelas ini salah angin, kebakaran bromo jg karena angin dan rumput kering.",1.70013431337807E+018,2023-09-08 13:09:41+00:00,tnketiga,88090948,1,0,0,0,https://twitter.com/tnketiga/status/1700134313378070726
gwe emosi bgt abis baca berita yg bromo kebakaran grgr prewednya pake flare dia kaga mikir apa gmn sih anjir mana lg kemarau gimana kaga makin luas anjir yg kena api😭😭😭😭😭😭😭,1.70013724346851E+018,2023-09-08 13:21:20+00:00,mygeminee,433392148,0,1,0,0,https://twitter.com/mygeminee/status/1700137243468513372
@Xdarp16 Gila ya berarti emg lg sepanas itu bromo awalnya kaya Australia dulu .. apa gamau ada lg ya yg prewed temanya siram2 kebakaran hutan,1.70014102166827E+018,2023-09-08 13:36:21+00:00,azkstnza,1.56699776478099E+018,0,0,0,0,https://twitter.com/azkstnza/status/1700141021668278596
Oh kalian berdua yg prewedding -nya sampe bikin kebakaran padang rumput di Bromo dan bikin masalah di sana? (Kata2 kenangan untuk kedua mempelai),1.70014270120992E+018,2023-09-08 13:43:01+00:00,dhahadeputee,1.68875132175373E+018,0,0,0,0,https://twitter.com/dhahadeputee/status/1700142701209927683
"@jaechanno_ Belom kemarin kebakaran lagi,bukan cuma di bromo banyakkkk banget kebakaran disiniii",1.70014352726132E+018,2023-09-08 13:46:18+00:00,cceatrice,1.40840752098974E+018,0,1,0,0,https://twitter.com/cceatrice/status/1700143527261327467
— Balai Besar Taman Nasional Bromo Tengger Semeru menutup total aktivitas wisata dari semua pintu masuk menuju kawasan Gunung Bromo untuk kelancaran proses pemadaman akibat kebakaran lahan yang terjadi di Blok Savana Lembah Watangan atau Bukit Telletubies pada Rabu (6/9).,1.70014730854385E+018,2023-09-08 14:01:20+00:00,antarafoto,86923712,0,1,0,0,https://twitter.com/antarafoto/status/1700147308543856678
"— Menurut data BPBD Lumajang, kebakaran hutan dan lahan wilayah Ranupani pada 30 Agustus - 3 September 2023 menyebabkan sedikitnya 611 hektar lahan Taman Nasional Bromo Tengger Semeru terbakar dan penyebab kebakaran diduga akibat gesekan antar ranting saat kemarau.",1.70014732652478E+018,2023-09-08 14:01:24+00:00,antarafoto,86923712,0,0,0,1,https://twitter.com/antarafoto/status/1700147326524784901
Udh 2 hari bojoku jam segini baru pulang krna banyak lahan yg kebakaran.  Trs aku liat berita prewed bromo jd ikut mangkel.,1.7001497941848E+018,2023-09-08 14:11:12+00:00,Isroviana,1404709674,0,0,0,0,https://twitter.com/Isroviana/status/1700149794184802740
Aku belum ke Bromo tapi malah kebakaran:(,1.7001503733553E+018,2023-09-08 14:13:30+00:00,vanilaicecrm,1.47468074744947E+018,0,0,0,0,https://twitter.com/vanilaicecrm/status/1700150373355307094
"@0tk0il Mau nikah udah bikin kerusakan, harus ganti biaya kebakaran ratusan juta ato miliaran klo perlu uangnya nikahan buat ganti rugi kerusakan bromo",1.70015518251494E+018,2023-09-08 14:32:37+00:00,alfatih200319,1.60507370726923E+018,0,0,0,0,https://twitter.com/alfatih200319/status/1700155182514942233
cobaan sebelum nikah teh banyak: kebakaran bromo misalnya,1.7001557410871E+018,2023-09-08 14:34:50+00:00,bulaokayas,9.76830569358217E+017,0,0,0,0,https://twitter.com/bulaokayas/status/1700155741087109131
"@tanyarlfes Miris banget liatnya, blm lama pulang dari sana after singgah di bromo kurleb 3 minggu. Dan hampir tiap hari ada kegiatan pam jagain savana takut kebakaran, pas pulang malah dapet kabar gini. Lekas pulih bromoku🥲🥲",1.7001564794901E+018,2023-09-08 14:37:46+00:00,oonliinee,1.19769592619573E+018,0,0,0,0,https://twitter.com/oonliinee/status/1700156479490109594
"LGBTQ nyebabin bencana alam (tidak ada bukti nyata), sementara pasangan hetero nyebabin kebakaran di bromo (bukti nyata)",1.70015695057337E+018,2023-09-08 14:39:39+00:00,stroberidandel,1.660194877572E+018,0,0,0,4,https://twitter.com/stroberidandel/status/1700156950573375981
"Sakit hati banget liatnya, ga ikhlas savananya kebakar begitu. Belum lama pulang dari Bromo setelah tinggal disana kurleb 3 minggu. Hampir tiap hari ada yg ikut PAM buat jaga savana biar enggak kebakaran. Sekarang malah dapet kabar kek gini, lekas pulih Bromo ku 🥲🥲",1.70015763822958E+018,2023-09-08 14:42:23+00:00,oonliinee,1.19769592619573E+018,0,0,0,0,https://twitter.com/oonliinee/status/1700157638229586131
"Kebakaran melanda padang savana area Bukit Teletubbies di Gunung Bromo, Jawa Timur (Jatim), Rabu (6/9/2023).",1.70015956537798E+018,2023-09-08 14:50:02+00:00,kompascom,23343960,0,1,0,0,https://twitter.com/kompascom/status/1700159565377982679
"Kebakaran terjadi Rabu (6/9/2023) hingga Kamis (7/9/2023). Akibat peristiwa ini, 50 hektar lahan Gunung Bromo terbakar.",1.70015957837614E+018,2023-09-08 14:50:05+00:00,kompascom,23343960,0,1,0,0,https://twitter.com/kompascom/status/1700159578376147377
"Dalam insiden kebakaran akibat flare tersebut, polisi mengamankan 6 orang yang terlibat pemotretan prewedding di Gunung Bromo. Salah satunya adalah AWEW (41) yang kini statusnya sudah dinaikkan menjadi tersangka.",1.70015958765815E+018,2023-09-08 14:50:07+00:00,kompascom,23343960,0,1,0,0,https://twitter.com/kompascom/status/1700159587658154490
"yg bikin bromo kebakaran, fotografernya NDESOO NORAKK",1.70016434643603E+018,2023-09-08 15:09:02+00:00,adira_sst,1.07343363020923E+018,0,0,0,1,https://twitter.com/adira_sst/status/1700164346436034936
"Pas tau berita bromo kebakaran pertama kali, gue pikir karena kemarau kayak di hawaii. Eh taunya karena manusia.",1.70016450410811E+018,2023-09-08 15:09:39+00:00,imzuperztar,2919407670,0,0,0,0,https://twitter.com/imzuperztar/status/1700164504108114130
Kebakaran bromo mereka koar-koar kebakaran lahan di sumatra mereka diam,1.7001711343005E+018,2023-09-08 15:36:00+00:00,dymbuts,1.20654462996683E+018,0,0,0,0,https://twitter.com/dymbuts/status/1700171134300508575
@frieesy Bromo kebakar gegara ada prewed kemarin. Pakai flaree. Di malang lagi banyak kebakaran,1.70017303411885E+018,2023-09-08 15:43:33+00:00,exrawrr,1.15692472357122E+018,0,1,0,0,https://twitter.com/exrawrr/status/1700173034118856963
"Blm juga ke bromo, udah kebakaran aja gara2 prewed anj😭",1.70017323617112E+018,2023-09-08 15:44:21+00:00,matchateaaa12,1.64330510471884E+018,0,0,0,0,https://twitter.com/matchateaaa12/status/1700173236171125175
Liat orang prewed di bromo bikin kebakaran pen gue katain bodoh,1.70017398760169E+018,2023-09-08 15:47:21+00:00,hyeoksshi,61728255,0,0,0,0,https://twitter.com/hyeoksshi/status/1700173987601698871
"Orang berada cenderung mudah mendapatkan akses informasi, lalu menjadi pintar. Berkebalikan sama orang yg tidak berada  Maka, teorinya, jika anda kaya maka anda pinter, sehingga dalam kasus kebakaran bromo, anda ga akan bawa flare yg berpotensi mengakibatkan kebakaran(!)",1.70017825893821E+018,2023-09-08 16:04:19+00:00,berkunjung,306040656,0,0,0,0,https://twitter.com/berkunjung/status/1700178258938212815
"big respect buat kakak sepupu gue, yg berani videoin pelaku kebakaran di bromo. klw bukan karena video itu, mungkin mas ee masih keliaran, sok ngide pake efek asap trs ngebakar tempat lain 🫠",1.70018138595966E+018,2023-09-08 16:16:44+00:00,baramblows,1.15714951197152E+018,0,1,0,1,https://twitter.com/baramblows/status/1700181385959661850
Bromo kebakaran iku cuongok se,1.70018395659817E+018,2023-09-08 16:26:57+00:00,helmxbox,850911931,0,1,0,0,https://twitter.com/helmxbox/status/1700183956598173810
"Kusimpan misuh-misuhku mendengar kabar bromo yg kebakaran karena penggunaan flare untuk foto prewedding. Pliss Narasi bikin liputan ini, bantu aku memahami gimana api dr flare itu bisa menyambar, bikin kebakaran sebegitu hebatnya #jadipaham @NarasiNewsroom @zenrs @aqfiazfan",1.70019265591602E+018,2023-09-08 17:01:31+00:00,maulanniii,1.45657131049086E+018,0,0,1,1,https://twitter.com/maulanniii/status/1700192655916020206
@tanyarlfes sedih liat bromo kebakaran pas liat foto ini jadi sedih bgt bgt,1.7001995718871E+018,2023-09-08 17:29:00+00:00,wmelsugar23,1.60151916494207E+018,0,0,0,0,https://twitter.com/wmelsugar23/status/1700199571887108396
"tau gak yg org prewed di bromo gak pake izin dan bromo kebakar?!?!? anjggggggg parah bgt sik kebakaran cuyyy gila bgt, mana itu tempat wisata dan gue blm kesana!?!?!?",1.70020262331037E+018,2023-09-08 17:41:08+00:00,gasukamathh,1.64575876961861E+018,0,0,0,0,https://twitter.com/gasukamathh/status/1700202623310377125
@kartikashantii Sumpah aku mikir hal yg sama juga sialan padahal November mau ke Bromo eh skrg kebakaran,1.70021006625381E+018,2023-09-08 18:10:42+00:00,PutuGedeB,72826886,0,1,0,0,https://twitter.com/PutuGedeB/status/1700210066253819949
"Nangisss banget liat kebakaran di bromo, semoga cepat pulih 🥺",1.70021670313172E+018,2023-09-08 18:37:05+00:00,evilhumalien,1.45672323901145E+018,0,0,0,4,https://twitter.com/evilhumalien/status/1700216703131725833
"@tanyarlfes Bromo bagus banget tau, tapi skrg hutannya kebakaran 😭",1.7002199326703E+018,2023-09-08 18:49:55+00:00,CalsyCandy,1.6323000960115E+018,0,0,0,0,https://twitter.com/CalsyCandy/status/1700219932670308755
gue main petasan sampe kebon komplek kebakaran aje pusing gimana dia ya ngebakar bromo. mana buat prewed lagi gobloug,1.70023345832762E+018,2023-09-08 19:43:39+00:00,imbillyboy_,1532982584,0,0,0,0,https://twitter.com/imbillyboy_/status/1700233458327629926
@JbtPutra Terus dipakai buat prewed.... Lalu kebakaran kyk di bromo,1.70026656855767E+018,2023-09-08 21:55:14+00:00,Kedutin,7.59478309407252E+017,0,1,0,0,https://twitter.com/Kedutin/status/1700266568557675004
Bromo pasca kebakaran jadi kayak di film Lord of the ring saat pasukan saruman muncul 🤦‍♀️ semuanya hangus,1.70028204375668E+018,2023-09-08 22:56:43+00:00,yeniricardo,95359979,0,0,0,0,https://twitter.com/yeniricardo/status/1700282043756683632
"@kegblgnunfaedh Setelah kebakaran lanjut lagi foto prewednya, bikin before after, dan bisa cerita ke anak cucunya klo dia dulu mau kawin bakar2 di gunung bromo",1.70028257474716E+018,2023-09-08 22:58:50+00:00,dik_iping,65627983,0,0,0,0,https://twitter.com/dik_iping/status/1700282574747169067
"Kok bisa ya ada orang searogan itu, gegara insiden kebakaran gegara prewed itu, rencana orang mau ke bromo jadi gagal.   ini kalo yg ditangkep cuma orang eo nya doang kebangetan, itu yg ngasih ide, sama yg prewed tangkep juga lah""",1.7002968270173E+018,2023-09-08 23:55:28+00:00,egyaruz,1879529594,0,2,0,0,https://twitter.com/egyaruz/status/1700296827017306191
Gua mau ngamuk bgt ngeliat berita bromo kebakaran. Manusia goblok emang,1.70031189386765E+018,2023-09-09 00:55:20+00:00,ayeeesthethic,7.48464446700294E+017,0,1,0,0,https://twitter.com/ayeeesthethic/status/1700311893867651298
Kayanya sih ter tolol bulan ini jatoh ke yang bikin prewed di bromo sampe kebakaran 😃,1.70031244638332E+018,2023-09-09 00:57:32+00:00,redbaebaechu,1.27101846046669E+018,0,0,0,0,https://twitter.com/redbaebaechu/status/1700312446383329542
@NarasiNewsroom Berarti pasangan prewed yg bikin kebakaran di Bromo kemaren juga bisa mengkambing-hitamkan angin.,1.70031274293325E+018,2023-09-09 00:58:42+00:00,dimasadltya,1.37978082925401E+018,0,0,0,0,https://twitter.com/dimasadltya/status/1700312742933254365
Baca baca berita bromo kebakaran sampe kebawa mimpi camping di bromo,1.70032553013714E+018,2023-09-09 01:49:31+00:00,megadmynt_,1.23266559664014E+018,0,0,0,0,https://twitter.com/megadmynt_/status/1700325530137145661
"Udah ngeplanning akhir tahun ke ngalam, sekalian mampir Bromo. Liat kejadian kebakaran beruntun jadi sedih.. Pingiin banget kesitu pas Bromo lagi hijau-hijaunya dan dingin-dinginnya 🥺",1.70032937363379E+018,2023-09-09 02:04:47+00:00,hanyasvara,309524678,0,0,0,0,https://twitter.com/hanyasvara/status/1700329373633790383
Tbh aku ngerasa ga adil kl cm manager WO yg jd tsk kebakaran savana Bromo itu :( Hrsnya the bride jg kena sanksi hmmm,1.70032946724648E+018,2023-09-09 02:05:10+00:00,xixixider_a,1.29123531939676E+018,0,0,0,1,https://twitter.com/xixixider_a/status/1700329467246489858
@kasurapek @srchafreen @seng_wichai Oh jadi ini prewed yg kmren bikin bromo kebakaran 🤣,1.70033766232511E+018,2023-09-09 02:37:44+00:00,babyshark_111,1.55901580826457E+018,0,1,0,1,https://twitter.com/babyshark_111/status/1700337662325117215
Itu seriusankah Bromo kebakaran akibat dari flare yg dipake foto prewed?  #Bromo,1.70033798780306E+018,2023-09-09 02:39:01+00:00,wahyunulis,191358786,0,2,0,0,https://twitter.com/wahyunulis/status/1700337987803066535
"owwh baru liat yg kebakaran di bromo gara2 foto prewed, dan hasil fotonya jg ga sebagus itu lol!!!",1.70034094419185E+018,2023-09-09 02:50:46+00:00,SHUTDOWNJISOO,1.35078549097948E+018,0,0,0,0,https://twitter.com/SHUTDOWNJISOO/status/1700340944191852897
@tokxyo__ ini penyebab bromo kebakaran kmrn,1.70034391146892E+018,2023-09-09 03:02:34+00:00,saturnllines,1.53376717106241E+018,0,0,0,0,https://twitter.com/saturnllines/status/1700343911468921306
Itu gimana ya kondisi psikis pasangan yang mau nikah yang prewednya bikin kawasan Bromo kebakaran hebat..,1.70034431963765E+018,2023-09-09 03:04:11+00:00,aripgheoghe,498410188,0,0,0,0,https://twitter.com/aripgheoghe/status/1700344319637651684
Itu yg prewed bikin kebakaran di bromo pas nikah nanti apagak jadi omongan satu kondangan ya,1.70034587883246E+018,2023-09-09 03:10:23+00:00,WynDharma_,92244702,0,0,0,0,https://twitter.com/WynDharma_/status/1700345878832467996
Ya Allah.. kenapa kau hidupkan makhkuk seperti itu ? Kenapa tak kau hanguskan saja bersama kebakaran safana di bromo?,1.70035182333133E+018,2023-09-09 03:34:00+00:00,rzumamii,230933805,0,1,0,0,https://twitter.com/rzumamii/status/1700351823331336378
"Kebakaran yg di bromo itu parah banget ternyata yaa, kelakuan manusia nih emang lebih dari setan",1.70035422282555E+018,2023-09-09 03:43:32+00:00,Holicaaf,1.45219787551822E+018,0,0,0,0,https://twitter.com/Holicaaf/status/1700354222825558139
ni gada yg maw spill akun pasangan guoblok yg prewed bawa flare di Bromo kah? maw silaturahim tipis2☺️🖕🏽soale infonya per 9/9 ini kebakaran makin meluas blm padam dan akses ke Bromo ditutup total🥲,1.70035832592023E+018,2023-09-09 03:59:50+00:00,march__sunset,1.3515965204123E+018,0,3,0,0,https://twitter.com/march__sunset/status/1700358325920239890
"Pagi tadi nyapu halaman depan rumah ada hitam hitam seperti bekas daun terbakar tapi kok kecil kecil,mosok kebakaran yang di bromo itu abunya sampe Malang ya",1.70036640942614E+018,2023-09-09 04:31:57+00:00,NurFaizahisa1,1.58709707352606E+018,0,0,0,0,https://twitter.com/NurFaizahisa1/status/1700366409426149686
this might sound mean idc but kebakaran Bromo disebabkan foto prewed yg jelek bgt demi Allah ky lo udh bikin Bromo kebakaran untuk sebuah photoshoot seenggaknya hasilnya keren 😭😭😭,1.70036834334816E+018,2023-09-09 04:39:39+00:00,niszarchives,1.43127960820098E+018,0,0,0,2,https://twitter.com/niszarchives/status/1700368343348166882
@kaqabutan @tanyarlfes kasian bgt aku yg warga lokal blm pernah ke bromo sama sekali tp bromo udh kena kebakaran gt :(,1.70037358803196E+018,2023-09-09 05:00:29+00:00,cleopatraasd,907325600,0,0,0,0,https://twitter.com/cleopatraasd/status/1700373588031967485
Sedih sekali bromo kebakaran :(,1.70037649783042E+018,2023-09-09 05:12:03+00:00,octopusparkm,9.48414542668689E+017,0,1,0,0,https://twitter.com/octopusparkm/status/1700376497830424649
"@tanyakanrl Padahal 2 hari sebelom berita foto prewed bikin bromo kebakar, sempet muncul berita (di onthespot kyknya) di luar negeri tntang baby reveal pake petasan. Bikin kebakaran hutan gara² sekitarnya rumput kering wkwk",1.7003956763274E+018,2023-09-09 06:28:15+00:00,txtdariburjo,1.51429719471909E+018,0,0,0,0,https://twitter.com/txtdariburjo/status/1700395676327407658
Bromo sampe kebakaran dan hasil fotonya begini? Hadeehhh,1.7003984474621E+018,2023-09-09 06:39:16+00:00,iisnaainii,1.67404775372973E+018,0,1,0,0,https://twitter.com/iisnaainii/status/1700398447462109228
@qorygore Fler fler kek gitu melambangkan keluarganya ntar kebakaran bang kayak bromo,1.70040938569519E+018,2023-09-09 07:22:44+00:00,MandiBebek1,1.37618457111751E+018,0,0,0,0,https://twitter.com/MandiBebek1/status/1700409385695199485
menurut kalian yang kasus kebakaran bromo itu salah wo aja apa pengantin juga?,1.70041979998435E+018,2023-09-09 08:04:07+00:00,Alibabwak,1.04882301282318E+018,0,3,0,0,https://twitter.com/Alibabwak/status/1700419799984357640
padahal niatnya weekend ini tuh mau ke bromo trus gajadi ditutup total karena kebakaran :( duh ulah siapa lagi kalau bukan manusia :/,1.70043365674841E+018,2023-09-09 08:59:10+00:00,taraudyna,117639969,0,0,0,0,https://twitter.com/taraudyna/status/1700433656748417342
@tanyarlfes Syedih banget...kebakaran savana bromo meluas hingga sabtu pagi tadi gara2 kelakuan foto prewed,1.70044039512007E+018,2023-09-09 09:25:57+00:00,NyaiiBubu,1.21989022493678E+018,0,3,0,33,https://twitter.com/NyaiiBubu/status/1700440395120078995
"Harusnya semua yg terlibat dari client, wo dan fotografer yg menyebabkan terjadinya kebakaran di bromo harus jd tersangka apalagi kalo memang gk ada izin…",1.7004411587853E+018,2023-09-09 09:28:59+00:00,Romeojr87413970,1.25102789242469E+018,0,0,0,0,https://twitter.com/Romeojr87413970/status/1700441158785306974
blm jadi ke bromo malah kebakaran,1.70044328455934E+018,2023-09-09 09:37:26+00:00,cibobawho,1.3018357596037E+018,0,0,0,0,https://twitter.com/cibobawho/status/1700443284559344089
"@tanyarlfes Pas nikah, ada undangan yg nyeletuk, Oh kalian yg bikin Bromo kebakaran."" Aduh pasti malu.... *kalo masih punya malu sih""",1.70044506884981E+018,2023-09-09 09:44:31+00:00,JohanaKriesta,271898786,0,0,0,0,https://twitter.com/JohanaKriesta/status/1700445068849819717
"@sekar_malam Nek kebakaran mergo siklus alam jane ora popo malah dadi subur vegetasi baru ...tp kl kebakaran krn manusia itu marai emosi, kasus Bromo wingi",1.70045111954858E+018,2023-09-09 10:08:34+00:00,endogpithik,44338807,0,0,0,1,https://twitter.com/endogpithik/status/1700451119548580153
"Bayangin, belum nikah aja udah banyak yg nyumpahin karena bikin Bromo kebakaran. Hhh semoga pernikahanmu tidak sakinah mawaddah warahmah👍🏼",1.70045726865399E+018,2023-09-09 10:33:00+00:00,brigittasiw,303627559,0,0,0,1,https://twitter.com/brigittasiw/status/1700457268653998446
@neirddog aku lom ke bromo 😭😭😭 sedih banget denger kabar kebakaran itu,1.7004613509534E+018,2023-09-09 10:49:13+00:00,siapbg,1.46769186395188E+018,0,1,0,0,https://twitter.com/siapbg/status/1700461350953406821
"Imbas dari kebakaran di Bromo gegara team photographer dan calon manten, ditakutkan akan mempersulit izin buat lokasi film atau foto disitu",1.7004640226243E+018,2023-09-09 10:59:50+00:00,NovyAstria,49228349,1,0,0,0,https://twitter.com/NovyAstria/status/1700464022624305283
"Itu yang prewed pake flare di Bromo otaknya gimana sih buset  Udah kebakaran mana santai banget lagi, pengen di hiiih ishhhhh kesel bat 😭😭😭",1.70046587661578E+018,2023-09-09 11:07:12+00:00,diannisa_p,382013577,0,0,0,0,https://twitter.com/diannisa_p/status/1700465876615786918
@StasiunHarmoni Itu cowok bromo jangan2 aslinya gay tapi dipaksa keluarga nikah JADI AJA HUJAN API SEGUNUNG KEBAKARAN,1.70046745054093E+018,2023-09-09 11:13:28+00:00,PozzieB,1.13858989754618E+018,0,1,0,1,https://twitter.com/PozzieB/status/1700467450540937578
gua blm ke bromo tp uda kebakaran aja😢,1.70046758841611E+018,2023-09-09 11:14:00+00:00,bagusdvvi,1.06522932008638E+018,0,0,0,0,https://twitter.com/bagusdvvi/status/1700467588416111091
@javvaeagle asap kebakaran bromo?,1.70047034652325E+018,2023-09-09 11:24:58+00:00,axelaxiata,1.2944984437679E+018,0,0,0,0,https://twitter.com/axelaxiata/status/1700470346523254867
Kebakaran bromo mencapai 50 hektar   Astaghfirullah..,1.7004745678679E+018,2023-09-09 11:41:44+00:00,Been4Q59,1.10420098167428E+018,1,3,0,20,https://twitter.com/Been4Q59/status/1700474567867904427
"gara gara foto prewed bromo kebakaran, padahal ada plan sama keluarga bakal kesana ih kesel",1.70048201404943E+018,2023-09-09 12:11:20+00:00,jaejeraa,1.16554944547316E+018,0,0,0,0,https://twitter.com/jaejeraa/status/1700482014049439992
"Liat berita klo gubernur jatim minta water bombing buat atasi kebakaran di bromo. Reaksi gw adalah lah...jd dr kmrn blm pake water bombing??? Trus dipadamin pake apaan? Bukannya itu protokol yg harusnya diambil ya?""""",1.70049800255583E+018,2023-09-09 13:14:52+00:00,jaemsaulover,1.45504672473345E+018,0,0,0,0,https://twitter.com/jaemsaulover/status/1700498002555830739
SEDIH BANGET COK BLM KE BROMO MALAH KEBAKARAN,1.70050330875734E+018,2023-09-09 13:35:57+00:00,chocomogmo,1.23653888071676E+018,0,0,0,0,https://twitter.com/chocomogmo/status/1700503308757340641
@hammadamauapa @terserahhsih Lagi di bromo kak relawan kebakaran,1.70050621725123E+018,2023-09-09 13:47:30+00:00,di_ANU_groho,1.2638400635631E+018,0,1,0,0,https://twitter.com/di_ANU_groho/status/1700506217251234184
Gess berita yg lg hot sepekan terakhir apa aja sih - KTT Asean - bukit bromo kebakaran - pilpres2an - dll - dll  Tolong tambahin,1.70052001633112E+018,2023-09-09 14:42:20+00:00,indainayah,96071539,0,1,0,0,https://twitter.com/indainayah/status/1700520016331121145
"Semakin seliweran berita savana bromo kebakaran gara-gara oknum prewedding, semakin gapaham esensi prewedding tuh apaan",1.70052063697481E+018,2023-09-09 14:44:48+00:00,shrsly_,111286868,0,1,0,0,https://twitter.com/shrsly_/status/1700520636974813361
Orang² yg terlibat di kebakaran savana Bromo udah ketauan ya namanya.  😁,1.70052500077489E+018,2023-09-09 15:02:09+00:00,SambilNgopiYuk,327014772,0,0,0,0,https://twitter.com/SambilNgopiYuk/status/1700525000774897665
"@papa_loren Kmrin kebakaran Savana smpe hutan yg mncapai 50 HA di Bromo Probolinggo. Skrg ini trkdg demi apa coba ? Demi ngeksis di medsos. IG lah, tiktok lah.",1.70053349244103E+018,2023-09-09 15:35:53+00:00,ButterCupdanie1,1.27144860215017E+018,0,1,0,1,https://twitter.com/ButterCupdanie1/status/1700533492441031069
anjrt hati gue gak ikhlas bngt tai gunung bromo kebakaran ampe 50 hektar gara2 manusia tolol foto prewedding make flare👎,1.70056656937673E+018,2023-09-09 17:47:19+00:00,RatuFatimatuzz3,1.4676833022449E+018,0,1,0,0,https://twitter.com/RatuFatimatuzz3/status/1700566569376735515
beneran sedih liat kasus kebakaran bromo krn flare.. soalnya akhir2 ini ga berenti2 info gunung kebakaran semua (setau gue sumbing &amp  arjuno baru bgt kebakaran juga),1.70058663827834E+018,2023-09-09 19:07:04+00:00,fareakies,1.16474302742166E+018,0,1,0,2,https://twitter.com/fareakies/status/1700586638278349229
parah banget kebakaran bromo coy april kmrn gw ke bromo bnr brn kek indah banget pemandangan nya trus dingin skrg jadi ancur banget,1.70060179119563E+018,2023-09-09 20:07:17+00:00,zukochang,1.42607266500184E+018,1,0,0,0,https://twitter.com/zukochang/status/1700601791195631877
sakit hati bgt baru buka tiktok langsung liat fyp bromo kebakaran 😭,1.70066254006859E+018,2023-09-10 00:08:40+00:00,wofyern,1.48795155886403E+018,0,1,0,0,https://twitter.com/wofyern/status/1700662540068593929
@soleilnova Sedih liat bromo jadi menghitam karena kebakaran,1.70067646828263E+018,2023-09-10 01:04:01+00:00,apakitakeos,156468126,0,1,0,1,https://twitter.com/apakitakeos/status/1700676468282638702
Nggak kebayang jadi 2 orang yg mau nikah dengan meninggalkan memori seluruh Indonesia karena salah satu proses menuju jenjang pernikahannya jadi kebakaran di Bromo. Nggak bisa mbayangin.,1.70071785947809E+018,2023-09-10 03:48:30+00:00,zsupermanz,40174055,0,0,0,0,https://twitter.com/zsupermanz/status/1700717859478093846
"Selain pidanakan/salahkan panitia dan pasangan prewed, beri sanksi pula penjaga pintu masuk kawasan Bromo dan sopir mobil hardtop jika terbukti tak melarang &amp  memeriksa peralatan yg digunakan dlm sesi foto prewed sbg antisipasi kebakaran. Pengunjung sdh bayar tiket masuk, bukan?",1.70073496687395E+018,2023-09-10 04:56:28+00:00,Wisnubrata6,2206256060,0,0,0,1,https://twitter.com/Wisnubrata6/status/1700734966873952493
SAPAAA YG BARUSAN NANGIS LIAT BROMO KEBAKARAN????? AKUU AKUU AKUU. TAKUT BANGETTT NANTI GABISA BALIK KAYAK DULU GMNAAAA😭😭😭😭,1.70073563248896E+018,2023-09-10 04:59:07+00:00,aiceedurenn,1.11253306779558E+018,0,0,0,0,https://twitter.com/aiceedurenn/status/1700735632488960083
@faizrmd Harus salah Maguire ! Bromo kebakaran aja salah dia kok 🗿,1.70074088708782E+018,2023-09-10 05:20:00+00:00,Zulkifly_Ramli,4640101520,0,0,0,0,https://twitter.com/Zulkifly_Ramli/status/1700740887087829326
Tiap liat berita savana bromo kebakaran itu gue bener2 murka bgtt,1.70074234912997E+018,2023-09-10 05:25:48+00:00,oosheep_,1.12287119058063E+018,0,1,0,5,https://twitter.com/oosheep_/status/1700742349129978294
@tvindonesiawkwk Waduh ini pelaku yang bikin kebakaran di bromo,1.70074604637513E+018,2023-09-10 05:40:30+00:00,pemburukadrun33,1.6982240239547E+018,0,0,0,0,https://twitter.com/pemburukadrun33/status/1700746046375137517
Hah bromo kebakaran?,1.70075066508425E+018,2023-09-10 05:58:51+00:00,oinkguk,1.38227044257713E+018,0,1,0,0,https://twitter.com/oinkguk/status/1700750665084256511
@kevinpramudya_ Semoga semua pihak bisa bekerja sama untuk mengatasi kebakaran di Bromo.,1.7007563143545E+018,2023-09-10 06:21:18+00:00,zulfadina_,1.68566139264766E+018,0,0,0,0,https://twitter.com/zulfadina_/status/1700756314354504048
@kevinpramudya_ Kebakaran di Bromo adalah peringatan akan dampak buruk dari kebakaran hutan.,1.70075667782451E+018,2023-09-10 06:22:45+00:00,jakawjya,1.68448324987007E+018,0,0,0,0,https://twitter.com/jakawjya/status/1700756677824512202
@kevinpramudya_ Kebakaran di Bromo adalah peringatan akan kebutuhan mendesak dalam menjaga ekosistem.,1.70075668221181E+018,2023-09-10 06:22:46+00:00,AisyahAida9,1.68441117875439E+018,0,0,0,0,https://twitter.com/AisyahAida9/status/1700756682211815491
@kevinpramudya_ Kebakaran di Bromo membuat hati kita bersedih.,1.7007567033888E+018,2023-09-10 06:22:51+00:00,septi_nurainii,1.68441641501158E+018,0,0,0,0,https://twitter.com/septi_nurainii/status/1700756703388803572
@kevinpramudya_ Kita perlu melakukan upaya untuk memulihkan ekosistem di Bromo setelah kebakaran.,1.70075687801863E+018,2023-09-10 06:23:32+00:00,aryaknzo_,1.68549303965204E+018,0,0,0,0,https://twitter.com/aryaknzo_/status/1700756878018634116
@kevinpramudya_ Semoga semua orang bisa bersatu dalam membantu pemadaman kebakaran di Bromo.,1.70075704895748E+018,2023-09-10 06:24:13+00:00,DanielMust63,1.68441288747611E+018,0,0,0,0,https://twitter.com/DanielMust63/status/1700757048957485331
@kevinpramudya_ Kebakaran di Bromo adalah dampak buruk dari pembakaran lahan.,1.70075706177118E+018,2023-09-10 06:24:16+00:00,gibson_dreww,1.68439605167405E+018,0,0,0,0,https://twitter.com/gibson_dreww/status/1700757061771182108
@kevinpramudya_ Kebakaran di Bromo adalah contoh nyata dari kerusakan lingkungan.,1.70075761355703E+018,2023-09-10 06:26:28+00:00,ekafitrianiii_,1.68565142135262E+018,0,0,0,0,https://twitter.com/ekafitrianiii_/status/1700757613557030915
@kevinpramudya_ Kita perlu mendukung upaya pemulihan ekosistem di Bromo setelah kebakaran.,1.70075778639588E+018,2023-09-10 06:27:09+00:00,EdwinEvans6_,1.68442118000517E+018,0,0,0,0,https://twitter.com/EdwinEvans6_/status/1700757786395886051
@kevinpramudya_ Kebakaran di Bromo adalah musibah yang sangat mengkhawatirkan.,1.70075814536532E+018,2023-09-10 06:28:35+00:00,SilviAyuz,1.68441330844581E+018,0,0,0,0,https://twitter.com/SilviAyuz/status/1700758145365328076
@kevinpramudya_ Kebakaran di Bromo adalah pengingat akan pentingnya tindakan pencegahan.,1.70075816069133E+018,2023-09-10 06:28:38+00:00,AyuDyah25_,1.68442324334268E+018,0,0,0,0,https://twitter.com/AyuDyah25_/status/1700758160691339459
@kevinpramudya_ Kebakaran di Bromo adalah pengingat betapa berharganya alam.,1.70075818215775E+018,2023-09-10 06:28:43+00:00,NissaPutrix,1.68442036693515E+018,0,0,0,0,https://twitter.com/NissaPutrix/status/1700758182157758532
@kevinpramudya_ Kita perlu mendukung upaya pemulihan alam di Bromo setelah kebakaran.,1.70075839154162E+018,2023-09-10 06:29:33+00:00,aurelptri12,1.68448067623679E+018,0,0,0,0,https://twitter.com/aurelptri12/status/1700758391541629198
@kevinpramudya_ Semoga kebakaran di Bromo bisa segera dipadamkan.,1.70075850849558E+018,2023-09-10 06:30:01+00:00,arihan_wahyu,1.68441348174604E+018,0,0,0,0,https://twitter.com/arihan_wahyu/status/1700758508495581304
@kevinpramudya_ Kebakaran di Bromo mengingatkan kita akan urgensi melindungi alam.,1.70075852830119E+018,2023-09-10 06:30:06+00:00,ninafitriiii_,1.6844955363958E+018,0,0,0,0,https://twitter.com/ninafitriiii_/status/1700758528301191575
@kevinpramudya_ Semoga semua hewan yang terdampak oleh kebakaran di Bromo bisa selamat.,1.70075854139149E+018,2023-09-10 06:30:09+00:00,FJaleludin46,1.68442610377415E+018,0,0,0,0,https://twitter.com/FJaleludin46/status/1700758541391499438
@kevinpramudya_ Peristiwa kebakaran di Bromo harus menjadi peringatan penting.,1.70075889033664E+018,2023-09-10 06:31:32+00:00,WahyuAkbarz,1.68441630038544E+018,0,0,0,0,https://twitter.com/WahyuAkbarz/status/1700758890336645156
@kevinpramudya_ Semoga semua hewan di Bromo bisa selamat dari kebakaran ini.,1.70075890874965E+018,2023-09-10 06:31:37+00:00,fajriraman_,1.68455720817094E+018,0,0,0,0,https://twitter.com/fajriraman_/status/1700758908749656336
@kevinpramudya_ Kebakaran di Bromo adalah peringatan akan perubahan iklim global.,1.70075911795322E+018,2023-09-10 06:32:26+00:00,pitovinatiii,1.68563827103514E+018,0,0,0,0,https://twitter.com/pitovinatiii/status/1700759117953224977
@kevinpramudya_ Kita perlu mendukung upaya pemulihan lingkungan di Bromo setelah kebakaran.,1.70075927709312E+018,2023-09-10 06:33:04+00:00,taqi_alif5,1.6844313313533E+018,0,0,0,0,https://twitter.com/taqi_alif5/status/1700759277093126506
@kevinpramudya_ Kebakaran di Bromo adalah peringatan bahwa alam tidak bisa diabaikan.,1.70075964482905E+018,2023-09-10 06:34:32+00:00,BernandeCl_,1.68443341475218E+018,0,0,0,0,https://twitter.com/BernandeCl_/status/1700759644829052952
@kevinpramudya_ Semoga para petugas pemadam kebakaran bisa bekerja dengan efektif di Bromo.,1.70075965283602E+018,2023-09-10 06:34:34+00:00,RegaNatann,1.68441637839532E+018,0,0,0,0,https://twitter.com/RegaNatann/status/1700759652836028541
@kevinpramudya_ Kebakaran di Bromo adalah dampak buruk dari aktivitas manusia.,1.70075967184452E+018,2023-09-10 06:34:39+00:00,dewinngsh_,1.68610145577273E+018,0,0,0,0,https://twitter.com/dewinngsh_/status/1700759671844528252
hari ini mimpi kebakaran bromo itu nyampek rumah,1.70076708645546E+018,2023-09-10 07:04:06+00:00,ainurrmelati,1.24428381297396E+018,0,0,0,0,https://twitter.com/ainurrmelati/status/1700767086455464129
@C_D3pp Kalau Bromo kesengajaan berujung kebakaran panjang,1.70077416196115E+018,2023-09-10 07:32:13+00:00,PejuangKeluar15,1.35803563201927E+018,0,1,0,0,https://twitter.com/PejuangKeluar15/status/1700774161961152930
"sedih liat bromo tiap musim kemarau pasti kebakaran, tapi abis itu selalu hijau rumputnya tumbuh baruu",1.70077531154852E+018,2023-09-10 07:36:47+00:00,drrunkm0mmy,1.44898404144993E+018,0,0,0,0,https://twitter.com/drrunkm0mmy/status/1700775311548526844
biuhh kebakaran bromo udah mau sampe ke hillside... 🥲,1.70077991305655E+018,2023-09-10 07:55:04+00:00,hyubiyoun,226128927,0,0,0,0,https://twitter.com/hyubiyoun/status/1700779913056551102
@tanyakanrl yaallah gua belum perna ke bromo malah udah kebakaran dluan perkara prewed 😭😭,1.70077996871499E+018,2023-09-10 07:55:18+00:00,rawrdrigoes,1.69386581524916E+018,0,0,0,0,https://twitter.com/rawrdrigoes/status/1700779968714993733
"Iya sama kalau begitu,, kebakaran di lereng gunung Bromo itu sebenarnya tidak ada unsur kesengajaan kok Pak De,, tiba-tiba terbakar aja 🤭",1.70080857486653E+018,2023-09-10 09:48:58+00:00,MhRaihan19,1.47585667310113E+018,0,0,0,0,https://twitter.com/MhRaihan19/status/1700808574866534660
"ngeliat update kebakaran bromo di wa grup ternyata masih menjalar kebakarannya sampe sore ini..  emang kalo urusan kebakaran hutan udah paling ribet, segini bromo bentuknya savana, masih terbilang bukan level sulit. kebakaran tetaplah kebakaran.",1.70081266967317E+018,2023-09-10 10:05:14+00:00,BaroqahHusni,1.34072586846579E+018,0,0,0,0,https://twitter.com/BaroqahHusni/status/1700812669673177098
"Per detik ini, Bromo masih kebakaran. Info dari orang lapangan😀😀😀😀😀😀😀😀😀😀😀😀😀😀😀😀😀",1.70082430700869E+018,2023-09-10 10:51:29+00:00,brigittasiw,303627559,0,0,0,0,https://twitter.com/brigittasiw/status/1700824307008696365
"Gimana ya rasanya orang yg kmrn abis prewed di bromo, kebakaran savananya belom padam smpe sekarang lho, udah berapa hariiiii yaAllah :(",1.70082487788707E+018,2023-09-10 10:53:45+00:00,nindsr,252441369,0,0,0,0,https://twitter.com/nindsr/status/1700824877887078695
"Tadinya gamau upload ulang, tapi gara-gara manusia-manusia itu, sampai detik ini kebakaran di Bromo belum padam.  Udah pake water bombing, tapi tetep aja.",1.70082822580148E+018,2023-09-10 11:07:03+00:00,brigittasiw,303627559,0,0,0,0,https://twitter.com/brigittasiw/status/1700828225801486501
@naaooollll nanti acara resepsinya pake flare juga aja sama putarin video kebakaran savana bromo,1.70086387648369E+018,2023-09-10 13:28:43+00:00,anak_5okin,1.60353627613668E+018,0,0,0,0,https://twitter.com/anak_5okin/status/1700863876483690554
"Kebakaran bromo makin luas woi, foto prewedding bikin rugi sebanyak ini.",1.70086750203589E+018,2023-09-10 13:43:07+00:00,SpecialWeek__,4647731336,0,0,0,1,https://twitter.com/SpecialWeek__/status/1700867502035898834
@flvmnle IYAAA! Ga guna bgt itu flarenya dinyalain. Asepnya malah keliatan ga penting di foto itu. Ya Tuhan... Bromo kebakaran cuma gegara foto prewed ga mutu gini 😩😩,1.70086823773354E+018,2023-09-10 13:46:03+00:00,ishanisa,33169604,0,0,0,0,https://twitter.com/ishanisa/status/1700868237733540128
@NyaiiBubu Jatim keok ngatasi kebakaran G. Bromo .  Jatim lemah melawan api .   Kasmian eeh kasihan gunungnya .,1.70087032408946E+018,2023-09-10 13:54:20+00:00,cimbulpamungkas,545697681,0,1,0,2,https://twitter.com/cimbulpamungkas/status/1700870324089463192
demi allah pengantin yng bikin bromo kebakaran… halal didoain yang jelek2. itu gede bgt kebakarannya anjing tololl bangsat,1.70087045487625E+018,2023-09-10 13:54:51+00:00,rejexxion,1.04099574244838E+018,0,0,0,0,https://twitter.com/rejexxion/status/1700870454876250451
@emilydiparis @anomharya @infomalang hah  mobil pemadam kebakaran ga kuat nanjak ke atas sampe turun ke pasir lautan huhuhuhuhu karena bawa air banyak   harus tau medan bromo dulu. mana ada pom spbu pertamina sana,1.70087132087423E+018,2023-09-10 13:58:18+00:00,dewifor99,1.44880250077821E+018,0,1,0,0,https://twitter.com/dewifor99/status/1700871320874230080
Segini gedenya kebakaran Bromo dan pengantin ga dijadikan tersangka? Atau aku yang belum update?,1.70087268374194E+018,2023-09-10 14:03:43+00:00,athya_,62039772,0,1,0,1,https://twitter.com/athya_/status/1700872683741945975
"@tanyarlfes Jujur gw sampe ga berani liat berita ini karena pasti mewek deh aslii, Ya Allah bisa bisanya bromo hancur kayak gitu cuma buat kepentingan pribadi. Itu yang bikin kebakaran ga dibakar sekalian aja? Dibakar pun tetep ga deserve sih, bromo😭",1.70088058406173E+018,2023-09-10 14:35:06+00:00,uninterestlove,1.35825542353552E+018,0,1,0,1,https://twitter.com/uninterestlove/status/1700880584061731279
"Itu mungkin untuk madamin api Bromo bisa dikasihinin tumbal? Tumbal org yg bikin kebakaran, mungkin bisa?  Ga boleh ya?",1.70088156424535E+018,2023-09-10 14:39:00+00:00,dare_darou,123762922,0,2,0,0,https://twitter.com/dare_darou/status/1700881564245352929
"@ruangtaktik Gak setuju gua min, pokoknya tetap salah maguire !! Bromo aja kebakaran salah Maguire jg",1.70088509114332E+018,2023-09-10 14:53:01+00:00,Zulkifly_Ramli,4640101520,0,1,0,3,https://twitter.com/Zulkifly_Ramli/status/1700885091143328209
"Kedua mempelai penyebab kebakaran bromo masa ga ditangkep? Modal muke melas ama tatapan kosong doang.... heeeuuuu, gua kontrakin nih tatapan lu biar ga kosong 🙄",1.70088903310126E+018,2023-09-10 15:08:41+00:00,aiyu_asayaka,100731168,0,1,0,0,https://twitter.com/aiyu_asayaka/status/1700889033101267409
"Dari kejadian kebakaran di bromo, saya paling kasian liat temanku. Persiapan sudah matang sekali dari palu, sudah tanya2 rute, jasa trip ke bromo, penginapan, dll. Pas sampe di malang ternyata bromo tutup 😭🤣",1.70089058519919E+018,2023-09-10 15:14:51+00:00,andi_hidayat,1081225380,0,1,0,0,https://twitter.com/andi_hidayat/status/1700890585199198400
Sedih banget baca beritanya. Udah lama ga ke Bromo malah kebakaran skrg,1.70089108733708E+018,2023-09-10 15:16:50+00:00,myverdaan,1.02214069925946E+018,0,0,0,0,https://twitter.com/myverdaan/status/1700891087337083256
gila ya kebakaran bromo masih berlanjut ternyata,1.7008912878791E+018,2023-09-10 15:17:38+00:00,Raflidfa,765306918,0,0,0,0,https://twitter.com/Raflidfa/status/1700891287879102651
Penasaran yg prewed bikin kebakaran bromo ntar pas anaknua widyawisata ke bromo 15 tahun ke depan bisa g nyombongin 'ayah bunda aku dulu sempet ngebakar tempat ini lohh',1.70089199271503E+018,2023-09-10 15:20:26+00:00,notarthurhirai,2311521926,0,0,0,1,https://twitter.com/notarthurhirai/status/1700891992715034800
"Tau kalo kebakaran di bromo,  welirang-arjuno, anjasmoro dan beberapa gunung di mojokerto-malang itu musiman tiap tahun pas kemarau panjang, tapi baru kali ini liat yg separah ini",1.70089288281373E+018,2023-09-10 15:23:58+00:00,trickyinvestor,1141870268,0,1,4,4,https://twitter.com/trickyinvestor/status/1700892882813735247
"njir bromo kan kebakaran, otw pilih bali",1.70089397472106E+018,2023-09-10 15:28:19+00:00,istfdhazzhraa,1.46629144762413E+018,0,1,0,0,https://twitter.com/istfdhazzhraa/status/1700893974721069146
kira-kira itu orang jadi nikah gak ya? pre-wedding aja udah bikin savana bromo kebakaran sampe hari ini haha,1.70089520623586E+018,2023-09-10 15:33:12+00:00,usaiberak,1.66799066359676E+018,0,1,0,0,https://twitter.com/usaiberak/status/1700895206235861099
"@tanyakanrl makin membesar api nya, aku kira udah padam, ternyata kebakaran di kawasan gunung sangat susah di padamkan ya 😭😭 semoga lekas padam bromo, keindahan mu akan sangat dirindukan 🥺",1.70089844045108E+018,2023-09-10 15:46:04+00:00,jexclyan,8.8432037537855E+017,0,0,0,2,https://twitter.com/jexclyan/status/1700898440451088894
"@tanyakanrl Ulah beberapa oknum jadi begini imbasnya. Selain kawasan Bromo yg kebakaran, wisatawan gagal berkunjung, dan pihak travel serta pedagang di sana juga ikut mengalami dampaknya.  Semoga Bromo segera membaik. Aamiin",1.70089870301034E+018,2023-09-10 15:47:06+00:00,biiymee,1933890337,0,6,17,534,https://twitter.com/biiymee/status/1700898703010345342
"@tanyakanrl lagi kangen bromo tbtb kebakaran gede cm krn org tolol yg sok sokan estetik, sediiii bgt",1.70089894249258E+018,2023-09-10 15:48:03+00:00,tasukamara,1.07290889299512E+018,0,0,0,0,https://twitter.com/tasukamara/status/1700898942492582104
"“Ok kak ken, untuk nanti preweddingnya di bromo ya”  “Oke siap”  “Pake baju winter ya”  “Hah? Alay amat”  “Pake flare juga nanti”  “Hah?? Ngaco bgt dikira mau nonton bola? Udh batal aja”  Selesai. Konklusi, bromo ga akan kebakaran kalo lu ga alay dan ga norak 👍",1.7008993769847E+018,2023-09-10 15:49:47+00:00,hotfagshit,1.08612942930095E+018,0,0,0,0,https://twitter.com/hotfagshit/status/1700899376984707229
btw kebakaran bromo itu serem bgt ih gue kalau jadi yg prewed udh mati karena rasa bersalah kali 🥲 sedih,1.70090167139059E+018,2023-09-10 15:58:54+00:00,heydu131,168621516,0,0,0,0,https://twitter.com/heydu131/status/1700901671390593472
@tanyakanrl Ini pasangan yang prewedd malu ga ya?  Pas resepsi tamu undangannya pasti pd ngomong “ini lo yg kmren bikin kebakaran di bromo”,1.7009039789792E+018,2023-09-10 16:08:04+00:00,bobasegar,1.07951123527868E+018,0,0,0,0,https://twitter.com/bobasegar/status/1700903978979205133
ya bromo yang kebakaran gue yang stress mikirinnya anj😭,1.70090428623715E+018,2023-09-10 16:09:17+00:00,froqueenn,1.54002865280026E+018,0,1,0,0,https://twitter.com/froqueenn/status/1700904286237159546
"Lah ini kebakaran kenapa lagi dah, Semoga lekas pulih ya bromo bru akhir agustus kemarin kesana",1.70090496521943E+018,2023-09-10 16:11:59+00:00,keira_ave,7.26814271498133E+017,0,0,0,0,https://twitter.com/keira_ave/status/1700904965219438910
yg prewed di bromo jd kebakaran apkh msh mood nikah😭,1.70090569553587E+018,2023-09-10 16:14:53+00:00,txtdrgw,1.50480464651866E+018,0,2,0,0,https://twitter.com/txtdrgw/status/1700905695535878522
aku sedih bgt tiap liat video bromo kebakaran:(( mau nangis:((,1.7009062740856E+018,2023-09-10 16:17:11+00:00,ijotosxca,1.45752260292721E+018,0,0,0,0,https://twitter.com/ijotosxca/status/1700906274085601491
"sementara hari Minggu Gn. Lawu udah ditutup efek kebakaran sabana Bromo beberapa hari lalu.   Pas kami turun sore tadi, di pintu masuk banyak pendaki yang batal ke puncak karena udah gak boleh naik ke atas. Beruntungnya kami!  Nikmat Tuhanmu yang mana lagi yang kamu dustakan?""""",1.70090649524288E+018,2023-09-10 16:18:04+00:00,Arkanezt,126259949,0,0,0,2,https://twitter.com/Arkanezt/status/1700906495242883563
@convomfs Bener2 gak nyangka September 2023 Bromo bisa kebakaran sebesar ini hiks 🥲🥹💔💔💔,1.70090758168082E+018,2023-09-10 16:22:23+00:00,igiveawaykri,1.08133165559008E+018,0,0,0,2,https://twitter.com/igiveawaykri/status/1700907581680828671
"Kayaknya ganti rugi kebakaran savana bromo 1,5M masih kurang kalo diliat dari dampaknya sampe kaya gitu",1.70090813749744E+018,2023-09-10 16:24:35+00:00,mhrdhikadp,39422542,0,0,0,0,https://twitter.com/mhrdhikadp/status/1700908137497444636
kebakaran di bromo makin ngeri sih,1.70090937683032E+018,2023-09-10 16:29:31+00:00,sourselly_,562929397,0,0,0,0,https://twitter.com/sourselly_/status/1700909376830320643
@tanyakanrl Semoga kebakaran Bromo segera padam dan bisa pulih kembali 😭,1.70091065852155E+018,2023-09-10 16:34:37+00:00,temanrekomen,1.69200958181857E+018,0,0,0,0,https://twitter.com/temanrekomen/status/1700910658521551124
yang udah beli ticket atau booking2 tempat karena berencana mau berwisata ke bromo itu dapet ganti rugi gak ya kalau tempatnya ditutup karena kebakaran?,1.70091157353836E+018,2023-09-10 16:38:15+00:00,henddr,251041601,0,0,0,0,https://twitter.com/henddr/status/1700911573538361381
"padahal sebelum pergi dari malang pengen nyempetin kesini, eh ternyata ada musibah kebakaran😩💆  semoga lekas pulih, Bromo ♡",1.70091251773913E+018,2023-09-10 16:42:00+00:00,beautiesthete,2527255808,0,0,0,0,https://twitter.com/beautiesthete/status/1700912517739131044
gunung bromo yg masih kebakaran :,1.70091302441527E+018,2023-09-10 16:44:01+00:00,sikoom,377811005,0,0,0,0,https://twitter.com/sikoom/status/1700913024415273041
@calllmetod @infomalang Pray For Bromo Lg kemarau ati2 gampang kebakaran jgn main api,1.70091583871352E+018,2023-09-10 16:55:12+00:00,CelinWinx,1.62911215168326E+018,0,0,0,0,https://twitter.com/CelinWinx/status/1700915838713520164
"2019 pas ke bromo juga lg ada kebakaran, september juga keknya",1.70091640574989E+018,2023-09-10 16:57:27+00:00,Maulanajulham_,1091528448,0,0,0,0,https://twitter.com/Maulanajulham_/status/1700916405749899769
@Maulana90458814 @jjsengui Moga cepet padam kebakaran di Bromo 🙏,1.70091705041434E+018,2023-09-10 17:00:00+00:00,NyaiiBubu,1.21989022493678E+018,0,1,0,1,https://twitter.com/NyaiiBubu/status/1700917050414342379
"Itu yg prewed bikin kebakaran di bromo nasib nya begimana ya, ga padam2 cuy",1.70091930913098E+018,2023-09-10 17:08:59+00:00,bangelonx,2859276025,0,0,0,0,https://twitter.com/bangelonx/status/1700919309130989988
"Nanya serius deh, itu kebakaran dihutan  Bromo bisa sampe ngaruh ke gunung nya gak sih?",1.70092201359297E+018,2023-09-10 17:19:44+00:00,nfuccckkk,1.30250073080945E+018,0,0,0,0,https://twitter.com/nfuccckkk/status/1700922013592977750
Memang ANJING itu yang PREWED sampe bikin hancur alam begini semoga pas malam pertama mau NGEWE ga bisa berdiri dihantui kebakaran Savana bromo...,1.70092478184211E+018,2023-09-10 17:30:44+00:00,Catatan_ali7,1.13331190697695E+018,0,1,6,18,https://twitter.com/Catatan_ali7/status/1700924781842112567
@dduings kayaknya dia abis liat berita kebakaran bromo jd bawaannya mau jaga alam sekitar😭,1.70092639182983E+018,2023-09-10 17:37:08+00:00,diaumond,1.1322576028454E+018,0,1,0,0,https://twitter.com/diaumond/status/1700926391829836261
@Jateng_Twit Memang ANJING itu yang PREWED sampe bikin hancur alam begini semoga pas malam pertama mau NGEWE ga bisa NGACENG karna dihantui kebakaran Savana bromo...,1.70092942142594E+018,2023-09-10 17:49:10+00:00,Catatan_ali7,1.13331190697695E+018,1,0,0,0,https://twitter.com/Catatan_ali7/status/1700929421425942577
"@yusronnurrizal @pendakilawas seminggu sebelum kejadian kebakaran ini, saya dan teman kebetulan ke bromo mas. dan memang di sana gersang, dan karna gersangnya itu sudah ada kebakaran yg diakibatkan karna panasnya cuaca. bahkan ketika saya sampai sana (jam 04.00) sudah ada kebakaran di beberapa titik.""",1.70092962622538E+018,2023-09-10 17:49:59+00:00,irfaannnnnnnnn,1.09316303104589E+018,0,2,0,6,https://twitter.com/irfaannnnnnnnn/status/1700929626225385855
"@tanyakanrl Ni orang yg bikin kebakaran ni kmrn, skrg bisa tidur gak liat Bromo kek begini? Udah ketangkep belom sih???? Kok gada britanya..",1.70093237341061E+018,2023-09-10 18:00:54+00:00,JjitiAn_Yu,1.01205008714754E+018,0,0,0,0,https://twitter.com/JjitiAn_Yu/status/1700932373410611398
Ini yg termasuk oknum2 pemyebab kebakaran bukit teletubbies d bromo apa gk takut yaa didatengin sama penunggu gunung? Kok bs berani begini? Perkara foto ala2 yg gk ada bagus2nya anjir...walaupun gw bukan fotografer professional tp gw ngerti nilai estetika..,1.70093683576841E+018,2023-09-10 18:18:38+00:00,nanorenxiao,1.48084014752029E+018,0,1,0,0,https://twitter.com/nanorenxiao/status/1700936835768410408
"@tanyakanrl Dulu usai dari Mahameru mau ke Bromo. Saat itu, kebakaran jg😢",1.70094017634702E+018,2023-09-10 18:31:54+00:00,angeliaruthh,82848823,0,0,0,0,https://twitter.com/angeliaruthh/status/1700940176347025550
@KontenBerfaedah Semoga cepet padam untuk kebakaran gunung bromo 🙏,1.70094811041411E+018,2023-09-10 19:03:26+00:00,aldodaffa29,2701814827,0,0,0,1,https://twitter.com/aldodaffa29/status/1700948110414111116
@irfaannnnnnnnn @pendakilawas Kebakaran karna panasnya cuaca kayak e gak mungkin dech om. Suhu bromo hampir tidak pernah melebihi 25° mana mungkin dengan terik segitu bisa membakar ilalang yg kering kecuali sengaja di bakar.🫶🇦🇷,1.70096806096082E+018,2023-09-10 20:22:42+00:00,yusronnurrizal,2390947201,1,4,0,1,https://twitter.com/yusronnurrizal/status/1700968060960821565
gue blom pernah ke bromo udh kebakaran aja...,1.70097487758559E+018,2023-09-10 20:49:48+00:00,salsabs_,317673321,0,0,0,1,https://twitter.com/salsabs_/status/1700974877585596717
@gbanureksa Parah banget sampe bromo kebakaran lho ini,1.70099019340967E+018,2023-09-10 21:50:39+00:00,weningie,1.55543632109031E+018,0,0,0,0,https://twitter.com/weningie/status/1700990193409671327
Buset ini savana bromo masih kebakaran gara2 prewed ituu ???  Lu belom nikah aja udah ngancurin alam coeg,1.70099495990898E+018,2023-09-10 22:09:36+00:00,liacliq,57556332,0,0,0,0,https://twitter.com/liacliq/status/1700994959908982821
"@aldapstsr Tolong diinget2 wajah pasangan prewednya biar pas mereka punya anak pertamanya kirimin bunga ucapan Selamat telah dikarunia anak pelaku kebakaran Bromo Bulan September 2023"" ""Semoga anaknya tidak seperti orang tua yang tidak peduli dengan lingkungan Bromo Bulan September 2023""""",1.70099724979765E+018,2023-09-10 22:18:42+00:00,Dayat1503,1.55441774066796E+018,0,1,0,44,https://twitter.com/Dayat1503/status/1700997249797656740
"@aldapstsr Biar apa? Biar tetangganya yang gak akses internet jadi tahu kalau oh itu anak si A ternyata pelaku kebakaran Bromo di bulan September 2023"". Secara tidak langsung tugas netizen memberi sanksi sosial masih berlanjut dan dilanjutkan oleh tetangga mereka🙂🙏""",1.70099792951402E+018,2023-09-10 22:21:24+00:00,Dayat1503,1.55441774066796E+018,0,1,0,5,https://twitter.com/Dayat1503/status/1700997929514025036
"@tanyakanrl Loh? Kirain kebakaran bromo udah padam dari kemaren lusa🥲 Makin gede aja apinya, semoga cepat padam Ya Tuhan.",1.70100463813544E+018,2023-09-10 22:48:03+00:00,adi_syahfitri,1.28886864787674E+018,0,0,0,0,https://twitter.com/adi_syahfitri/status/1701004638135447791
"@yusronnurrizal @untdfcs @andikaa0x @lulabeees @_kucingket @pendakilawas Tau ng savana e bromo gak? Nek tau seh kon mesti ne ero masio suhu ne adem nde kono matahari e panas ga enek halangan pohon dadi lgsg ng suket2. Fyi sakdurunge ono flare, akhir agustus sisi timur wis kebakaran cuman karna cuaca sg panas, butuh  4 dino madamnoe!",1.7010082783048E+018,2023-09-10 23:02:31+00:00,emldii,1.10602900716476E+018,0,2,0,2,https://twitter.com/emldii/status/1701008278304805331
"@fatkidsosa4lyfe @aldapstsr awalnya sebelum tau kebakaran bromo ini, GUE PIKIR ITU FOTO JADUL AWAL 2000AN. abis kualitasnya kurenggg bgt, konsepnya juga... apa kali",1.70100972034842E+018,2023-09-10 23:08:15+00:00,towewewewew,1.40294308256003E+018,0,0,0,2,https://twitter.com/towewewewew/status/1701009720348422160
"@infoXwor_ info dong yg tau sosmed pengantin asu yg bikin bromo kebakaran begini, w mau silaturahmi 🙂",1.70101172803599E+018,2023-09-10 23:16:13+00:00,dioprstyo,231736323,0,0,0,1,https://twitter.com/dioprstyo/status/1701011728035991585
"@tanyakanrl Ya Allah ini masih kebakaran ya? Sedih banget, ga bisa dipadamin apa apinya? Kasian sama warga sekitar yang mata pencariannya dari sini, inget banget ibu sama bapak"" yang jual adelweis, ganci disitu 🥺, semoga lekas pulih ya bromo 😢""",1.70101192786092E+018,2023-09-10 23:17:01+00:00,gaettoek,1.24840246553742E+018,0,0,0,0,https://twitter.com/gaettoek/status/1701011927860924447
"Belom kelar juga karena ulang wong goblok2 wingi kae. Kabeh dipenjarake wae, fotonya Photographer dan kedua calon mempelai diprint, dicetak, disebar dikasih tulisan “kami orang goblok penyebab kebakaran Bromo”",1.70101762542451E+018,2023-09-10 23:39:39+00:00,gentalubawan,65175588,0,0,0,0,https://twitter.com/gentalubawan/status/1701017625424515250
"Pagi-pagi gue udah sedih banget gegara kebakaran di Bromo yang ga berenti-berenti. Karena beberapa tahun ini belajar tentang pariwisata, jadi bisa ngebayangin dampaknya yang luar biasa bagi berbagai sektor. The offenders should shame on theirself forever🙂",1.70102099585391E+018,2023-09-10 23:53:03+00:00,segalalalanya,1.33487271342534E+018,0,0,0,0,https://twitter.com/segalalalanya/status/1701020995853914126
"@tanyarlfes Semua yg terlibat kebakaran bromo harus dipenjarain semua sih,,gimana nasib tulang punggung keluarga yang cari rupiah di sana??  guide, tukang sewa jeep dll, open trip, orang yg udah ambil cuti untuk liburan kesana, semuanya gimana? Hutan yg habis apa bisa tumbuh dlm sekejap?",1.70118912110299E+018,2023-09-11 11:01:07+00:00,dhitoryy,1.3877882422216E+018,0,0,0,0,https://twitter.com/dhitoryy/status/1701189121102991675
@detikcom Masa iya kasus kebakaran bromo ditutup pake kasus PH film porno?,1.70118943883411E+018,2023-09-11 11:02:23+00:00,dbrahmantyo,90809267,0,0,0,6,https://twitter.com/dbrahmantyo/status/1701189438834110681
"Mental gw pada dasarnya ngga kuat2 amat. Kalau gw ada di posisi calon manten flare Bromo, efek kebakaran segitu massive nya. Gw udah bundir sih asli..ngga sanggup sama tekanannya",1.7011897227927E+018,2023-09-11 11:03:31+00:00,FloNaad,91318483,1,0,0,0,https://twitter.com/FloNaad/status/1701189722792706066
Yg prewed di bromo bikin kebakaran itu anaknya org penting kah? Kok ngga kena hukuman samsek🙃,1.70119063982271E+018,2023-09-11 11:07:09+00:00,redcarmia,119309477,0,1,0,0,https://twitter.com/redcarmia/status/1701190639822713177
"Udah dikasih tempat nikah murah di KUA bayar 600rb doang, foto-foto, pulang. Lu malah milih foto-foto sambil nyalain flare di savana Bromo sampe bikin kebakaran. Tolol.",1.70119167706995E+018,2023-09-11 11:11:17+00:00,nksthi,1.0704052368067E+018,11,25,130,658,https://twitter.com/nksthi/status/1701191677069951345
Pak itu kebakaran di Bromo gimana andil pusat?,1.70119245818778E+018,2023-09-11 11:14:23+00:00,Edogawa034,269104638,0,0,0,0,https://twitter.com/Edogawa034/status/1701192458187780331
6. Aktivitas perekonomian terhenti total-&gt kesejahteraan masyarakat menurun 7. Terjadi gangguan kulit karena akibat dari pembakaran 8. Tercemarnya sumber air bersih di lingkungan bromo akibat kebakaran 9. Terhambatnya distribusi hasil pertanian ke daerah luar bromo-&gt harga naik,1.70119247696152E+018,2023-09-11 11:14:27+00:00,Dayat1503,1.55441774066796E+018,0,1,0,0,https://twitter.com/Dayat1503/status/1701192476961526035
"Ini klo beneran buat liburan gua paham si, soalnya gua klo liburan juga pasti mikirin budget, gua kemaren juga lagi bingung ke bromo bakalan ngeluarin budget berapa, tapi karena liat info bromo kebakaran kayanya gajadi ke bromo :((((",1.70119359162286E+018,2023-09-11 11:18:53+00:00,_richiemadden,1.00386521731335E+018,0,0,0,0,https://twitter.com/_richiemadden/status/1701193591622864979
"belum sempet ke bromo, sebelum kebakaran",1.70119393674285E+018,2023-09-11 11:20:15+00:00,tavoryyn,1.58310409072032E+018,0,0,0,0,https://twitter.com/tavoryyn/status/1701193936742859026
"Tadi dapat info dari rekan kerjaan, kenapa kebakaran yg di bromo itu sulit dipadamkan karena banyak faktor, faktornya seperti angin, telah merambat sampe ke akar, bara yg masih menyala, tidak seperti kebakaran rumah yg dalam beberapa jam bisa dipadamkan  Bagaimana menurutmu?",1.70119504595166E+018,2023-09-11 11:24:40+00:00,gapaparel,1.69833395886032E+018,1,5,2,23,https://twitter.com/gapaparel/status/1701195045951660366
"@fhnmandaxx @racunracunracun @mardiasih sejauh main ke Bromo, lutung Jawa ada di kawasan hutan TNBTS (bukan di lautan pasir lokasi kebakaran), karena mereka makan buah dan dedaunan. kalo elang Jawa kemungkinan iya, rusak habitatnya.",1.70119849952061E+018,2023-09-11 11:38:23+00:00,___m_0_o_n___,1.5084823546244E+018,2,1,0,4,https://twitter.com/___m_0_o_n___/status/1701198499520618567
"Ini gua bener2 bukan cari pembelaan atau gimana ya, kzl bgt liatnya yg mau prewed doang pake segala ngerusak alam  Ini beneran nanya, itu kebakaran di savana bromo sampe segede itu beneran krn yg foto prewed itu? Apa krn lagi faktor kemarau juga ya jd gampang nyebar kebakarannya?",1.70119853263464E+018,2023-09-11 11:38:31+00:00,popiikoo,111571314,0,1,0,0,https://twitter.com/popiikoo/status/1701198532634649003
@mintblownn Punca kebakaran gunung bromo,1.70119916055132E+018,2023-09-11 11:41:01+00:00,fathtihah,92485687,0,1,0,0,https://twitter.com/fathtihah/status/1701199160551329941
Ini gimana ngehukumnya pelaku kebakaran bromo ? gilee rusak berapa hektar coba akibat kebakaran,1.7011992612776E+018,2023-09-11 11:41:25+00:00,bismanugraha,52345996,0,0,0,0,https://twitter.com/bismanugraha/status/1701199261277601875
Calon mempelai wanita yg kayaknya paling kena mental di kebakaran Bromo gara2 flare yg dia pegang yg jatuh bakar rumput kering.  WO sama FG ga kepikiran sediakan APAR yah waktu sodorin ide pake flare di tengah area sabana gitu?,1.70120066898662E+018,2023-09-11 11:47:00+00:00,yean_jean,110370006,0,1,0,1,https://twitter.com/yean_jean/status/1701200668986622189
Sumpahh aku tuh kalo liat berita ttg kebakaran di Bromo bener² marah bgt sma orang² yg udh menyebabkan jd kyk gini 😡😡😡 gara² ulah segelintir orang dampak yg ditimbulkan bisa sedahsyat ini &amp  kerugiannya banyak bgt 🥺 Parahh. Rasanya pingin bgt nyumpahin org² itu 😭  Ya Tuhan 🥲,1.70120192822153E+018,2023-09-11 11:52:01+00:00,RnaReii,1.35047628734578E+018,0,1,0,1,https://twitter.com/RnaReii/status/1701201928221532668
"Yang bikin bromo kebakaran, anjim lo ya! gue belom pernah kesana seumur hidup",1.7012039178735E+018,2023-09-11 11:59:55+00:00,ilhamdanuegaa,2854372759,0,1,0,0,https://twitter.com/ilhamdanuegaa/status/1701203917873508746
"Mba rara kemana ya? Atau sesepuh yang bisa nurunin hujan di area probolinggo dan sekitarnya. Supaya kebakaran di Bromo segera padam. Karena dilihat dari beberapa video pemadaman api secara manual tidak mampu memadamkan, solusinya turun hujan deras. Semoga segera turun hujan aminn…",1.70120404314065E+018,2023-09-11 12:00:25+00:00,adhistiyy,9.05288615189762E+017,0,0,0,0,https://twitter.com/adhistiyy/status/1701204043140653413
pdhl terakhir kali ke bromo not even long time ago dia abis kebakaran jg,1.70120410546801E+018,2023-09-11 12:00:40+00:00,reyndang,8.79625014919675E+017,0,0,0,0,https://twitter.com/reyndang/status/1701204105468010501
ketemu pegat tapi tetep maksa lanjut akhirnya bromo kebakaran,1.70120425668938E+018,2023-09-11 12:01:16+00:00,doregitcha,4825613113,0,0,0,0,https://twitter.com/doregitcha/status/1701204256689381595
"sumpah gara2 kelakuan fotografer sama dua sejoli ini, gunung bromo jadi kebakaran bangkeeee kacau bgtt udah hasil foto jelek, merusak alam pula. Ngide banget sih ajg pake flare segala tolol kesel gua",1.70120435326323E+018,2023-09-11 12:01:39+00:00,eruille,1.33196550313328E+018,0,0,0,0,https://twitter.com/eruille/status/1701204353263231203
"aku ngebayangin yg mau nikah kmrn  pasang poto prewed, terus org lewat atau tamu be like eh ini bromo kan, apa mereka yg kmrn ini bikin bromo kebakaran yak ?"" 👀""",1.70120437625226E+018,2023-09-11 12:01:44+00:00,satsuki_blue,85016428,0,0,0,0,https://twitter.com/satsuki_blue/status/1701204376252268827
"@kegblgnunfaedh Mba rara kemana ya? Atau sesepuh yang bisa nurunin hujan di area probolinggo dan sekitarnya. Supaya kebakaran di Bromo segera padam. Karena dilihat dari beberapa video pemadaman api secara manual tidak mampu memadamkan, solusinya turun hujan deras.   Semoga segera turun hujan…",1.70120459058952E+018,2023-09-11 12:02:35+00:00,adhistiyy,9.05288615189762E+017,0,0,0,0,https://twitter.com/adhistiyy/status/1701204590589522301
@zakariamlk @ayliskin @AREAJULID Suruh balikin Bromo jadi kek semula. Kyk sblm kebakaran. Lebih guna.,1.70120473211802E+018,2023-09-11 12:03:09+00:00,Meryysetiani,1.40697886398122E+018,0,0,0,3,https://twitter.com/Meryysetiani/status/1701204732118028425
"Thomas menuturkan medan yang berat itu membuat gerakan tim pemadam kebakaran menjadi terbatas, ditambah angin bertiup kencang turut memicu api terus menyala membakar hutan dan lahan di Gunung Bromo, Jawa Timur.",1.7012054443401E+018,2023-09-11 12:05:59+00:00,antaranews,18071520,0,1,0,0,https://twitter.com/antaranews/status/1701205444340101372
"yey bromo kebakaran jadi kemungkinan besar dia akan hancur dan yang paling membahagiakan aku adalah kelas 9 bismillah aja ga ke bromo karna gue bosen kontol lu al amanah gakpunya tujuan wisata lain apa yang lebih cute, bromo mah gunung gunung doang kaga ada perosotanya",1.70120582287192E+018,2023-09-11 12:07:29+00:00,velvetkissvett,1.46302073727119E+018,0,0,0,0,https://twitter.com/velvetkissvett/status/1701205822871924778
"Tiap hari liat update kebakaran di Bromo yg ada emosi makin nambah😭😭 bener2 yaa..dewasa ini yg langka adalah kepekaan, dan yg lestari adalah apatisme💔 Sakjane wong2 iku ndue pikiran gak seeehhhh😓 sekian hektar loh yang hanguuss😭",1.70120600029939E+018,2023-09-11 12:08:12+00:00,SoniaFambayun,235015866,0,0,0,0,https://twitter.com/SoniaFambayun/status/1701206000299397252
"berkali2 liat insiden kebakaran bromo di medsos isi komennya kebanyakan cari tau siapa pasangan prewednya, mending cari solusinya bareng biar cepet reda tu apii krn gamungkin kalo solusinya dateng dri pasangannya sedangkan mereka skrg lgi tekanan bgt dihujat begitu",1.70120610292555E+018,2023-09-11 12:08:36+00:00,cathhree,1.35645310115522E+018,0,0,0,0,https://twitter.com/cathhree/status/1701206102925558266
Orang yang bikin Bromo kebakaran ...,1.70120689468857E+018,2023-09-11 12:11:45+00:00,noval_nauvala,1232831996,0,0,0,0,https://twitter.com/noval_nauvala/status/1701206894688579683
@AkangCabang Pengen ke bromo gess tapi wes ditutup juga sm pemerintah akibat kebakaran iki😔,1.7012072091942E+018,2023-09-11 12:13:00+00:00,ayooemmm,8.54662080980373E+017,0,1,0,0,https://twitter.com/ayooemmm/status/1701207209194201569
Orang terbangsat taun ini jatuh ke yg prewed di bromo sampe bikin kebakaran Ini kayanya udah gabisa disebut orang sih,1.70120724658222E+018,2023-09-11 12:13:09+00:00,amamo_ons,1.66772454069121E+018,0,0,0,2,https://twitter.com/amamo_ons/status/1701207246582227186
Aku setuju hukum jalanan bertindak untuk pasangan prewedding yang menyebabkan kebakaran di bromo,1.70120883896228E+018,2023-09-11 12:19:28+00:00,GirlMakeMeFat,1007920993,0,0,0,0,https://twitter.com/GirlMakeMeFat/status/1701208838962282629
"pengenten bromo pas malem pertama bilek  gunung aja ak kasi vler bisa kebakaran, apalagi anu km""""",1.70120886217787E+018,2023-09-11 12:19:34+00:00,nyctophiliasm,781501194,0,6,0,1,https://twitter.com/nyctophiliasm/status/1701208862177874114
"Org2 yg terlibat di kebakaran gn. Bromo hrs mempertanggungjawabkan perbuatannya. 1 sdh dijadikan tersangka, kemungkinan dipenjara. yg lain kalau ga bs dipenjara at least kerja sosial atau apa gitu. Ganti perbuatan merugikan mjd bermanfaat.",1.70121003592021E+018,2023-09-11 12:24:14+00:00,jejakshinta,96920874,0,0,0,0,https://twitter.com/jejakshinta/status/1701210035920216454
"bromo kebakaran, arjuna kebakaran, waduhh malang sdang ndak baik2 aja :( semoga lekas membaik ya malang :(. pantesan 2 hari ini gerah banget njirr. siang2 31 derajat wkwk :",1.70121048334766E+018,2023-09-11 12:26:00+00:00,dioramapribadi,1.19826258910644E+018,0,0,0,0,https://twitter.com/dioramapribadi/status/1701210483347661303
Sedih kebakaran di kawasan Bromo gegara ulah bodoh tukang foto prewed  😢😢,1.70121221880797E+018,2023-09-11 12:32:54+00:00,junitabeer,100461774,0,0,0,2,https://twitter.com/junitabeer/status/1701212218807972101
Itu foto pre wedding ngapain ???  Idenya ngapain ?? Sampai membuat kebakaran  Bromo ?? Ampun ya. Semoga cepat padam dan tidak ada korban.,1.70121233642892E+018,2023-09-11 12:33:22+00:00,FaizaMardz,71967792,0,0,0,1,https://twitter.com/FaizaMardz/status/1701212336428925077
@kompascom Ini jadi sejarah sih. Bromo kebakaran gara2 prewedding efeknya sampe segininya 😩😩😩,1.70121237514648E+018,2023-09-11 12:33:31+00:00,calatheatisue,7.38366949478916E+017,0,0,0,0,https://twitter.com/calatheatisue/status/1701212375146484105
Sad bgt kebakaran di sabana Bromo :(,1.70121241721957E+018,2023-09-11 12:33:41+00:00,Sybnnnn,2795242735,0,0,0,0,https://twitter.com/Sybnnnn/status/1701212417219572143
Btw ttg bromo dulu tu gue pernah mimpi ngeliat bromo. Ga sampe kebakaran si cuma gue ngeliat yg tadinya ijo bagus sekelebat mata berubah jadi item. Disekitar gunungnya jg menghitam padahal langit masih siang gt. Sampe bikin gue takut trs kebangun..,1.70121291778877E+018,2023-09-11 12:35:41+00:00,DA6_BOBSUNGJIN,7.53235839409192E+017,0,1,0,0,https://twitter.com/DA6_BOBSUNGJIN/status/1701212917788778931
"Insiden kebakaran di Bromo adalah bukti ke sekian yg menunjukkan bhw orang2 Indonesia itu ignorant ttg tanggap bencana. Tidak punya sense of danger. Pendidikan tinggi, duit punya tp pikirannya dogmatisk, gak bisa diajak antisipasi. Berserah pada nasib tanpa usaha berarti.",1.70121436575893E+018,2023-09-11 12:41:26+00:00,dewawisana,9221962,0,1,1,12,https://twitter.com/dewawisana/status/1701214365758931108
"Emang blm jodoh ke Bromo, pagi diajakin sore ada berita kebakaran nya. Sampe sekarang belum padam juga api nya 🥹 gws Bromo 🫶🤲",1.70121459277573E+018,2023-09-11 12:42:20+00:00,SiskaTeukie,137230681,0,0,0,0,https://twitter.com/SiskaTeukie/status/1701214592775737378
"@tanyakanrl sedih bgt bromo kebakaran, mana gue blm pernah kesana lagi, apa ntar klo kesan gabakal sebagus dulu? 😭",1.70121546184809E+018,2023-09-11 12:45:47+00:00,ohunieeee,1.29626342225482E+018,0,0,0,0,https://twitter.com/ohunieeee/status/1701215461848093127
Berharap hujan turun deras dan agak lama di daerah bromo biar kebakaran padam.. 😭😭,1.70121559899337E+018,2023-09-11 12:46:20+00:00,HariIniWinda,227669145,0,1,0,0,https://twitter.com/HariIniWinda/status/1701215598993375507
"Masih banyak orang yang nggak mau berfikir panjang.  Contohnya ,  foto pre wedding di Gunung Bromo yg menyebabkan kebakaran yg meluas dan susah untuk dipadamkan.  Hiks..",1.70121594771624E+018,2023-09-11 12:47:43+00:00,Rozani69746958,8.09033104358707E+017,0,0,0,0,https://twitter.com/Rozani69746958/status/1701215947716247807
"Bukan hanya kebakaran di Bromo... Kita tengok mundur ke belakang, kebakaran hutan terkadang terjadi karena hal yang dianggap remeh seperti putung rokok.",1.70121610020435E+018,2023-09-11 12:48:20+00:00,taukhidwb,1.6901239828578E+018,0,0,0,0,https://twitter.com/taukhidwb/status/1701216100204351794
Padahal ku pengen bgt honeymoon ke malanggg ke bromo tp lagi kebakaran bromo nyaaa😢😢😢😢,1.70121652040232E+018,2023-09-11 12:50:00+00:00,meinenameistcal,232124092,0,0,0,0,https://twitter.com/meinenameistcal/status/1701216520402321656
"Gara2 mainan flare 50 hektar bukit teletubbies bromo kebakaran. Mau wo, penganten, fotografer-nya goblok semua",1.70121667533567E+018,2023-09-11 12:50:37+00:00,thomaswijaya_,1.38822703961902E+018,0,0,0,0,https://twitter.com/thomaswijaya_/status/1701216675335672016
Gw pengen ke bromo tp bromonya kebakaran 😭,1.70121668545235E+018,2023-09-11 12:50:39+00:00,eibiseu,316236354,0,0,0,0,https://twitter.com/eibiseu/status/1701216685452353758
@acarnanashh @AREAJULID Emang sampe punya anak ? Malam pertama aja ga bisa berdiri karna kepikiran kebakaran bromo,1.70121673793143E+018,2023-09-11 12:50:52+00:00,Catatan_ali7,1.13331190697695E+018,0,1,0,0,https://twitter.com/Catatan_ali7/status/1701216737931432235
ko aku malah kasian y sama fotografer + pasangan prewed di kasus kebakaran gunung bromo.  maksudnya tuh kan itu ga sengaja dan mereka juga gamau itu terjadi.,1.70121681855025E+018,2023-09-11 12:51:11+00:00,sswlgf,1.67950938643852E+018,0,0,0,0,https://twitter.com/sswlgf/status/1701216818550251876
hadeh blm kesampean ke bromo dari kuliah trs skrg kebakaran😒,1.70121719097089E+018,2023-09-11 12:52:40+00:00,runndelia,115675647,0,0,0,0,https://twitter.com/runndelia/status/1701217190970896425
"lihat kasus kebakaran di bromo, lepas dari satu kesalahan yang berdampak besar, reaksi rang-orang dengan nyerang hidup dan kehidupan pelaku seolah-olah dia paling jahat ini kok serem juga ya. oke dia menghancurkan rerumputan, tapi..kita juga jadi menghancurkan hidup orang, kah?",1.7012176184795E+018,2023-09-11 12:54:21+00:00,herwanayogi,74150904,1,3,0,0,https://twitter.com/herwanayogi/status/1701217618479501578
eh kebakaran bromo serem deh udah nyampe malang,1.70121812692135E+018,2023-09-11 12:56:23+00:00,bokemisme,1.35606654175889E+018,0,1,0,0,https://twitter.com/bokemisme/status/1701218126921359616
Ini serius kebakaran bromo masih belum padam sampe sekarang?🥺😭,1.70121848228799E+018,2023-09-11 12:57:47+00:00,rhmiaw,1646915533,0,0,0,0,https://twitter.com/rhmiaw/status/1701218482287993030
itu kalo bromo adalah jirisan kebakaran bakal padam dalam satu malam. yang nonton jirisan pasti paham.,1.70121899460123E+018,2023-09-11 12:59:50+00:00,bingbinggrae,1.30770570607463E+018,0,0,0,0,https://twitter.com/bingbinggrae/status/1701218994601230489
@detikcom Lah wajib lapor doangan enak bener. Kalo tuh pasangan kucluk kagak foto2 norak di situ gak bakal ada kejadian kebakaran. Suruh orangnya muncul di tv buat permintaan maaf. Larang kawasan Bromo untuk kegiatan foto2 norak begitu,1.70121926924008E+018,2023-09-11 13:00:55+00:00,masbhoed,41281267,0,0,0,0,https://twitter.com/masbhoed/status/1701219269240086961
Tebak suku biang kerok kebakaran bromo @rynorm,1.70121930834771E+018,2023-09-11 13:01:04+00:00,rcoaimn,389971420,1,0,0,4,https://twitter.com/rcoaimn/status/1701219308347719838
"@AREAJULID belum juga kesampean ke bromo, sudah kebakaran, semoga cepat membaik",1.70121969787285E+018,2023-09-11 13:02:37+00:00,wndaapumpkins,613586343,0,0,0,1,https://twitter.com/wndaapumpkins/status/1701219697872850953
"@mengsimeow Sekarang kan lagi musim kebakaran. Bromo dkk, tpa di bandung, lahan pinggir jl tol. Keknya tiap kota ada. Berjamaah amat, sehabis pltu banten bikin polusi parah.",1.70122001306212E+018,2023-09-11 13:03:52+00:00,hansheep,80871948,0,1,0,0,https://twitter.com/hansheep/status/1701220013062123938
Yaallah kasian bgt bromo😭😭😭😭😭 gundul anjrrr kemaren udah kebakar malah kebakaran lagi 😭😭😭😭😭 ih Yaallah sedih deh alam yg indah kek gitu hancur gitu aja 😭😭😭😭,1.70122055939121E+018,2023-09-11 13:06:03+00:00,Ayunsitarosa,331982940,0,0,0,0,https://twitter.com/Ayunsitarosa/status/1701220559391215873
"Udh niat mau ke bromo pdhl, seumur idup blom pernah, ehh udh rusak kebakaran 😭😭😭",1.70122185323758E+018,2023-09-11 13:11:11+00:00,luvyenz,69215528,0,0,0,0,https://twitter.com/luvyenz/status/1701221853237584179
"Beberapa kali kejadian besar dipicu hal yang kecil, misal kasus Rafael Alun yang bikin orang antipati bayar pajak disebabkan sama kisah asmara bocil 15 tahun. Sekarang kebakaran di Gunung Bromo seluas 50 ha gegara orang bodoh foto prewed pake flare.",1.70122191285957E+018,2023-09-11 13:11:25+00:00,rendylele,107429648,0,0,0,0,https://twitter.com/rendylele/status/1701221912859570577
Kebakaran di Gunung Bromo belum padam ya api nya?,1.70122221645584E+018,2023-09-11 13:12:38+00:00,Ivana_Nolaa,1.65819568911615E+018,0,0,0,0,https://twitter.com/Ivana_Nolaa/status/1701222216455840194
@Heraloebss Mertua saya (asli Tosari)bilang kalau rumput di Bromo itu sering kebakaran di musim kemarau dan kalau sudah musim hujan bakal menghijau kembali. Tapi sepanjang yang dia tau baru kali ini terjadi kebakaran sampai berhari-hari dan sangat luas sampai merusak pipa air dan pepohonan.,1.70122354732947E+018,2023-09-11 13:17:55+00:00,kemuning_raya,102658859,0,2,0,8,https://twitter.com/kemuning_raya/status/1701223547329474849
@hahingang @louserinaa Kasian hewan2 dan tumbuh2an yg d Bromo kl kebakaran gini ...,1.70122452340701E+018,2023-09-11 13:21:48+00:00,Jingga_____,1.07068828907659E+018,0,0,0,1,https://twitter.com/Jingga_____/status/1701224523407011980
"Pdhl awalnya bahas kebakaran di Bromo, kok jd bahas hukum suap &amp  hadiah. 😅",1.70122618473698E+018,2023-09-11 13:28:24+00:00,buku_sherry,1.4250897649576E+018,0,0,0,0,https://twitter.com/buku_sherry/status/1701226184736989360
"Parah bgt itu ih yg kebakaran di bromo grgr flare, lagian ngide bgt dah pake gituan di area banyak pepohonan mana lagi musim kemarau",1.70122659046037E+018,2023-09-11 13:30:01+00:00,winterrrfalll,1.55681842513749E+018,0,0,0,0,https://twitter.com/winterrrfalll/status/1701226590460379473
belum sempet ke Bromo udah kebakaran aja 😥,1.70122674973071E+018,2023-09-11 13:30:39+00:00,ipehadid,1321896115,0,0,0,1,https://twitter.com/ipehadid/status/1701226749730718046
Liat berita bromo kebakaran. Nykp lngsng nunjukkin foto &amp  videonya dia. Seindah itu bromo. Diakhir dia blng gayaan emaknya drpd anaknya.,1.70122699301294E+018,2023-09-11 13:31:37+00:00,rskaannisa,395279205,0,0,0,0,https://twitter.com/rskaannisa/status/1701226993012941257
"Minggu lalu, Indonesia dihebohkan dengan kejadian kebakaran di Kawasan Wisata Bromo akibat penggunaan flare pada sebuah sesi foto prewedding. Kebakaran tersebut dikabarkan masih terjadi hingga saat ini dan semakin meluas.",1.70122799637011E+018,2023-09-11 13:35:36+00:00,ndrerahadian,3819735252,0,1,0,0,https://twitter.com/ndrerahadian/status/1701227996370112635
"Meskipun titik panasnya meluas, memang saat ini belum ada tanda-tanda adanya penundaan dan pembatalan penerbangan akibat dari kebakaran di kawasan Bromo.",1.70122882512686E+018,2023-09-11 13:38:53+00:00,ndrerahadian,3819735252,0,1,0,0,https://twitter.com/ndrerahadian/status/1701228825126867392
"dk imo yang tinggal di sekitar bromo bahkan yang terdampak sampe wilayah lain lebih pantes buat nuntut dan kasih sanksi ke orang2 yg bikin kebakaran bromo, bukan malah wajib laporrrrr wkwkwk kocak",1.70122926724426E+018,2023-09-11 13:40:39+00:00,_ngabchan,1.06871723022803E+018,0,0,0,1,https://twitter.com/_ngabchan/status/1701229267244265935
"Ini 2 manusia titisan anjing yang prewed di bromo dan bikin kebakaran gara-gara kebodohannya itu hidupnya lagi kaya gimana ya sekarang? Enjoy banget livin' life kayanya, tidur nyenyak kah? Makan masih enak kah? Blok goblok ckck",1.70122935965306E+018,2023-09-11 13:41:01+00:00,rickyrdiansyah,426691395,0,0,0,0,https://twitter.com/rickyrdiansyah/status/1701229359653061075
"Lihat update kebakaran di Bromo, keknya tersangkanya daripada di penjara mending disuruh tanam ulang aja tuh pohon pohon yg pada kena api 😇",1.70123013173641E+018,2023-09-11 13:44:05+00:00,semutkecil__,1.23528286571521E+018,0,0,1,0,https://twitter.com/semutkecil__/status/1701230131736416287
@shuggie_nihboss @tobikadachy @calllmetod @infomalang Mampusss dah ga jadi nikah.. biaya nikahnya sekua ga bisa tuh nutupin kebakaran di bromo kemaren,1.70123036301455E+018,2023-09-11 13:45:00+00:00,pundhimaulinaa8,292173320,0,0,1,1,https://twitter.com/pundhimaulinaa8/status/1701230363014557988
Ke bromo aja belum udah kebakaran,1.70123039322189E+018,2023-09-11 13:45:07+00:00,arasenpie,223519373,0,1,0,0,https://twitter.com/arasenpie/status/1701230393221894353
Couple yg bikin bromo kebakaran masih bisa tidur tenang gak yah?   Kerugiannya gila-gilaan bgt dan masif ke banyak orang.,1.70123135370514E+018,2023-09-11 13:48:56+00:00,sarisavira_,1.12011768435025E+018,0,0,0,0,https://twitter.com/sarisavira_/status/1701231353705144483
Liat footage bromo yg kebakaran bikin pengen nangis soalnya aku belum kesana sama @haruray610  mau nangis..,1.70123150301799E+018,2023-09-11 13:49:32+00:00,notbrinfr,1.30119705331841E+018,0,1,0,0,https://twitter.com/notbrinfr/status/1701231503017996747
"gue kalo jadi tamu undangan nikahannya pas salaman : selamat ya, akhirnya nikah. btw kalian kan yang bikin savana bromo kebakaran?""""",1.7012324814568E+018,2023-09-11 13:53:25+00:00,iinjeonghagi,1.48091483015241E+018,0,0,0,0,https://twitter.com/iinjeonghagi/status/1701232481456808224
Laknat bgt ini pelaku kebakaran bromo arghh kzl,1.70123284256544E+018,2023-09-11 13:54:51+00:00,rizkaafg,239733117,0,0,0,1,https://twitter.com/rizkaafg/status/1701232842565443595
"gila ya. ga tau ini efek kebakaran bromo atau gimana, hari ini malang panas banget udaranya 😭😭",1.70123365985915E+018,2023-09-11 13:58:06+00:00,sparkle_jullie,448727659,0,1,0,0,https://twitter.com/sparkle_jullie/status/1701233659859153295
"@mirandauchy2 Yg kebakaran Bromo, penggusuran pulau, PBVSI, PBSI, becca beca itu jg lewat mulu beritanya",1.70123544353304E+018,2023-09-11 14:05:11+00:00,wobowobow,9.78880488092917E+017,0,0,0,0,https://twitter.com/wobowobow/status/1701235443533041848
goblok bgt yg bikin kebakaran bromo,1.70123749231624E+018,2023-09-11 14:13:20+00:00,lm_kaysa,238928818,0,0,0,0,https://twitter.com/lm_kaysa/status/1701237492316246332
"fyp tiktok aku isinya lagi ibu mertua baik, teteh kasir warung grosir yg ngitung pake kalkulatornya cepet, kebakaran bromo sama jajanan bandung. bagian teteh kasir warung nontonnya satisfying 🤣",1.70123780554693E+018,2023-09-11 14:14:34+00:00,JSukmaaa,158616613,0,0,0,0,https://twitter.com/JSukmaaa/status/1701237805546930457
@KompasTV Pemerintah harusnya lebih maksimal dalam  menangani kebakaran di Gunung Bromo,1.70123979590773E+018,2023-09-11 14:22:29+00:00,asrulrundang60,1.66682198056438E+018,0,0,0,0,https://twitter.com/asrulrundang60/status/1701239795907731770
"@Dheaalfa @tanyakanrl Lagi proses katanya, tapi kok lama ya casenya. Bahkan akibat Bromo kebakaran udah ngerusak pipa 6 desa loh (enem desa kan luas yak), terus apinya merembet sampe mendekati pemukiman 😭😭. YaAllah ngebayangin polusi kaya apa ya mana musim kemarau.",1.70124011742631E+018,2023-09-11 14:23:46+00:00,NachosMoving,134371324,0,0,0,0,https://twitter.com/NachosMoving/status/1701240117426315449
Marah banget sedih banget liat kebakaran di Bromo. Gue liat orang buang sampah di jalanan aja pengen gue maki. Ini orang sok keren demi konten yang hasil nya juga ga seberapa bagus sampe ngerusak alam! BANGSAT!!! 😭😭😭😭😭 Cepet pulih Bromo. Lekas membaik😭😭😭😭🙏🫶,1.70124232700664E+018,2023-09-11 14:32:32+00:00,Omegarana,73836623,0,0,0,1,https://twitter.com/Omegarana/status/1701242327006646756
"@arasenpie Bener lagi wkwkwk. Ada rencana mo ke bromo sama keluarga, eh belum kesampean udh kebakaran duluan ckckck",1.70124295896658E+018,2023-09-11 14:35:03+00:00,ddsryna,404656468,0,1,0,0,https://twitter.com/ddsryna/status/1701242958966583350
"@ZhongIiSemok @louislugas Iya sempet baca juga kalo sblmnya bromo kebakaran, tapi lupa beritanya dimana terus muncul lg karna prewed",1.70124335713612E+018,2023-09-11 14:36:38+00:00,bellabieel,1.09703392458734E+018,0,0,0,2,https://twitter.com/bellabieel/status/1701243357136122304
@jogmfs Mending up kebakaran di Bromo bukit Teletubbies. Biarin ini org bisa tau jalan balik,1.70124384224933E+018,2023-09-11 14:38:34+00:00,_ownersegala,509977158,0,0,0,0,https://twitter.com/_ownersegala/status/1701243842249335037
Demi apapun jujur gw marah sm yg prewed mlh bkin bromo kebakaran. Kek lu ap g syok anying bkin mslh segede itu wkkk auah. Mna ky g ad usaha buat ap kek madamin dkit konstribusi. Mlh biarin mkin gede. SYOK G LU NGERUSAK ALAM YG IMBASNY SEGEDE ITU HAH? G pduli mw pengantin/ftogrfer,1.70124498369977E+018,2023-09-11 14:43:06+00:00,4O4_notfind,1.43143292772899E+018,0,1,0,0,https://twitter.com/4O4_notfind/status/1701244983699771461
"pdhl pas kebakaran inj gua mau ke bromo, lah kok ada berita ini cancel dah anying",1.70124527630281E+018,2023-09-11 14:44:16+00:00,civmoci,7.92137254315536E+017,0,0,0,0,https://twitter.com/civmoci/status/1701245276302819341
Sumpah ya kesel babget liat berita kebakaran bromo tuuh,1.70124654848552E+018,2023-09-11 14:49:19+00:00,attinski,134048129,0,0,0,0,https://twitter.com/attinski/status/1701246548485521419
not me crying over bromo yg kebakaran 😢,1.70124741322095E+018,2023-09-11 14:52:45+00:00,ilzies,1.52943262344492E+018,0,0,0,0,https://twitter.com/ilzies/status/1701247413220950299
Busehh kebakaran searea Bromo gitu tersangkanya cm 1 doang??? Mau heran tapi ini +62 😀,1.70124744781135E+018,2023-09-11 14:52:53+00:00,brcupid,1.42749564374491E+018,0,0,0,0,https://twitter.com/brcupid/status/1701247447811358722
Pasangan prewed dan pelaku lainnya dalam kebakaran di Bromo ini ga diminta nyewain helikopter apa pesawat amfibi untuk guyur kobaran apinya?,1.70124827524697E+018,2023-09-11 14:56:11+00:00,sefkelik,211150943,0,1,10,27,https://twitter.com/sefkelik/status/1701248275246977441
"@txtdarigajelas untung dia kaga beneran pake kata lautan api"" kalo sampe pake beneran jd negara api itu udh kebakaran semua, tinggal kita suruh wo yg kmrn bakar bromo aja😂""",1.70124831003444E+018,2023-09-11 14:56:19+00:00,galihgpb,1443830845,0,1,0,1,https://twitter.com/galihgpb/status/1701248310034448846
@convomfs top 3 pelaku kebakaran bukit savana bromo,1.70124842250892E+018,2023-09-11 14:56:46+00:00,Julianmj_,1.13288459445627E+018,1,0,1,0,https://twitter.com/Julianmj_/status/1701248422508929494
Sampai di tahapan selalu skip berita kebakaran Bromo. Terlalu sakit dan patah hati. 💔,1.70124847619609E+018,2023-09-11 14:56:59+00:00,ilfahabib,90923589,0,2,0,0,https://twitter.com/ilfahabib/status/1701248476196094348
tolol bgt yg bikin kebakaran di bromo,1.70124896164897E+018,2023-09-11 14:58:54+00:00,kinnk1nn,1.50690553076554E+018,0,1,0,1,https://twitter.com/kinnk1nn/status/1701248961648971777
"@XeanOnly Definisi baru buka twitt, lihat bromo kebakaran, skg kremy juga kebakaran jenggot dan nyalahin blink lagi😭😭",1.70124960491255E+018,2023-09-11 15:01:28+00:00,dewi_ehheh24,1.47473566365627E+018,0,0,0,1,https://twitter.com/dewi_ehheh24/status/1701249604912554309
"@pendakilawas efek kebakaran bromo damkar dadi luwih paranoid. tanggaku ngresiki kebon, bakar sampah we diparani damkar ro polisi 😄. semoga cepat pulih 🙏",1.7012506015086E+018,2023-09-11 15:05:25+00:00,afifsyp_,2177943475,0,0,0,0,https://twitter.com/afifsyp_/status/1701250601508605995
Sedih bgt anjir ternyata bromo makin meluas kebakaran ny😢😢😢,1.70125074625816E+018,2023-09-11 15:06:00+00:00,PikaaaChimmm,1.41414798579389E+018,0,0,0,0,https://twitter.com/PikaaaChimmm/status/1701250746258161992
Ini ga ada yang mau ngeditin foto prewedding mereka dengan latar belakan bromo kebakaran apa?,1.70125112437048E+018,2023-09-11 15:07:30+00:00,akumaenjel,3903585997,0,0,0,0,https://twitter.com/akumaenjel/status/1701251124370485430
"Demi padahal minggu lalu aku bilang ke mama papaku kalo wish bday ku, aku pengen ke bromo, gara2 pas liburan kmren belim sempet kesana. eh kok malah ada kebakaran😭😭😭",1.70125262593558E+018,2023-09-11 15:13:28+00:00,cutiestonell,1.21006271924987E+018,0,0,0,0,https://twitter.com/cutiestonell/status/1701252625935589824
@kompascom Seumur hidup mereka bakal trauma dengan kata Flare-Bromo-Kebakaran-Prewed,1.70125363842796E+018,2023-09-11 15:17:29+00:00,miedhaaa,173349725,0,1,0,0,https://twitter.com/miedhaaa/status/1701253638427967939
sedih bgt liat kebakaran bromo,1.70125625725939E+018,2023-09-11 15:27:54+00:00,Megalinda22,1361485712,0,0,0,0,https://twitter.com/Megalinda22/status/1701256257259397563
Jahat banget sih itu yang bikin savana Bromo kebakaran:(((,1.70125714195971E+018,2023-09-11 15:31:25+00:00,_utass,1540094636,0,0,0,0,https://twitter.com/_utass/status/1701257141959717035
@AndryWaseso Mbak rara gak kepikiran nurunin hujan buat kebakaran di bromo apa ya?,1.70125843255127E+018,2023-09-11 15:36:32+00:00,fari_giraf,1.53810237529393E+018,0,0,0,0,https://twitter.com/fari_giraf/status/1701258432551272853
ini nasib fieldtrip kita gmn yah 😭 kek anjir bromo masih kebakaran 😭,1.70125926522544E+018,2023-09-11 15:39:51+00:00,yagamiikira,1.39466904661271E+018,0,1,0,0,https://twitter.com/yagamiikira/status/1701259265225445496
@pendakilawas inget drakor drromantic pas kebakaran hutan yg diharapin cuma turun hujan. yaallah smg ada keajaiban gt tbtb hujan besar di bromo biar apinya padam😭😭,1.7012600105868E+018,2023-09-11 15:42:49+00:00,adeeengs,68096143,0,1,0,7,https://twitter.com/adeeengs/status/1701260010586808502
"Itu orang yg prewednya bikin kebakaran gede ke bromo jadi nikah ga ya??? Terus gimana kalau sampe punya anak, dulu mamah sama papah pas prewed bikin 1 gununf kebakaran nak???!!!!",1.70126173780539E+018,2023-09-11 15:49:40+00:00,AnnissaDJ,187994018,0,0,0,0,https://twitter.com/AnnissaDJ/status/1701261737805398467
Itu yg bikin gunung Bromo kebakaran apa g bisa tidur ?,1.70126192471203E+018,2023-09-11 15:50:25+00:00,Dianazis1,1.10696186826908E+018,0,0,0,0,https://twitter.com/Dianazis1/status/1701261924712030360
"@detikcom Minimal di banned tu status kependudukan nya sampai pulih wisata bromonya.. sedih bgt gw tiap liat berita ini, dlu kerja lama di sby-mlg, so bromo salah 1 wisata yg banyak kenangan.. gara2 foto yg agak kureng gt skrg kebakaran sampe kmn2",1.7012629350904E+018,2023-09-11 15:54:26+00:00,yorishaiteru,60840631,0,0,0,0,https://twitter.com/yorishaiteru/status/1701262935090401740
calon pengantin yang bikin bromo kebakaran ngga pengen take ulang foto di depan kobaran tornado api?,1.70126343176311E+018,2023-09-11 15:56:24+00:00,Rezta_fep,512889263,0,0,0,0,https://twitter.com/Rezta_fep/status/1701263431763116055
"Bbrp temen yg tau ak di sektor konservasi alam dan lingkungan bbrp x nanya gmn tuh kasus kebakaran di Bromo gr2 org pake flare utk prewed. Honestly, I no longer have a say on that but some reflections...",1.7012644415964E+018,2023-09-11 16:00:25+00:00,irnairhamna_,1.38547467946114E+018,1,1,0,11,https://twitter.com/irnairhamna_/status/1701264441596408114
@logijustplayit @ardibhironx @kompascom WO tentunya paham tapi gak sepenuhnya paham medannya karena bromo kondisinya labil baik angin dll. Tapi untuk bisa terjadi kebakaran gaknya yang bisa kontrol dari aktor yang beraksi yaitu penganten. Cuma dia yang bisa tahu dan lihat percikan api jatuh dibagian mana.,1.70126461327761E+018,2023-09-11 16:01:06+00:00,Dayat1503,1.55441774066796E+018,0,1,0,0,https://twitter.com/Dayat1503/status/1701264613277610319
"Konsepnya jelek, foto gini doang sampe bikin kebakaran gunung Bromo",1.70126616792577E+018,2023-09-11 16:07:17+00:00,Rui_taaaa,1.17955303440727E+018,0,0,0,0,https://twitter.com/Rui_taaaa/status/1701266167925772457
sedih bgt liat bromo kebakaran gara gara flare😭💔,1.70126671966126E+018,2023-09-11 16:09:28+00:00,asiyapsantui,1.12205601799751E+018,0,1,0,0,https://twitter.com/asiyapsantui/status/1701266719661269200
"Jadi kangen Bromo tp skrang bromo ancurr gara kebakaran hufffytt""",1.70126920953021E+018,2023-09-11 16:19:22+00:00,Divaaldhama26,2819623968,0,0,0,1,https://twitter.com/Divaaldhama26/status/1701269209530212409
Pasangan yg foto prewed pke flare trus (allegedly) bikin kebakaran di savana Bromo tuh knp ngga di spill aja sih.. kyknya bwt gini ni cancel culture tuh berguna deh.,1.70126968527752E+018,2023-09-11 16:21:15+00:00,apreliaprel,67535455,0,0,0,0,https://twitter.com/apreliaprel/status/1701269685277524309
"Pas nikahannya si kopel flare bromo, tolong di venue gedungnya dikasih asap (bukan dry ice ya). Biar ngerasain hirup asap kebakaran yang mereka timbulkan.  Kecelakaan/kecerobohan itu wajar, tp gak wajar tuh krn pas udah jelas2 kebakarnya mereka tetep lanjut foto2. Sebel 😤😤😤",1.70127045780542E+018,2023-09-11 16:24:19+00:00,lanoviadeTAA,1.12011493893919E+018,0,0,0,0,https://twitter.com/lanoviadeTAA/status/1701270457805426811
udh brp kali lwt berita ttg kebakaran di bromo ga berhenti jujur kesel sama yg pre wedding kek anjirlah grgr u smua bromo jd ancur bahkan smpe kek gini kasian yg hidup di sekitar bromo kena dampaknya,1.7012712298635E+018,2023-09-11 16:27:23+00:00,ccreamypeachy,1.17900541965555E+018,0,0,0,0,https://twitter.com/ccreamypeachy/status/1701271229863502210
Kebakaran bromo kok ga trending sih? Wkwkw,1.70127399628374E+018,2023-09-11 16:38:23+00:00,noviamalia_h,1.23402858789365E+018,0,0,0,0,https://twitter.com/noviamalia_h/status/1701273996283748633
Kebakaran di bromo sekilas keinget kasus kebakaran hutan di kalimantan. Dan info dari temen juga kabut asap lagi mulai banyak di sana. :),1.70127650876411E+018,2023-09-11 16:48:22+00:00,adtynf,1163314226,0,0,0,0,https://twitter.com/adtynf/status/1701276508764119425
"@sandiuno Bromo kebakaran tuh, couple nya mau digimanain?",1.70127949896732E+018,2023-09-11 17:00:15+00:00,Ryandisajja,299157212,0,0,0,0,https://twitter.com/Ryandisajja/status/1701279498967327003
"@pendakilawas Pak @jokowi tolong dong kebakaran d bromo segera d lakukan penanganan, kok dr kemarin kaya gaada pergerakan pdhal wilayah kebakaran nya makin meluas, soalnya kalo bukan ngadu k bapak, kita mau ngadu k siapa lg pak",1.70128046369499E+018,2023-09-11 17:04:05+00:00,meimeihuhah,1.59543153028054E+018,0,0,0,0,https://twitter.com/meimeihuhah/status/1701280463694995556
"@logijustplayit @ardibhironx @kompascom Cuma model? Dia pelaku juga. Pelaku ngide foto bromo yang mungkin fotografer itu posisinya cuma 1 yaitu di savana, pelaku megang flare sebagai sumber kebakaran, rasa kepedulian terhadap lingkungan yang terbakar 0, apakah mereka mengharapkan untuk terbakar (?)",1.70128083042403E+018,2023-09-11 17:05:32+00:00,Dayat1503,1.55441774066796E+018,0,2,0,0,https://twitter.com/Dayat1503/status/1701280830424039865
"@kompascom Mmm sebenernya bromo nya sendiri udah kebakaran di beberapa titik sebelumnya mulai sekitar akhir bulan agustus, tapi sempet padam juga dan nyala lagi karena emang angin kenceng dan terik bgt pas siang. Tapi kejadian prewed itu memang MEMPERPARAH keadaan, dan terekam jelas hahaha""",1.70128186437442E+018,2023-09-11 17:09:39+00:00,brnbrn80,1.23103282084963E+018,0,0,0,0,https://twitter.com/brnbrn80/status/1701281864374427802
@louserinaa Bayangin nikahannya digunjing tetangga: “Mana sih pengantennya yang bikin Bromo kebakaran?” | “Owh itu pengantennya..”,1.70128259719902E+018,2023-09-11 17:12:34+00:00,RizalSN13,212481144,0,0,0,0,https://twitter.com/RizalSN13/status/1701282597199028600
ini parah sih kebakaran bromo nya makin luas harus diusut ni pelakuu,1.70128302842365E+018,2023-09-11 17:14:16+00:00,vtmnkoo,1.01288525670829E+018,0,0,0,0,https://twitter.com/vtmnkoo/status/1701283028423659868
@tanyakanrl hahh kapan bromo kebakaran kok gue gatauu kok bisa kebakaran anjir,1.70128408253629E+018,2023-09-11 17:18:28+00:00,queenberry___,1.54003125886847E+018,0,0,0,0,https://twitter.com/queenberry___/status/1701284082536292395
"Nih, setelah buibu yg neriakin anak magang, ada lagi mas-mbak prewed yg bikin kebakaran di Bromo. Kebayang ga, kebakaran berhektar-hektar di savana Bromo terjadi 'cuma' gara-gara flare aja?  Aku notice satu hal. Dua kasus di atas menurutku punya kesamaan, Kecil tapi berbahaya"".""",1.70128491646039E+018,2023-09-11 17:21:47+00:00,sugaringjellyyy,2741851147,0,1,0,1,https://twitter.com/sugaringjellyyy/status/1701284916460396903
"kepikiran yg kebakaran bromo gara gara flare, itu matiin rezeki tur tur bromo juga jirr karena skrg lg ditutup juga kan",1.70128537735571E+018,2023-09-11 17:23:36+00:00,narraii,1.42292421017157E+018,0,0,0,0,https://twitter.com/narraii/status/1701285377355714604
"@logijustplayit @ardibhironx @kompascom Kenapa? Karena bus sebelum berangkat pasti sudah dicrosscheck seluruh kondisinya, tapi kejadian di masa depan tidak bisa diprediksi.   Nah kalau misal kamu mau bandingin ke peristiwa bromo tidak apple to apple karena sumber kebakaran bisa diprediksi.",1.70129035534022E+018,2023-09-11 17:43:23+00:00,Dayat1503,1.55441774066796E+018,0,1,0,0,https://twitter.com/Dayat1503/status/1701290355340222604
Anggota TNI yg putar balik di MBZ bikin kecelakaan beruntun  Pasangan pre-wedding pakai flare di Bromo yg bikin kebakaran hebat  Orang2 ini kalau gak merugikan orang banyak berasa hidupnya gagal kali ya?,1.70129297331993E+018,2023-09-11 17:53:47+00:00,af1_,127448998,0,0,1,15,https://twitter.com/af1_/status/1701292973319938298
Dari dulu punya rencana ke Bromo belum kesampaian Sampek Bromo nya kebakaran gegara orang bodoh (:,1.70129469548017E+018,2023-09-11 18:00:38+00:00,mifavlady_,1.33268086478685E+018,0,2,0,6,https://twitter.com/mifavlady_/status/1701294695480172613
@lavienticha Kebakaran bromo 🌑,1.70129919490307E+018,2023-09-11 18:18:31+00:00,FiqriNurAul,797769582,0,1,0,0,https://twitter.com/FiqriNurAul/status/1701299194903073219
"@AREAJULID “iya nak, dulu mama pas prewed bikin bromo kebakaran”",1.70129946911402E+018,2023-09-11 18:19:36+00:00,ouicecey,1.56815858935281E+018,0,0,0,2,https://twitter.com/ouicecey/status/1701299469114024278
@zqhr Kemarin memang karena murni kecerobohan prawedd gunain flare. Ini sekarang kebakaran hebat Savana di Bromo asumsiku sih sabotase. Karena sudah padam sebelumnya.,1.70129982647711E+018,2023-09-11 18:21:01+00:00,R_dibelakang,223701379,0,0,0,1,https://twitter.com/R_dibelakang/status/1701299826477113624
"Alhamdulillah jika kebakaran di Bukit Teletubbies, Gunung Bromo, telah berhasil teratasi. Jabingan banget yang prewedding shoot secara tidak bertanggung jawab &amp  abai keamanan+kebersihan lingkungan. Jadilah pengunjung wisata alam yang sopan, bersih, &amp  mawas diri!",1.70129983250442E+018,2023-09-11 18:21:03+00:00,adelz_faith,153466371,0,0,0,0,https://twitter.com/adelz_faith/status/1701299832504426535
"@RembukPSI Tindakan ceroboh dalam sesi foto prewedding yang menggunakan flare dan menyebabkan kebakaran lahan di Gunung Bromo sangat disayangkan. Dampaknya sangat merugikan, tidak hanya bagi sektor pariwisata, tetapi juga mengancam keberadaan flora dan fauna di Bukit Teletubbies.",1.70130098423084E+018,2023-09-11 18:25:37+00:00,jayapadamasanya,1.69836118811832E+018,0,0,0,0,https://twitter.com/jayapadamasanya/status/1701300984230846503
"@RembukPSI Kami sangat prihatin dengan tindakan kurang bertanggung jawab dalam sesi foto prewedding yang menggunakan flare dan menyebabkan kebakaran lahan di Gunung Bromo. Dampaknya sangat serius, tidak hanya bagi pariwisata, tetapi juga ekosistem Bukit Teletubbies yang terancam.",1.70130109109751E+018,2023-09-11 18:26:03+00:00,jayapadamasanya,1.69836118811832E+018,0,0,0,0,https://twitter.com/jayapadamasanya/status/1701301091097518086
Oknum yang menyebabkan kebakaran bromo kirakira masuk neraka gak?,1.70130208775222E+018,2023-09-11 18:30:01+00:00,arnynt,79427862,0,0,0,0,https://twitter.com/arnynt/status/1701302087752229037
blm sempet ke bromo mlh udh kebakaran dulu:(,1.70130700640414E+018,2023-09-11 18:49:33+00:00,lemmelove_uu,1.23574958904864E+018,0,0,0,0,https://twitter.com/lemmelove_uu/status/1701307006404141286
@Miduk17 Setiap hari menggonggong Bromo kebakaran hebat Luh diam. Batam rusuh antar rakyat dan aparat Luh diam Gua mau tanya Luh ini Belain rakyat atau belain Ganjar doang si..??? Dasar buzzer tolol,1.70132224564E+018,2023-09-11 19:50:07+00:00,Karinbahary2,1.07079868732718E+018,0,0,0,2,https://twitter.com/Karinbahary2/status/1701322245640007718
@Atikapresilia2 bromo kebakaran,1.70132503297327E+018,2023-09-11 20:01:11+00:00,1magination2,614111524,0,0,0,0,https://twitter.com/1magination2/status/1701325032973279556
"Yang bilang pengantinnya harusnya jadi tersangka juga, waktu itu udah ada yang pernah jelasin bisa aja yang emang beneran salah emang dari WOnya aja soalnya biasanya yang ngarahin buat pake flare (?) apa itu lah yang ngebuat Bromo kebakaran itu dari WOnya",1.70133093699303E+018,2023-09-11 20:24:39+00:00,rappofiction,1.45979764512425E+018,0,1,0,0,https://twitter.com/rappofiction/status/1701330936993038620
"kejadian minggu lalu pas up ini 1.api, kebakaran di bromo 2.angin, puting beliung di taiwan, hk dan china 3.air, banjir di hk dan china 4.tanah, gempa di maroko  tetap eling las waspodo   dan  jangan lupa berdoa untuk keselamatan kita semua sluman slumun slamet",1.70133660273023E+018,2023-09-11 20:47:10+00:00,SekarJayanti07,1.28232102982663E+018,0,0,0,5,https://twitter.com/SekarJayanti07/status/1701336602730238244
"Nih org norak bgt deh, kecanduan main flare kah? Dari bukti ini brrti emg udah bbrp kali pakai flare di Bromo (hal beresiko), baru kemarin aja kebukti bahayanya sampe kebakaran hemat Bs ya org candu ama flare gt, norak asli",1.70134553225241E+018,2023-09-11 21:22:39+00:00,memoarsenja,1.09235837808334E+018,0,0,0,0,https://twitter.com/memoarsenja/status/1701345532252418120
kasian anak teknik rekayasa keselamatan kebakaran masa di bromo,1.70136462457744E+018,2023-09-11 22:38:30+00:00,heydianprasetya,244073366,0,0,0,0,https://twitter.com/heydianprasetya/status/1701364624577441954
@AREAJULID Yang perlu dipersalahkan EO yg mengadakan Foto Prewed di Bromo serta yg memberi ijin...udah jelas2 daerah rawan kebakaran masih aja dipakai lokasi kegiatan yg potensi mengakibatkan munculnya api...,1.7013653162769E+018,2023-09-11 22:41:15+00:00,KangMas2012,710064727,0,0,0,0,https://twitter.com/KangMas2012/status/1701365316276908412
"@dipanggilarman Tapi sebenernya ini juga ngga murni karena ulah prewed kan? 🤔 soalnya karena musim kemarau...kemaren aja Gunung Arjuno sama Sumbing kebakaran.  Kebetulan aja ini prewed lalai, sebelumnya pun banyak yang bilang sudah banyak titik kebakaran di Bromo 🤔",1.70136624856166E+018,2023-09-11 22:44:58+00:00,nokt_urnaal,597199900,0,1,0,0,https://twitter.com/nokt_urnaal/status/1701366248561668477
"@AREAJULID Dari kemarin cuma nemu berita bromo nya kebakaran doang deh, tp ga nemu berita tentang couple nya akhirnya di hukum gimana, atau gue yg kurang update? Ada yg tau lanjutannya kah?",1.7013700150089E+018,2023-09-11 22:59:56+00:00,Riakrlnda,235029334,0,1,0,0,https://twitter.com/Riakrlnda/status/1701370015008907519
"kabarnya bromo sampe senin pagi ini masih kebakaran, bahkan menyebar sampe malang dan pasuruan 🥲.",1.70137370025861E+018,2023-09-11 23:14:34+00:00,coffeem1lkeu,1.50815431453501E+018,0,0,0,0,https://twitter.com/coffeem1lkeu/status/1701373700258615513
"Langit e peteng, kuyakin ini dari kebakaran di bromo.",1.70137471879919E+018,2023-09-11 23:18:37+00:00,yudaweng,361092612,0,3,0,1,https://twitter.com/yudaweng/status/1701374718799196587
"Udah dikasih tempat nikah murah di KUA bayar 600rb doang, foto-foto, pulang. Lu malah milih foto-foto sambil nyalain flare di savana Bromo sampe bikin kebakaran. Tolol😁",1.7013748648742E+018,2023-09-11 23:19:12+00:00,Kimochii54,1.40228991032578E+018,0,0,0,0,https://twitter.com/Kimochii54/status/1701374864874205503
@MSPratama_ Iki ternyata gunung seng kebakaran yo gak cuma Bromo tok,1.70137566607435E+018,2023-09-11 23:22:23+00:00,mrohmanobet,976661131,0,1,0,0,https://twitter.com/mrohmanobet/status/1701375666074358022
@kegblgnunfaedh Apes guyss…. Mo ikut ikutan prewed2an ketempat eksotis di bromo lah jauh di jawo. Pdhal Di sungai musi aja kenape…lumpat dr jembatan ampera.. Pake itu flaree dipucuk kapal ketek…kalu kebakaran ceburke sungai,1.70137585067402E+018,2023-09-11 23:23:07+00:00,WiwiekRashid,151526127,0,0,0,0,https://twitter.com/WiwiekRashid/status/1701375850674024524
@louislugas Emang pernah kebakaran sebelumnya tapi jangan jadikan ini penyangkalan kesalahan dari kejadian bakar flare pre wed yah. Tetep yg bakar flare pas kemarau di Bromo kemaren itu goblogg,1.70137597451086E+018,2023-09-11 23:23:37+00:00,kaliuskulus,1.16716974187143E+018,1,1,11,108,https://twitter.com/kaliuskulus/status/1701375974510862449
@Dee_Rose82 Kebakaran Bromo Gara2 Preweding Anjing Gancet,1.70137760476967E+018,2023-09-11 23:30:05+00:00,SSukasim,1.60363785765429E+018,0,0,0,0,https://twitter.com/SSukasim/status/1701377604769677608
"Padahal Bromo tuh indah banget, sekarang sedih banget tiap liat berita kebakaran yg ga usai-usai.   Gemes banget sama manusianya yg bawa bawa flare ke Bromo",1.70138106624913E+018,2023-09-11 23:43:50+00:00,itsalreadyme_,783755192,0,0,0,0,https://twitter.com/itsalreadyme_/status/1701381066249130108
Sedih lihat bromo rusak karena kebakaran itu :((,1.70138224664787E+018,2023-09-11 23:48:32+00:00,alinshee,1.54964312561367E+018,0,0,0,0,https://twitter.com/alinshee/status/1701382246647873784
"@louislugas Emang musim kemarau sering terbakar daerah taman nasional bromo tengger semeru. Kalau yg pernah mendaki semeru pasti paham  kalau di kawasan itu rentan kebakaran, bahkan sama puntung rokok sekalipun bisa bikin kebakaran hutan yg bikin tutup jalur pendakian berminggu2",1.70138342213931E+018,2023-09-11 23:53:12+00:00,aden87,85036328,0,2,4,30,https://twitter.com/aden87/status/1701383422139310243
Dulu waktu kecil masih tinggal di Tongas. Pernah ngelihat kebakaran di area Bromo. Udah dari dulu langganan kebakaran area Bromo itu,1.7013839895155E+018,2023-09-11 23:55:27+00:00,urbestprsn,1672389288,0,0,0,0,https://twitter.com/urbestprsn/status/1701383989515501878
Bro btw ini masa gw mimpi kebakaran bromo nyampe rumah gw ih KAN JAUH YA 😭,1.7013854890672E+018,2023-09-12 00:01:25+00:00,felixkuromi,1.2535293143829E+018,0,0,0,0,https://twitter.com/felixkuromi/status/1701385489067200576
Kupikir masih jam 6 ternyata sudah jam 7. Kukira efek mendung tp kata org² efek kebakaran di Bromo,1.70138714478965E+018,2023-09-12 00:08:00+00:00,neenanin,147417104,0,0,0,0,https://twitter.com/neenanin/status/1701387144789651618
takut bgt klo bromo ampe kyk kebakaran hutan di kanada,1.70138887932311E+018,2023-09-12 00:14:53+00:00,kucchhikuu2,1.6454372340559E+018,0,0,0,3,https://twitter.com/kucchhikuu2/status/1701388879323111603
"Bromo kebakaran ambil hikmahnya, sekarang jadi banyak pemerhati alam akhirnya.  Hehehe...  Begitulah",1.70139110239234E+018,2023-09-12 00:23:43+00:00,veeanconeri,42206189,0,0,0,0,https://twitter.com/veeanconeri/status/1701391102392348944
"Jalan tempat video ini diambil namanya Jemplang. Kalo dari Malang belok kiri kita sampai ke Bromo, kalo lurus terus ke atas sampai Semeru.   Titik awal kebakaran padahal ada di sisi yg berseberangan. Buat couple disaster, semoga ditahan &amp  ga jadi nikah☺️",1.70139422996737E+018,2023-09-12 00:36:09+00:00,brigittasiw,303627559,0,0,0,1,https://twitter.com/brigittasiw/status/1701394229967376570
Hiks blm smpt ke bromo udah kebakaran 😢,1.70139562217016E+018,2023-09-12 00:41:41+00:00,mikz1609,43001745,0,0,0,0,https://twitter.com/mikz1609/status/1701395622170169520
Pengantinnya juga lah elah Jangan alesan crazy rich bisa lepas tangan seenaknya itu bromo masih kebakaran anj,1.70139738658377E+018,2023-09-12 00:48:42+00:00,Pogouri1,1.29737838390756E+018,0,0,0,0,https://twitter.com/Pogouri1/status/1701397386583777452
"Bocah GBLG, gua doain nikahan lu kebakaran kayak bromo yg lu bikin kebakar",1.70139933766914E+018,2023-09-12 00:56:27+00:00,Davinhaseum,241497346,0,0,0,1,https://twitter.com/Davinhaseum/status/1701399337669148894
"@ridikaa_ @AREAJULID Bukan ini hanya termasuk Domino effect, Klo mau jadi Butterfly, kebakaran di Bromo mengakibatkan hujan badai di mekkah. CMIIW.",1.70139962073857E+018,2023-09-12 00:57:34+00:00,AlDi74901024,1.15293877164342E+018,0,0,1,1,https://twitter.com/AlDi74901024/status/1701399620738572458
sebelum kebakaran yg disebabkan flare prewed di bromo itu udah ada kebakaran sblmnya. jadi apakah flare bromo ini cm kambing hitam atas ketidaksiapan petugas di sana?,1.70140027654319E+018,2023-09-12 01:00:11+00:00,sudjati,53904630,0,0,0,0,https://twitter.com/sudjati/status/1701400276543197592
"@spectrumlumos Aku nangis liat Bromo kebakaran cuma karna oknum kaya gitu, sakit hati liatnya. Bukan cuma kebakaran, tapi mereka merusak pencaharian warga sana",1.70140338419944E+018,2023-09-12 01:12:31+00:00,daazIing,1.24379868186784E+018,0,1,0,0,https://twitter.com/daazIing/status/1701403384199446879
"Ada-ada aja kelakuan heterosexual ini.  Kemaren prewed, Gunung Bromo kebakaran sampe sekarang.  Sekarang, ada lagi yang sudah pake jasa MUA, gak mau bayar dan ngilang.",1.70140598714673E+018,2023-09-12 01:22:52+00:00,StasiunHarmoni,463711838,0,1,0,5,https://twitter.com/StasiunHarmoni/status/1701405987146736027
Ada 2 pengantin (1 masih calon) yang nikahnya gak barokah karena doa netizen. Pengantin kebakaran bromo dan pengantin hutang MUA.,1.70140729037577E+018,2023-09-12 01:28:03+00:00,Leobebbe,93560205,0,1,0,1,https://twitter.com/Leobebbe/status/1701407290375778684
@anak_lad @louserinaa Stress ya Anda? Jgn2 anda pelaku yg nyamar pakai akun anon.  Sy tebar kebencian sebelah mana?   Sy cuma menyampaikan opini bahwa pasangan penyebab kebakaran Bromo harus dihukum sesuai dg kesalahannya.   Nah ini kesalahannya berakibat fatal. Mosok hukumannya cuma wajib lapor 😆🙈,1.70140968304162E+018,2023-09-12 01:37:33+00:00,marisa_waha8,1.63815642163959E+018,0,2,0,5,https://twitter.com/marisa_waha8/status/1701409683041624193
@louislugas 1 minggu sebelum kebakaran sya ke bromo tpt nya pada tgl 31 Agustus 2023 waktu itu sya &amp  rombongan ingin ke bukut teletabis cmn dari tour guide nya tidak menyarankan karna di sana habis kebakaran... so.. apa kebakaran aslinya sdh trjadi sblm insiden prewed?🤷🏻‍♂️,1.70141015926286E+018,2023-09-12 01:39:27+00:00,Jazuvic4,1.51565282124041E+018,0,1,1,9,https://twitter.com/Jazuvic4/status/1701410159262863823
"grgr bromo kebakaran temen aing ga jadi brangkat anjir aahhhhh, malah aing yang di ajak main padahal lagi mager bngt",1.70141124189245E+018,2023-09-12 01:43:45+00:00,koretekure,1.21670388784909E+018,0,1,0,1,https://twitter.com/koretekure/status/1701411241892454545
"Pak @ListyoSigitP  tangka0 pelaku pembakaran Bromo , please .... kebakaran tersebut menghancurkàn apa yang sudah dilakukan bertahun tahun. @ahriesonta  bantu pak ...@DivHumas_Polri  masa diam aja sih , Pak. TNBromoTenggerSemeru dilindungi undang undang, Pak",1.70141154627733E+018,2023-09-12 01:44:57+00:00,mmejakursi,1.62504358342547E+018,0,0,0,0,https://twitter.com/mmejakursi/status/1701411546277335335
@amiranbiya Saat pesta nikahan di gedung akan dipajang pula foto pengantin dg latar belakang kebakaran savana Bromo,1.70141172730343E+018,2023-09-12 01:45:41+00:00,NananSupriatna1,527509020,0,0,0,0,https://twitter.com/NananSupriatna1/status/1701411727303434523
"@Pai_C1 Mau nikah prawed di bromo tapi kebakaran...  Nikah di rumah, jalannya di komplaint.. Hmm negri +62..",1.70141182151167E+018,2023-09-12 01:46:03+00:00,Udhine_ELt,221990495,0,0,0,0,https://twitter.com/Udhine_ELt/status/1701411821511671899
"@louislugas Kebakaran sudah sejak sekitar 18 Agustus. Pengelola taman nasional beberapa kali buka tutup wisata Bromo, mungkin terkait target PNBP. Total luas lahan yg terbakar simpang siur. Dan foto prewed kemarin adalah puncaknya, lalu ditutup total.",1.70141191845043E+018,2023-09-12 01:46:26+00:00,Hokyahokyee,1.49907331722736E+018,0,0,1,0,https://twitter.com/Hokyahokyee/status/1701411918450434279
Pdhl cita2 nya pengen balik lagi ke bromo pas nanti honeymoon. Eh malah kebakaran😢😢,1.70141275069682E+018,2023-09-12 01:49:45+00:00,vanyilatte,2326988874,0,0,0,0,https://twitter.com/vanyilatte/status/1701412750696824903
"@jujukyng @tanyarlfes Oh iya bener ,ga kelihatan soalnya ketutup brita kebakaran savana bromo 🗿",1.70141325750295E+018,2023-09-12 01:51:45+00:00,k0h43,1706483401,0,0,0,0,https://twitter.com/k0h43/status/1701413257502953789
"Bromo kebakarannya makin luas, wisata ditutup ntah sampai kapan. Kasian banget warga sekitar yang mata pencahariannya ngandelin dari pengunjung2, jadi berhenti dulu sampai waktu yang gabisa ditentukan. Semoga lekas pulih dan gunung2 lain gak ikut kebakaran juga.",1.7014133145287E+018,2023-09-12 01:51:59+00:00,dityaawahyu,1.17385160474475E+018,0,3,0,0,https://twitter.com/dityaawahyu/status/1701413314528702853
@effendianwar Pas resepsi semua undangan nyeletuk : “oh ini anaknya yg prewed di bromo trus kebakaran tuh ya? Sama polisinya dikasi dispensasi kah bu sampe acara selesai?”,1.70141398238353E+018,2023-09-12 01:54:38+00:00,deldheldel,138320906,0,1,0,0,https://twitter.com/deldheldel/status/1701413982383538338
"Gara2 kebakaran bromo banyak yg posting njelek2in prewedding &amp  nganggep prewedding cuma hal gak penting. padahal kan kebakaran itu human error, bukan salah preweddingnya.",1.70141464119971E+018,2023-09-12 01:57:15+00:00,peyekkeyep,1.01817233708498E+018,0,1,0,0,https://twitter.com/peyekkeyep/status/1701414641199710494
No wonder last week jerebu semacam rupanya kebakaran kat Bromo sampai ke sini jerebu nya…,1.70141471219244E+018,2023-09-12 01:57:32+00:00,shilzzOnly,1.27253256415509E+018,0,0,0,1,https://twitter.com/shilzzOnly/status/1701414712192446760
Kebakaran savana gunung bromo itu kode yang diberikan alam untuk negara ini... Siap-siap saja apinya akan menyulut kemana-mana...,1.70141529363622E+018,2023-09-12 01:59:51+00:00,mbahjhojho,1.15270780968901E+018,0,2,1,11,https://twitter.com/mbahjhojho/status/1701415293636223426
"Btw bromo sampe sekarang makin melebar apinya peeps, katanya sih udah ada kebakaran dulu sebelum flare ini 🧐😔   Buat temen temen semua mending deh yaa fotonya diMoju ajaa karena disana konsep apapun oke! Dan  apaa apaa ada 😋🤭",1.70141618950184E+018,2023-09-12 02:03:25+00:00,mojumojuid,1.61999054069894E+018,0,0,0,0,https://twitter.com/mojumojuid/status/1701416189501849702
kebakaran bromo udah padam belum ya?,1.70141748041632E+018,2023-09-12 02:08:32+00:00,rismaaahk,1.14969540540946E+018,0,0,0,0,https://twitter.com/rismaaahk/status/1701417480416321982
"@tanyakanrl Kebayang gak si ada yg ngide pake flare aja di bromo"" trus seruangan bilang ""iya iya setuju, bagus tuh""  Giliran kebakaran langsung berubah ""ah gw mah emng gk pernah setuju"" ""iya bukan gw idenya"" ""elu kan yg ngasih ide?"" ""kan waktu itu pada setuju, lgian yg beli flare kan elu""""",1.70141785560521E+018,2023-09-12 02:10:02+00:00,yss_template,1.36671948495053E+018,0,0,0,0,https://twitter.com/yss_template/status/1701417855605215305
Gue sih kalo jadi pasangan prewed yg bikin Bromo kebakaran gue langsung pindah kewarganegaraan ke Namibia,1.70141806365948E+018,2023-09-12 02:10:51+00:00,papahgaling,56665948,0,2,0,0,https://twitter.com/papahgaling/status/1701418063659487393
"bedejir dkit calon pengantin cewe yg prewed di bromo sampe kebakaran itu trnyt wong palembang, lebi kaget lg dio tinggal di puncak😭😭",1.70141850748387E+018,2023-09-12 02:12:37+00:00,dinispaces,1.52862233511618E+018,0,0,0,0,https://twitter.com/dinispaces/status/1701418507483877747
Yang bikin kebakaran di Bromo honeymoon di penjara sih. Termasuk yg ngasih perizinan dan yg punya ide.,1.70141907238536E+018,2023-09-12 02:14:52+00:00,Trialeogita,1.58233998844362E+018,0,0,0,0,https://twitter.com/Trialeogita/status/1701419072385368148
"denger suaranya yg lebih lesu dari biasanya, ngajakin sunrise-an di Bromo Cuma bisa di Seruni Point"" katanya, sambil rekam Bromo yang udah keliatan setengah hitam karena kebakaran.  Bahkan dianya ga berani lagi bilang ""Bromo hari ini cerah!"" Kayak biasanya""",1.7014193598546E+018,2023-09-12 02:16:00+00:00,shindyyss,124972201,0,0,0,0,https://twitter.com/shindyyss/status/1701419359854604761
"@louislugas Sebelum kejadian prewed memang sdh terjadi kebakaran dan sempat ada penutupan di Kawasan Bromo, sempat padam lalu terjadi kejadian prewed itu",1.7014200648877E+018,2023-09-12 02:18:48+00:00,PenjagaUGD24Jam,1.07450479402112E+018,0,0,1,1,https://twitter.com/PenjagaUGD24Jam/status/1701420064887705707
Bagian selatan indo susah bener muncul hujan.Udah disemai garam dr bulan lalu paling banter cuma awan gelap.duuh....padahal penting buat bromo yg lg kebakaran.,1.70142071252605E+018,2023-09-12 02:21:23+00:00,godhamz2,1.17013941567232E+018,0,0,0,0,https://twitter.com/godhamz2/status/1701420712526053845
Udah ada aja kaum pelangi yang nyambung2in kejadian kebakaran di Bromo sama orientasi seksual....... Aink macana geh bari kerung,1.70142109385959E+018,2023-09-12 02:22:54+00:00,sambelcumiasin,1850833772,0,0,0,0,https://twitter.com/sambelcumiasin/status/1701421093859594518
Kebakaran Gunung Bromo belum padam. Semoga lekas padam . Semangat buat instansi terkait yang bertugas.,1.7014219409076E+018,2023-09-12 02:26:16+00:00,sayudhapg,1286240473,0,0,0,0,https://twitter.com/sayudhapg/status/1701421940907602311
"@kurumiyashuya @NyaiiBubu @kompascom mungkin emang wo nya yg jadi mastermind penggunaan flare itu, tadi ada yg spill fotografer dan hasil2 nya, portonya sama isinya orang2 prewed pake flare di Bromo, jdi udah sering kayanya tpi baru kali ini kejadian kebakaran",1.70142287687911E+018,2023-09-12 02:29:59+00:00,pepisarockstar,1.5165498279326E+018,0,1,0,1,https://twitter.com/pepisarockstar/status/1701422876879118840
@runaachann Padahal ud loh dr semalem wkwkwkwkw pagi2 makin kebakaran kek bromo,1.70142322186066E+018,2023-09-12 02:31:21+00:00,liviatnly,81562954,0,1,0,0,https://twitter.com/liviatnly/status/1701423221860667816
Bagaimana tanggapan bapak soal masalah kebakaran di kawasan Gunung Bromo yg makin meluas akibat dari pasangan yg melakukan Foto Prewed yg menggunakan Flare ?,1.70142467643684E+018,2023-09-12 02:37:08+00:00,cieeeekepooo,154180328,0,0,0,0,https://twitter.com/cieeeekepooo/status/1701424676436840761
"Dr bulan lalu planning sm tetangga2 kl sept mau ke bromo, trs smpe mau pertengahan msh kebakaran juga 🙂👍🏻",1.7014271818624E+018,2023-09-12 02:47:05+00:00,tinkerbweel,122814492,0,1,0,0,https://twitter.com/tinkerbweel/status/1701427181862404096
@louislugas tgl 2 itu emg ada kebakaran di beberapa t4 mas. Kebetulan aku di Bromo tgl itu jd liat sendiri 😁,1.7014283343691E+018,2023-09-12 02:51:40+00:00,sweleraku,1.57369984348651E+018,0,0,0,0,https://twitter.com/sweleraku/status/1701428334369100213
"@Wizth1 @christoper101 @txtdrimedia Penganten cewek namanya pratiwi mandala putri org palembang klo pengantin laki namanya hendro pratama orang tegalsari Surabaya, udah pendatang rusak lagi. Semoga pengantin ini miskin seumur hidup. Buat @hrdbacot tolong ya di black list penganten yg bikin kebakaran bromo",1.70142908143753E+018,2023-09-12 02:54:38+00:00,AMisedap,1.35542305161406E+018,0,0,1,1,https://twitter.com/AMisedap/status/1701429081437532573
"@louislugas Emang udah ada kebakaran terus berhasil padam. Bromo dibuka, lalu ada prewed itu deh, kebakaran lagi, tutup lagi.",1.70143152086578E+018,2023-09-12 03:04:20+00:00,kemenyekk,106705514,0,0,0,2,https://twitter.com/kemenyekk/status/1701431520865783838
Temen pengin ke Bromo gagal karena kebakaran,1.70143212337335E+018,2023-09-12 03:06:43+00:00,rintAdita,1.41987581138596E+018,0,0,0,0,https://twitter.com/rintAdita/status/1701432123373359155
"@RembukPSI Banyak pihak ikut andil. Pengelola Savana Wisata G.Bromo, Keamanan/Pengawasan (polsek, babinsa dll), bahkan sistem-prosedur u/cegah-atasi.  Dll-ikut andil terjadinya kebakaran: semua dihukum sesuai tulisan @rembukPSI. Preventif lebih efektif. Cal.Pengantin+WO without MENSREA.""",1.7014332936974E+018,2023-09-12 03:11:22+00:00,FernandezDariu3,1.48530810092849E+018,0,0,0,0,https://twitter.com/FernandezDariu3/status/1701433293697405271
Itu catin yang foto prewed pake flare nyebabin area bromo kebakaran ngerasa bersalah gak ya? Ya walaupun manager WO nya udah jadi tersangka... hmmm....,1.70143428385927E+018,2023-09-12 03:15:19+00:00,Ikeyuna,76909765,0,0,0,0,https://twitter.com/Ikeyuna/status/1701434283859271708
"@dejwi @AREAJULID Jadi kesel sama perusak alam, minimal mikir sebelum berbuat. Orang mah belum sempat ke bromo udah rusak kebakaran aja.",1.70143599540795E+018,2023-09-12 03:22:07+00:00,alphacenttauri_,9.29024695160074E+017,0,0,0,0,https://twitter.com/alphacenttauri_/status/1701435995407958284
Ngerasa ngga sih kalo tadi malem tuh Malang suwumuk polllll. Masak efek dari kebakaran bromo sih?,1.70143623310339E+018,2023-09-12 03:23:03+00:00,milamoktaa,236766713,0,1,0,1,https://twitter.com/milamoktaa/status/1701436233103393025
singto lom jadi ke bromo dh kebakaran aja,1.70143745927041E+018,2023-09-12 03:27:56+00:00,singtoine,1.21669157448403E+018,0,0,0,0,https://twitter.com/singtoine/status/1701437459270418654
mungkin kalo ga ada kejadian tuh prewed sampe skrng kita ga aware kali ya kalo bromo sblm2nya ada kebakaran juga?,1.70143844996925E+018,2023-09-12 03:31:52+00:00,clarisarchel,97389451,0,0,0,0,https://twitter.com/clarisarchel/status/1701438449969254638
Emang situasi lagi anget-angetnya bang..  Bromo aja kebakaran saking angetnya,1.70143949042508E+018,2023-09-12 03:36:00+00:00,yoedidharma,19077160,0,0,0,0,https://twitter.com/yoedidharma/status/1701439490425082318
Potensi baru dampak kebakaran di bromo Air waterbombing mengambil dari mata air dan kolam2 di sekitaran bromo Sudah jarang hujan kolam2 airnya diambil untuk pemadaman. 1 x waterbombing butuh 4000 liter air Kekeringan -&gt  gagal panen,1.7014395083221E+018,2023-09-12 03:36:04+00:00,orange_puppy331,1.32816744778697E+018,0,0,0,0,https://twitter.com/orange_puppy331/status/1701439508322103806
"IMHO media yg hiperbola turut andil nih di sini, sebelumnya udah ada kebakaran di savana Bromo, nah mumpung ada manusia lalai lewat nih bawa flare, kongsreng-kongsreng aja sekalian jadi kambing hitam. Makin rame…",1.70143956431608E+018,2023-09-12 03:36:18+00:00,lenifadhilah,214428609,0,1,0,0,https://twitter.com/lenifadhilah/status/1701439564316082618
"Bukan ngebela WO atau pasangan prewed, kebakaran savana di bromo ini pasti terjadi tiap musim kemarau ga sih? Dan memasuki penghujan akan tumbuh kembali rumput hijaunya…",1.70143956867813E+018,2023-09-12 03:36:19+00:00,lenifadhilah,214428609,0,1,0,0,https://twitter.com/lenifadhilah/status/1701439568678133842
"inilah identitas tersangka kebakaran di Bromo....""  nama lengkap sekaligus nama istrinya, agamanya, ngeri sekali""",1.70144017260338E+018,2023-09-12 03:38:43+00:00,d3mayday62,145606812,0,1,0,0,https://twitter.com/d3mayday62/status/1701440172603380038
"Ternyata mereka ini yg bikin foto prewed dg flare yg kemudian picu kebakaran di Bukit Teletubbies Gunung Bromo, Jawa Timur.  Kebakaran itu kini menghanguskan 50 hektar savana dan hutan beserta flora fauna di situ. Pipa air warga rusak. Wisata ke kawasan indah itu juga ditutup.",1.70144117666107E+018,2023-09-12 03:42:42+00:00,ilhamkhoiri,127800170,0,0,0,0,https://twitter.com/ilhamkhoiri/status/1701441176661070236
@iniariani @KurangGocap6 @kegblgnunfaedh Bromo kebakaran,1.70144451660635E+018,2023-09-12 03:55:58+00:00,Y59753211,1.53094863592373E+018,0,1,0,0,https://twitter.com/Y59753211/status/1701444516606353577
"Aku ndak ngerti persis perkembangan kebakaran Bromo, tapi terakhir tau ternyata belum berhenti dan api masih jalan terus sampe jauh. Mbatinnnya gini : Umpama hanya damkar saja yang bekerja ketoke done faster. Soale sejauh ini track record damkar keren dalam bekerja.",1.7014446916556E+018,2023-09-12 03:56:40+00:00,brahamism,190724511,0,2,0,0,https://twitter.com/brahamism/status/1701444691655602519
"calon pengantin yg bikin flare di bromo, trus gara2 itu kejadian, sebromo kebakaran hutan, pipa 4 desa rusak, orang desa sekitar jd sulit air bersih, flora fauna langka ikut lenyap, gmn hidupnya si calon pengantin ini, masih enak makan? nafas masih lega? nyenyak tidur?",1.70144533869826E+018,2023-09-12 03:59:14+00:00,Agoy_AsoyGeboy,51155836,0,0,0,0,https://twitter.com/Agoy_AsoyGeboy/status/1701445338698264733
@candrapratams @kegblgnunfaedh Kebakaran bromo,1.7014475479892E+018,2023-09-12 04:08:01+00:00,moh_hasan_fadli,218994693,0,0,0,0,https://twitter.com/moh_hasan_fadli/status/1701447547989209185
"Abdul menjelaskan bahwa pelaku atau penanggung jawab wedding organizer yang menyalakan suar pada sesi foto prewedding penyebab kebakaran di Bromo, telah dikenakan pidana oleh kepolisian dengan ancaman penjara 5 tahun dan denda maksimum Rp1,5 miliar.  Abdul juga mengungkapkan…",1.70144899442845E+018,2023-09-12 04:13:46+00:00,inilahdotcom,46693036,0,1,0,1,https://twitter.com/inilahdotcom/status/1701448994428453233
@hafizmdrahim @brgsjks Tajuk: Perkahwinan yang membawa bencana . . . . . . kebakaran Gunung Bromo 🤦🏻‍♀️,1.7014530959461E+018,2023-09-12 04:30:04+00:00,AnggunxXOXO,451317122,0,0,0,0,https://twitter.com/AnggunxXOXO/status/1701453095946105286
"Ya Allah innalillahi, ini kebakaran Bromo belum selesai ya, dan apinya nyebar makin jauh. Sad banget, padahal pengen ke bromo dalam waktu deket 😭",1.70145451799555E+018,2023-09-12 04:35:43+00:00,salsabilaxi,371758327,0,0,0,0,https://twitter.com/salsabilaxi/status/1701454517995552795
[2] Gandusari Blitar sementara ditutup hingga batas waktu yang belum ditentukan.  Ia menyebut penutupan dilakukan sebagai langkah antisipasi mencegah terjadinya kebakaran hutan &amp  lahan (karhutla) seperti di Bukit Teletubbies Gunung Bromo. Langkah mitigasi ini merupakan instruksi,1.70145515819731E+018,2023-09-12 04:38:15+00:00,radiopatria,100132119,0,1,0,0,https://twitter.com/radiopatria/status/1701455158197313643
"@TMIHARINI Ini calon pengantin, pas di acara nikahan, pasti bakal di cengin ga sih 😭😭😭😭😭😭😭😭😭😭😭 terus kalo aku sih ga bakal pasang foto apapun di nikahan, karena akan mengingatkan orang2 sebagai penyebab kebakaran bromo 😭😭😭😭😭😭😭😭",1.70145525353385E+018,2023-09-12 04:38:38+00:00,msmrrleia,231332749,0,1,0,7,https://twitter.com/msmrrleia/status/1701455253533859840
Pelaku kebakaran gunung bromo diapain,1.70145545156788E+018,2023-09-12 04:39:25+00:00,kala_awan21,1.70002607914948E+018,0,0,0,0,https://twitter.com/kala_awan21/status/1701455451567886520
@afrkml Soalnya nyamuk internasional lagi takziah ke almarhum temen2nya yang kena kebakaran prewed Bromo.,1.70145787138347E+018,2023-09-12 04:49:02+00:00,martabaknyadong,1.51363088626024E+018,0,0,0,0,https://twitter.com/martabaknyadong/status/1701457871383474393
"@chalingchairil @hadehjem Ini flare versi besar yg dipegang rang prewed, bikin bromo kebakaran itu ya *eh",1.70146071325512E+018,2023-09-12 05:00:20+00:00,zhesaria,135746402,0,0,0,0,https://twitter.com/zhesaria/status/1701460713255125239
"Manajer wedding organizer menjadi satu-satunya tersangka kebakaran yang mengakibatkan terbakarnya lahan di Gunung Bromo karena menggunakan flare untuk foto prewedding. Ia terancam 5 Tahun Penjara dan Denda Rp 1,5 Miliar #digoid",1.7014608808302E+018,2023-09-12 05:01:00+00:00,digoindo,1.27210807250101E+018,0,0,0,0,https://twitter.com/digoindo/status/1701460880830202293
"I mean imagine u jadi pelaku (calon pasutri/WO), gimana caranya idup tenang abis ini??? Gmana kalo kedepan2 ada topik eh inget kebakaran bromo 2023 kemaren ga?""  ""oh yang gara2 dipake foto prewed itu?""""",1.70146225634381E+018,2023-09-12 05:06:28+00:00,meongcipuy,7.81983220908699E+017,0,2,0,0,https://twitter.com/meongcipuy/status/1701462256343810450
"Itu orang² yg pre wedding yg bikin kebakaran di Bromo, disuruh ganti aja seluruh biaya pemadaman dan kerugian yg ditimbulkan sampai padamnya api.  Auto miskin Lo pade...sukur. 👌",1.70146495614591E+018,2023-09-12 05:17:11+00:00,Anchoz,61856956,0,0,0,0,https://twitter.com/Anchoz/status/1701464956145910080
"Kasus polusi udara belum beres, gunung bromo kebakaran, gunung sampah cirebon kebakaran. Makin bagus aja kualitas udara +62 :)""",1.70146723455059E+018,2023-09-12 05:26:15+00:00,stuck_inacup,2380472004,0,0,0,0,https://twitter.com/stuck_inacup/status/1701467234550599939
Belum pernah ke Bromo sudah kebakaran,1.70146782577136E+018,2023-09-12 05:28:36+00:00,S_Pamungkas46,461022806,0,0,0,0,https://twitter.com/S_Pamungkas46/status/1701467825771368949
"@zqhr Kalau sekarang konsep prewedding kalian bedua menyebabkan kebakaran hutan yang sulit dipadamkan di Bromo seperti saat ini yang terjadi, mana tanggung jawab kalian?? Apakah kalian bisa memadamkan api yang telah kalian timbulkan.??",1.70146834484156E+018,2023-09-12 05:30:39+00:00,AriefYu27714539,1.3641740650035E+018,0,1,0,6,https://twitter.com/AriefYu27714539/status/1701468344841564361
"Buat yg pd kesel sm pasangan yg bikin foto prewed sampai berakibat kebakaran di Bromo, tolong jangan mendoakan mrk cerai/gagal kawin. Takutnya kalau mrk nanti masing2 ketemu jodoh lg, mrk akan bikin foto prewed dan membakar gunung lg. Malah bertambah gunung yg dibakar mereka.  😤",1.7014690027979E+018,2023-09-12 05:33:16+00:00,rwib,918443587,0,1,1,0,https://twitter.com/rwib/status/1701469002797900276
"@nmrcy_ @louserinaa Wah deket sama Bromo yg kebakaran itu kah?prewed nyusahin org banyak,mana musim kemarau 🙃",1.70147195302518E+018,2023-09-12 05:45:00+00:00,kelincicici18,3071665542,0,0,0,0,https://twitter.com/kelincicici18/status/1701471953025188092
@tanyarlfes Itu yaa yang membuat bromo kebakaran,1.70147335569267E+018,2023-09-12 05:50:34+00:00,hairyanto_tham,1.69963426579188E+018,0,0,0,0,https://twitter.com/hairyanto_tham/status/1701473355692679407
Belum pernah ke bromo dan ada rencana ke bromo tapi malah kebakaran,1.70147484104257E+018,2023-09-12 05:56:28+00:00,adityarmadani_,1.30863626686756E+018,0,1,0,0,https://twitter.com/adityarmadani_/status/1701474841042579843
"di Probolinggo panasss bgttt, apa efek bromo kebakaran yaa",1.70147496771474E+018,2023-09-12 05:56:58+00:00,phiyhyh,1.01482920019938E+018,0,0,0,0,https://twitter.com/phiyhyh/status/1701474967714746560
"Jahat banget yang ditumbalin cuma Manajer WO. Semoga mulai sekarang setiap manusia yang ketemu pasangan calon pengantin (nggak peduli mereka jadi nikah atau batal) ngomongnya: Oooh kamu yang bikin Bromo kebakaran dan nyusahin semua orang itu, ya??""""",1.70147907187051E+018,2023-09-12 06:13:17+00:00,kleponwajik,102827582,4,4,78,186,https://twitter.com/kleponwajik/status/1701479071870513537
Nama2 orang terlibat dalam kebakaran Prewed Bromo,1.70148111460149E+018,2023-09-12 06:21:24+00:00,MuhGilangS,118076606,0,0,0,0,https://twitter.com/MuhGilangS/status/1701481114601492709
"Kebakaran Bromo mesti jadi peringatan untuk semua taman nasional dan pengelola hutan. Tahun ini musim kering panjang. Sosialisasi tidak boleh ada penggunaan api, tidak boleh buat api unggun, tidak boleh merokok, dan lain-lain harus udah dimulai.",1.70148124686046E+018,2023-09-12 06:21:55+00:00,duniadiny,293050926,0,0,0,2,https://twitter.com/duniadiny/status/1701481246860460516
@urstcomfverse Semarang juga nih🔥🔥 apa efek kebakaran di bromo yaa jadi kemana-mana😭😭,1.70148604513579E+018,2023-09-12 06:40:59+00:00,zulfakintan,953032747,0,1,0,0,https://twitter.com/zulfakintan/status/1701486045135794279
"itu yg kemarin prewed, bakal tenang gak ya kehidupan pernikahannya?  karena secara gak langsung, penyebab Bromo kebakaran adalah karena pernikahan mereka berdua, coba mereka gak pernah ketemu, pasti gak bakal ada rencana nikah, terus gak ada prewed goblok kemarin",1.70148660896772E+018,2023-09-12 06:43:14+00:00,y_adi_krist,9.62555467351257E+017,0,1,0,0,https://twitter.com/y_adi_krist/status/1701486608967725275
@Alexander_6890 Oooh ... ini dia/mereka yg turut serta sbg penyebab kebakaran di Bukit Teletubbies Gunung Bromo itu ya ⁉️ Mereka harus &amp  wajib hukumnya dimintai pertanggungjawaban.,1.70149091707997E+018,2023-09-12 07:00:21+00:00,EdiKeceput2,1.53048910218095E+018,0,0,0,0,https://twitter.com/EdiKeceput2/status/1701490917079978452
"Sebagai warlok, asli masih sakit ati tiap baca berita kebakaran bromo 🥲 Kek anjir alam aja gak ngerestuin lu berdua hey disaster couple.",1.7014911763425E+018,2023-09-12 07:01:23+00:00,ngalemn,1.32932501902177E+018,0,0,0,1,https://twitter.com/ngalemn/status/1701491176342503665
"[3] sebetulnya hal yang lumrah di wilayah Gunung Bromo. Namun fenomena angin itu muncul bersamaan dengan peristiwa kebakaran, sehingga menimbulkan pusaran api.  Di postingan kami sebelumnya, bukit Teletubbies di Gunung Bromo terbakar diduga akibat ulah sekelompok pengunjung yang",1.70149143279896E+018,2023-09-12 07:02:24+00:00,radiopatria,100132119,0,1,0,0,https://twitter.com/radiopatria/status/1701491432798966123
kebakaran bromo grgr prewed kmrn udah jadi bencana multinasional nih,1.70149203626291E+018,2023-09-12 07:04:48+00:00,koganenohikari,1.27826989288233E+018,0,0,0,0,https://twitter.com/koganenohikari/status/1701492036262916315
"@kompascom Vangke bener nih org yg mau nikah pake prewed di bromo gunain flare, ga mikir apa itu org klo akibatnya bs fatal...tangkap dan penjarain aja itu pasangan yg mau nikah sm EO nya yg bikin kebakaran di bromo...menganiaya org banyak jdnya akibat ulah mereka semua.",1.70149217789585E+018,2023-09-12 07:05:22+00:00,Wahyudi1707,300146608,0,0,0,0,https://twitter.com/Wahyudi1707/status/1701492177895858391
"@EnricoE39 Gunung Bromo dan Gunung Semeru itu beda  Dalam pernyataan resmi yang disebut juga abu vulkanik semeru, bukan asap kebakaran bromo",1.70149229542894E+018,2023-09-12 07:05:50+00:00,Jatosint,1.12355646627357E+018,0,2,1,12,https://twitter.com/Jatosint/status/1701492295428940069
"@EnricoE39 Bentar mas abu vulkanik kata judulnya bukan kebakaran di Bromo, jadi tepatnya yang bener ya mana?",1.70149294128884E+018,2023-09-12 07:08:24+00:00,AjiPrat24423142,1.37029541627357E+018,0,0,0,0,https://twitter.com/AjiPrat24423142/status/1701492941288849830
"@pikayaa Ada dijawab sudah. Emang sebelumnya bromo itu ud ada kebakaran. Tp beda lokasi. Wes kukut, tp ‘diobong’ maneh mbek tangan’e wong2 sing nggratil iku 😡",1.70149493683802E+018,2023-09-12 07:16:19+00:00,widyainggri,186736338,0,0,0,0,https://twitter.com/widyainggri/status/1701494936838021267
@mardiasih Sedih banget 🥲 padahal akhir bulan ini wisuda anak unbraw kl Bromo ga kebakaran karena ulah foto prewedding dijamin bakal rame yg ke Bromo bawa keluarga selepas wisuda dan itu bisa jadi pemasukan pariwisata Bromo dan warga sekitar yg jualan. Pupus sudah rencanaku dan orang-orang,1.70149974116573E+018,2023-09-12 07:35:25+00:00,anatesia,49199320,0,0,0,0,https://twitter.com/anatesia/status/1701499741165736352
"Di Maroko Gempa, di Libya banjir bandang. Bromo kebakaran. Panas euy, ngeri",1.70150214112974E+018,2023-09-12 07:44:57+00:00,WidyaSiWiwid,1572809041,0,4,0,0,https://twitter.com/WidyaSiWiwid/status/1701502141129744839
"Panas banget ya, Bromo yang kebakaran apa kabar itu panasnya",1.7015026849297E+018,2023-09-12 07:47:07+00:00,AidaWulandr,1361560770,0,4,0,0,https://twitter.com/AidaWulandr/status/1701502684929704183
Boleh doain ni kopel jelek ga sih?   Sedih banget bromo ampe kebakaran gini cuma gegara prewed,1.70150321919175E+018,2023-09-12 07:49:14+00:00,Anashim2618,1.21601630983136E+018,0,0,0,0,https://twitter.com/Anashim2618/status/1701503219191754865
"Gara-gara kebakaran di padang sabana Bukit Teletubbies tersebut, kawasan wisata Bromo ditutup total untuk wisatawan. Diketahui flora dan fauna di lahan konservasi tersebut juga mengalami kerusakan yang cukup serius.  Gimana pendapat kalian, Roovers?",1.70150651441725E+018,2023-09-12 08:02:20+00:00,ROOVofficial,9.78482558567555E+017,0,0,0,0,https://twitter.com/ROOVofficial/status/1701506514417258995
Kebakaran di Bromo bikin udara di sana makin panas.,1.7015073020362E+018,2023-09-12 08:05:27+00:00,BettyArryanni,725904331,0,2,0,0,https://twitter.com/BettyArryanni/status/1701507302036209933
@unmagnetism Kepanasan gara-gara kebakaran digunung bromo ❎ Hutan rimba Kepanasan gara-gara makan ramen ✅,1.70150776448346E+018,2023-09-12 08:07:18+00:00,freelovee__,133217734,0,0,0,0,https://twitter.com/freelovee__/status/1701507764483469523
Tiap buka socmed terus liat berita kebakaran bromo langsung scroll terus gamau liat krn saking ga teganya🥲,1.70150880088759E+018,2023-09-12 08:11:25+00:00,febidr,68021538,0,0,1,0,https://twitter.com/febidr/status/1701508800887599418
"Menunggu Jokowi Mengangkat Luhut Sebagai Ketua Satgas Percepatan Pemadaman Kebakaran Bromo""""",1.70151204779477E+018,2023-09-12 08:24:19+00:00,lutfithe13th,6689892,0,1,1,1,https://twitter.com/lutfithe13th/status/1701512047794774444
@urbbyquinn Antara hetero/lgbt dengan kebakaran bromo,1.70151263995918E+018,2023-09-12 08:26:40+00:00,lahirbathinnn,7.73195272956497E+017,0,2,0,0,https://twitter.com/lahirbathinnn/status/1701512639959187642
@kegblgnunfaedh Owh buat ngalihin kebakaran bromo,1.7015130409598E+018,2023-09-12 08:28:16+00:00,Sutanalam_,1.56274437470201E+018,0,0,0,0,https://twitter.com/Sutanalam_/status/1701513040959803868
"Jakarta panas karena polusi, Bromo panas karena kebakaran, Batam panas karena kelakuan.",1.70151646522737E+018,2023-09-12 08:41:52+00:00,Donndikka,2576732558,0,2,0,0,https://twitter.com/Donndikka/status/1701516465227374788
@OposisiCerdas Ada dokumen hilang? Prasaan g ada kebakaran gedung. Yg terbakar kan Bromo....,1.70151672328612E+018,2023-09-12 08:42:54+00:00,adyfaiz,180686786,0,0,0,0,https://twitter.com/adyfaiz/status/1701516723286126638
Aku tau kalian para wartawan menungguku update tentang kebakaran di bromo kan?😑 Udah berapa kali info dari akun ini di catut tanpa izin. Kadang juga ngasih ss info tapi crop.. Hilih...,1.70151713851804E+018,2023-09-12 08:44:33+00:00,orange_puppy331,1.32816744778697E+018,0,1,0,2,https://twitter.com/orange_puppy331/status/1701517138518044875
#InfoGen1031FM Polres Probolinggo belum bisa memastikan adanya penambahan tersangka kasus kebakaran hutan dan lahan (karhutla) Gunung Bromo. Sebab mereka masih melakukan pendalaman terkait perkara tersebut.,1.70151725220016E+018,2023-09-12 08:45:00+00:00,gen1031fmsby,124402522,0,0,0,0,https://twitter.com/gen1031fmsby/status/1701517252200165609
ini pengaruh dari kebakaran bromo gak sihhh....,1.701517527137E+018,2023-09-12 08:46:05+00:00,vpiderman,8.3791352741949E+017,0,0,0,0,https://twitter.com/vpiderman/status/1701517527137005609
@janggelanungu Iki sg kebakaran gowo flare ng bromo bukan ?,1.70151804978504E+018,2023-09-12 08:48:10+00:00,Melynda_Nara,855572713,0,1,0,0,https://twitter.com/Melynda_Nara/status/1701518049785041277
"@anak_lad @louserinaa Teruntuk sekitaran warga Bromo , kab malang yg terdampak kebakaran lahan ini dan juga 6 desa yg kekeringan kesulitan air bisa melakukan Gugatan Perdata kepada 6 orang tersebut di atas.  Wo memang sudah di tahan, tpi ke lima yg lain hrus ikut bertanggung jawab",1.70151986135114E+018,2023-09-12 08:55:22+00:00,PencariMU46469,1.67469371331303E+018,1,1,1,2,https://twitter.com/PencariMU46469/status/1701519861351145924
"@AREAJULID mereka kalo dihukum jangan penjara sih, minimal dihukum WAJIB ngembaliin bromo seperti sedia kala+benerin desa desa yang kena dampak kebakaran yang mana kayanya seumur hidup mereka juga ga cukup",1.70152078279781E+018,2023-09-12 08:59:02+00:00,bluetierfly,1.55972490972661E+018,0,0,0,0,https://twitter.com/bluetierfly/status/1701520782797812031
@SiaranBolaLive Kebakaran Gunung Bromo 😭,1.70152232190186E+018,2023-09-12 09:05:08+00:00,AndikaWebeb,38836578,0,0,0,0,https://twitter.com/AndikaWebeb/status/1701522321901867301
"+ Pak, bagaimana tanggapan terhadap kebakaran Bromo?  - Hehehe.. kita padamkan.",1.701523353214E+018,2023-09-12 09:09:14+00:00,suryadelalu,131712155,0,0,2,2,https://twitter.com/suryadelalu/status/1701523353214001285
"Dari kejadian kebakaran Bromo, apa pengelola minta bantuan dinas terkait atau ada tindakan dari pemerintah setempat?  Mungkin ada heli bawa air? Karena dr video yg beredar sepertinya hanya relawan pake alat seadanya. Seperti nepak-nepak ilalang.  Drpd fokus ke pelaku.",1.70152352571739E+018,2023-09-12 09:09:55+00:00,_sicaki_,466316752,0,0,0,0,https://twitter.com/_sicaki_/status/1701523525717393620
"singkat, padat dan mantap, kebakaran bromo : ya dipadamkan 😊",1.70152612546019E+018,2023-09-12 09:20:15+00:00,Stev3n_Peg3l,224431376,0,1,0,3,https://twitter.com/Stev3n_Peg3l/status/1701526125460193338
"Gua sedih bgt soalnya savana di bromo tuh bener2 SEBAGUS ITU. Kayaakk rasanya unreal, gua berasa lg ada di dalem gambar. Trs malah kebakaran sampe segininya gua nangis bgt",1.70152767603993E+018,2023-09-12 09:26:25+00:00,Kyuti_pay,1962460548,0,1,0,0,https://twitter.com/Kyuti_pay/status/1701527676039938547
"Suka ga ngerti ama orang yg kok gampang bgt gitu komen di post orang lain ketikannya jahat bgt ga disaring. kalo ga suka kan tinggal skip aja gasih, kecuali buat yg kemarin prewed sampe bikin Bromo kebakaran ya, emg tolol lu pada! belom kawin aja dah bikin bencana lu ya.",1.70153305167804E+018,2023-09-12 09:47:47+00:00,wielalala,67896502,0,0,0,0,https://twitter.com/wielalala/status/1701533051678048722
"bromo kebakaran wajar lah  itu rumput bukan lu yang nanem, ngapain ribut?",1.7015358189078E+018,2023-09-12 09:58:46+00:00,iqbalansory,2251593512,0,0,0,2,https://twitter.com/iqbalansory/status/1701535818907808220
Ini gegara bromo kebakaran apa ya.,1.70153592171861E+018,2023-09-12 09:59:11+00:00,xxgodd3ss,1.16908416473946E+018,0,1,0,0,https://twitter.com/xxgodd3ss/status/1701535921718612065
Ya Allah savanna bromo kebakaran saking panasnya 🥲,1.70153699792672E+018,2023-09-12 10:03:27+00:00,KthanidGrandson,1.34215631572908E+018,0,0,0,0,https://twitter.com/KthanidGrandson/status/1701536997926727863
@amachoko_ ((bukan di gunung bromo))  Otw nuang lava biar kebakaran....,1.7015390841525E+018,2023-09-12 10:11:45+00:00,ark_elzasha,1.13946150120121E+018,0,1,0,0,https://twitter.com/ark_elzasha/status/1701539084152500490
"Another day of reminder how marginalized woman are. Lets pray and educate ourselves and be kind more toward other humans and also environment.  Pun jg kasus kebakaran Bromo semoga cepet padam, sgh tak terpikir berapa kehilangan yg terjadj. (Para) pelaku diadili dgn bijak.",1.70154035704831E+018,2023-09-12 10:16:48+00:00,RJero33,1.13014837723094E+018,0,0,0,4,https://twitter.com/RJero33/status/1701540357048312060
"@kalaubeginih @louserinaa Sekalipun bkn pasangan prewed trsebut yg buang flare. Misal suami anda tdk sengaja buang puntung rokok di savana Bromo, itu juga bisa saja menyebabkan kebakaran. Emg lagi apes karena kelalaian mereka",1.70154182221518E+018,2023-09-12 10:22:38+00:00,anak_lad,1.63509885430677E+018,0,0,0,0,https://twitter.com/anak_lad/status/1701541822215180561
"Miris ngelihat kebakaran di Savana Bromo. Tulul ancen yg ngide foto prewed nggae flare😒 Nikahan e ngga Samawa lho.  BMKG ngga mau gitu, rekayasa cuaca buat bikin hujan buatan di daerah Bromo &amp  sekitarnya?😔",1.70154494217329E+018,2023-09-12 10:35:02+00:00,wanderblueee,1.43081308051087E+018,0,0,0,0,https://twitter.com/wanderblueee/status/1701544942173294636
Pre-wedding tidak hati2 bikin kebakaran Bromo. Pra-pilpres tidak hati2 bikin P Rempang 'terbakar'. Bisa merembet ke rerumpunan Melayu.,1.70154503093316E+018,2023-09-12 10:35:23+00:00,NephilaXmus,62764588,0,1,9,24,https://twitter.com/NephilaXmus/status/1701545030933168367
"Meluasnya kebakaran Gunung Bromo ini terjadi karena kondisi rumput yang kering dan angin yang kencang. Sehingga kobaran api di Bukit Keciri, terus merembet dan belum dapat dipadamkan.",1.70154703570563E+018,2023-09-12 10:43:21+00:00,Metro_TV,57261519,0,1,0,2,https://twitter.com/Metro_TV/status/1701547035705635230
@SiaranBolaLive Kebakaran Bromo,1.70154804429731E+018,2023-09-12 10:47:21+00:00,FuryLucky,2383048015,0,0,0,0,https://twitter.com/FuryLucky/status/1701548044297318776
@Scrawbourgh serius ngga tau yg bromo kebakaran?,1.7015490603465E+018,2023-09-12 10:51:23+00:00,WreckingPain,8.36053179468926E+017,0,0,0,0,https://twitter.com/WreckingPain/status/1701549060346507333
ngga deng emang hawanya lagi panas efek bromo kebakaran,1.70154948254099E+018,2023-09-12 10:53:04+00:00,laliskaaa,1.20420873900112E+018,0,0,0,0,https://twitter.com/laliskaaa/status/1701549482540990926
Padahal bukit teletubbies Bromo cakep bener yampun sedih bgt liat kebakaran gini🥹,1.70155187650292E+018,2023-09-12 11:02:35+00:00,yoonalldh,1.55373670244301E+018,0,0,0,0,https://twitter.com/yoonalldh/status/1701551876502929848
@_sempakbekas13 Entah masih dibuka g tuh kena dampak kebakaran Bromo...😅😅,1.70155492245259E+018,2023-09-12 11:14:41+00:00,Dayat88045821,1.55975991681418E+018,0,2,0,0,https://twitter.com/Dayat88045821/status/1701554922452599203
pejabat kan bisa kirim pesawat yg bisa banjur aer dari langit supaya kebakaran bromo cepet padam. Eh lupa ..ini bukan drakor jirisan yg tim DAMKAR sat-set  meluncur ke gunung,1.70155634648175E+018,2023-09-12 11:20:21+00:00,mildi,19750309,0,0,0,0,https://twitter.com/mildi/status/1701556346481750341
"@jokowi @sandiuno mas Kebakaran Bromo sudah Merambat Ke arah Malang , itu berbahaya , banyak spot wisata dan area penduduk , segera di padamkan @KhofifahIP",1.70155637062415E+018,2023-09-12 11:20:26+00:00,kimi198021,1.60358331314209E+018,0,0,0,0,https://twitter.com/kimi198021/status/1701556370624155723
@louislugas @kafir_introvert @silushyu cb tlg analisis kebakaran bromo ini dek,1.70155679901363E+018,2023-09-12 11:22:08+00:00,howneybee,2263610795,0,2,0,0,https://twitter.com/howneybee/status/1701556799013638597
@speachace @tanyakanrl Itu WO nya emang udh bbrp kali foto pake tema flare di bromo. Ada di 2017 dan 2019 dan bru kali ini kebakaran😅,1.70156052455791E+018,2023-09-12 11:36:57+00:00,ingyahajah,1.37682190979124E+018,0,0,0,0,https://twitter.com/ingyahajah/status/1701560524557914152
greget denger kabar gunung bromo kebakaran. gara gara prewed. terlalu mikirin konsep sampe lupa imbas nya.,1.70156078684876E+018,2023-09-12 11:37:59+00:00,nadqres,201240445,0,0,0,0,https://twitter.com/nadqres/status/1701560786848768482
"@sluttierrxbow gini jadinya kalo otak sering kepentok titit, mungkin udah keluar bareng bubur tai. kebakaran di Bromo itu bukan bencana tapi perusakan yang berdampak masif. sedangkan bencana itu seperti gempa, badai, etc yang gak bisa diperkirakan.",1.70156577227815E+018,2023-09-12 11:57:48+00:00,___m_0_o_n___,1.5084823546244E+018,0,0,0,0,https://twitter.com/___m_0_o_n___/status/1701565772278153283
@tanyakanrl Di ibu kota lagi upaya mengurangi polusi.  Pelaku kebakaran bromo malah membuat polisi,1.70156619265656E+018,2023-09-12 11:59:28+00:00,pydaa_,1.58171383417131E+018,0,0,0,1,https://twitter.com/pydaa_/status/1701566192656564655
"@K10SER bukan, itu nyindir pasangan yang prewed di bromo dan bikin savana bromo kebakaran",1.70156728094413E+018,2023-09-12 12:03:48+00:00,usaiberak,1.66799066359676E+018,0,0,0,0,https://twitter.com/usaiberak/status/1701567280944132356
Geram banget anj sama kebakaran yg di Bromo. Tau konsekuensi gk sih para pelaku2 tolol itu? Udah tau cuaca lagi gak bagus malah bikin konsep ide2 gk ngotak. Salut dan makasih banyak banget buat semua pihak yg udah berusaha padamin kebakarannya,1.70157014324631E+018,2023-09-12 12:15:10+00:00,yeminabi,9.55047073518202E+017,0,1,0,0,https://twitter.com/yeminabi/status/1701570143246311912
"@AFitrisby @e100ss ya memang sebelum kasus prewed flare sudah ada kejadian kebakaran di bromo 😅, bahkan dari akhir agustus, banyak kok beritanya, sudah sempet ditutup juga, sampai akhirnya apinya padam terus akhirnya dibuka lagi, baru dibuka datenglah pasangan prewed yg berulah tsb..",1.70157093890161E+018,2023-09-12 12:18:20+00:00,wargalocals,62461682,0,1,0,0,https://twitter.com/wargalocals/status/1701570938901614603
EH SALAH MAKSUDKU *pengantin yg bikin bromo kebakaran terinspirasi dr dia,1.70157262321665E+018,2023-09-12 12:25:01+00:00,peachyslen,1647285392,0,0,0,0,https://twitter.com/peachyslen/status/1701572623216652400
"@senjemgeprek Jangan2 efek e Bromo kebakaran, panas e sampe kene",1.70157310989431E+018,2023-09-12 12:26:57+00:00,adigty,2788919155,0,1,0,0,https://twitter.com/adigty/status/1701573109894316039
"Anjir kebakaran Bromo ampe 50 hektar, cokkkkk",1.7015843862761E+018,2023-09-12 13:11:46+00:00,akusukagendar,8.11504439483764E+017,0,0,0,0,https://twitter.com/akusukagendar/status/1701584386276102426
"Setelah w pikir yg masalah gunung bromo kebakaran itu bukan salah pengantin ga sih? Karena vendor yg udh acc dan kasih ijin buat mereka foto disana tapi kebakaran dan kelalaian, pengantin pun udh bayar lebih ke vendor, right?",1.70158619409265E+018,2023-09-12 13:18:57+00:00,anakechilllll,1.31372492271205E+018,0,0,0,0,https://twitter.com/anakechilllll/status/1701586194092659025
Apakah hawa panas kayak dibakar ini efek kebakaran Bromo? Panas bgt nyalain kipas teross,1.70158947545611E+018,2023-09-12 13:31:59+00:00,peppreoni,2676033037,0,0,0,1,https://twitter.com/peppreoni/status/1701589475456110744
"@CNNIndonesia Wartawan: Bagaimana tanggapan Bapak terkait kebakaran di Bromo?"" Jokowi: ""Ya dipadamkan.""  Siap mantap pak 86 laksanakan segera 🥲""",1.70159187469447E+018,2023-09-12 13:41:31+00:00,chandradith,123913927,0,0,0,0,https://twitter.com/chandradith/status/1701591874694475777
"Ini sih pembenaran doang, njir. Emang kebakaran di bromo disebabkan oleh dua orang pasangan straight yg ngewe trus menyebabkan kebakaran? Kan ga.",1.7015941981124E+018,2023-09-12 13:50:45+00:00,er_es_es,573687448,0,0,0,1,https://twitter.com/er_es_es/status/1701594198112403718
"Bela belain gunung Bromo kebakaran, fotonya cuma asep doang anying aowkwowkaak",1.70159696394126E+018,2023-09-12 14:01:45+00:00,tokopedhiya,234733847,0,0,0,1,https://twitter.com/tokopedhiya/status/1701596963941265836
"@cursedkidd k gunung bromo aja wil, bisa prewed pake tema kebakaran hutan",1.70160419942188E+018,2023-09-12 14:30:30+00:00,NasiNempelKaki,1.4019585665467E+018,0,0,0,0,https://twitter.com/NasiNempelKaki/status/1701604199421882743
"Masih ganyangka sm kejadian bromo kebakaran, Masih ngang ngong KOK BS WEHHHH Apinya udah gedekkk",1.70160438850949E+018,2023-09-12 14:31:15+00:00,Fildzani459,1.54049898284541E+018,0,1,0,0,https://twitter.com/Fildzani459/status/1701604388509491569
"Malang hawanya panas bgt, apa iya kena dampak kebakaran bromo ?",1.70160595419292E+018,2023-09-12 14:37:28+00:00,cripicirpi,1.20447937451212E+018,0,0,0,0,https://twitter.com/cripicirpi/status/1701605954192920587
@taeggvk_975 Pasangan ini bukan yg jd bikin kebakaran di bromo ? Atau pasangan lain yg nyontoh ini ? Blm padam lho apinya..,1.70160608925784E+018,2023-09-12 14:38:00+00:00,Eka4Liong,147128594,0,1,0,0,https://twitter.com/Eka4Liong/status/1701606089257848924
"Bukankah ada metode mencegah kebakaran BROMO akibat Flare meluas dengan cara memotong jalur rambatan, yaitu potong/buang tanaman sekitarnya.  Inspirasi oleh film God of Crazy.",1.70160976895007E+018,2023-09-12 14:52:37+00:00,Fido_id_,864093751,0,1,0,0,https://twitter.com/Fido_id_/status/1701609768950075533
@ub_mfs Gara gara bromo kebakaran deh kayaknya jd efeknya gini,1.70161222167845E+018,2023-09-12 15:02:22+00:00,sigaretd,1.31781576748462E+018,1,3,0,61,https://twitter.com/sigaretd/status/1701612221678453194
Sakit bgt liat kebakaran bromo😭😭,1.70161255626224E+018,2023-09-12 15:03:42+00:00,bonooyaa,7.08258782686543E+017,0,0,0,0,https://twitter.com/bonooyaa/status/1701612556262248472
Ya Allah... Turunkan hujan untuk kebakaran Savana di Bromo....,1.70161464502145E+018,2023-09-12 15:12:00+00:00,QnunkQ,62231814,0,0,0,0,https://twitter.com/QnunkQ/status/1701614645021458844
@adinatazain bromo lagi kebakaran,1.70161495506434E+018,2023-09-12 15:13:14+00:00,0NTWlTTER,1.45075046322205E+018,0,1,0,0,https://twitter.com/0NTWlTTER/status/1701614955064340959
Terkait kebakaran di Bromo yang sedang ramai dibahas..,1.70161577316339E+018,2023-09-12 15:16:29+00:00,gyraa__,310286103,0,0,0,0,https://twitter.com/gyraa__/status/1701615773163397287
"@kumparan jangan dong...., kasihan..., lebih baik suruh bersihin bekas kebakaran di gunung bromo pakai sikat gigi....",1.70161680771787E+018,2023-09-12 15:20:36+00:00,Nobody11175591,1.2931703685391E+018,0,0,0,0,https://twitter.com/Nobody11175591/status/1701616807717875884
@ub_mfs ada efek dari kebakaran bromo kali yaa,1.70162109434265E+018,2023-09-12 15:37:38+00:00,banyakinbobanya,1.31290889389117E+018,0,0,0,0,https://twitter.com/banyakinbobanya/status/1701621094342652190
"@antropoetics FGD tuh, namanya. Isinya diskusi soal kebakaran Bromo itu.",1.70162475521929E+018,2023-09-12 15:52:10+00:00,valuerisks,7.6547291392745E+017,0,1,0,1,https://twitter.com/valuerisks/status/1701624755219292382
"@KehangatanAlNew Kawah wurung kebakaran jg, kirain bromo, lg kemarau, harus hati² banget, semoga ada hujan yg turun buat memadamkan. Baik² semua",1.70162489306929E+018,2023-09-12 15:52:43+00:00,Kawachiii53,1.60432730049311E+018,0,0,0,2,https://twitter.com/Kawachiii53/status/1701624893069295747
"@tanyakanrl api di bromo aja blm padam, masa yg bikin kebakaran udh dipulangin aja",1.70162881637509E+018,2023-09-12 16:08:19+00:00,bereadybuddy,1.66751289284822E+018,0,0,0,0,https://twitter.com/bereadybuddy/status/1701628816375099675
"@anak_lad @louserinaa lol ini bukan perihal salah gasalah, warga sekitar yang cari nafkah disitu kalo Bromo tutup gimana ?  mau pake duit hajatan buat menuhin kebutuhan warga? trs itu bekas kebakaran 1- taun blm tentu bisa ijo lagi",1.70162949865417E+018,2023-09-12 16:11:01+00:00,Zakymubaroqq,1.22314370022351E+018,0,0,0,1,https://twitter.com/Zakymubaroqq/status/1701629498654175542
"@28marigoldd PODO HEE ket wingi malah perasaku, apa karena kebakaran ndek Bromo iku ya huhu",1.70163195587031E+018,2023-09-12 16:20:47+00:00,lucke_karimah,2572130531,0,0,0,0,https://twitter.com/lucke_karimah/status/1701631955870314903
Kok ndak dikirim ke gunung bromo yg lagi kebakaran hutannya itu akan mulya dn ilmunya akan bermanfaat,1.70163417879271E+018,2023-09-12 16:29:37+00:00,Masykur33263800,1.19329700318418E+018,0,0,0,0,https://twitter.com/Masykur33263800/status/1701634178792710376
@sofearozaidi_ 31/8 it was pure kebakaran hutan sbb area bromo senang terbakar akibat heat musim kering,1.70163501476369E+018,2023-09-12 16:32:57+00:00,winonsrubyh,1.19418677334303E+018,0,2,0,1,https://twitter.com/winonsrubyh/status/1701635014763692383
Tiap kali buka sosmed isinya kebakaran bromo gegara prewed pake flare. Asli sedih weh 🥺,1.70163563003447E+018,2023-09-12 16:35:23+00:00,Terrytowet,1954012562,0,0,0,0,https://twitter.com/Terrytowet/status/1701635630034477545
"@sigaretd @ub_mfs musim maba udh berakhir hhahahaha tp emg udh masuk musim kemarau kokk despite bromo kebakaran, emg udh saatnya jg",1.70163598844614E+018,2023-09-12 16:36:49+00:00,akubuten,1.26737257412564E+018,0,1,0,4,https://twitter.com/akubuten/status/1701635988446142643
"@Frimawan Jadi lah bang, cape cape prewed ke bromo sampai kebakaran dan viral",1.70163744243098E+018,2023-09-12 16:42:35+00:00,brisnipdamenta,2714474377,0,0,0,0,https://twitter.com/brisnipdamenta/status/1701637442430984512
"@detikcom Ayo jadiin tersangka dong. Efek kebakaran savana Bromo makin meluas dan brutal, udah 274 hektar, butuh biaya banyak buat madamin.  Belum lagi pencari nafkah yg terimbas gara2 mereka.  Masa cuma saksi doang ? 😦",1.70163989720192E+018,2023-09-12 16:52:21+00:00,NyaiiBubu,1.21989022493678E+018,0,6,3,33,https://twitter.com/NyaiiBubu/status/1701639897201926192
@CNNIndonesia kebakaran bromo: ya dipadamkan bentrok Rempang Batam: ya dikomunikasikan Tragedi Kanjuruhan: saya jawab dilain waktu  😭😭😭😭 gimana ini,1.70164406144115E+018,2023-09-12 17:08:53+00:00,areev_heaven,217136665,0,0,0,0,https://twitter.com/areev_heaven/status/1701644061441155230
"Anu... mmm... tau gak kalau kemaren bromo kebakaran?""""",1.70165228702075E+018,2023-09-12 17:41:35+00:00,fari_giraf,1.53810237529393E+018,0,1,0,0,https://twitter.com/fari_giraf/status/1701652287020753359
"Senyusah-nyusahinnya manusia, yang paling nyusahin ya orang yg bikin Bromo kebakaran 😥",1.70167381871923E+018,2023-09-12 19:07:08+00:00,ratukeluyuran,2245169899,0,0,1,0,https://twitter.com/ratukeluyuran/status/1701673818719232171
"@CNNIndonesia Sebelum marah, yang kalian harapkan apa? Dia presiden, Bromo masalah iyaa tapi gaa masuk akal juga dia nyuruh pemadam kebakaran SE Indonesia padamin api di Bromo. Apalagi kecelakaan sekarang diakibatkan sama manusia, iya gw tau lu berharap dia ngasih respon yang lebih..",1.7017125327703E+018,2023-09-12 21:40:58+00:00,arupha_00,3247367886,0,2,0,0,https://twitter.com/arupha_00/status/1701712532770300181
"@anak_lad @bobamilkteagurl @louserinaa Mbk adel, kebetulan yg lagi kebakaran bukan cm bromo aja, Arjuno jg, itu heli dan relawan masih kerja disana, n biaya operasional heli per jamnya hampir 200 juta.. Minimal mereka tanggung jawab kerja ikut jadi relawan dong, mentang2 udah setor duit jd ga merasa bersalah gitu?",1.70171526774599E+018,2023-09-12 21:51:50+00:00,ermythaa,70112941,0,0,0,0,https://twitter.com/ermythaa/status/1701715267745992951
@AREAJULID apakah ditutupi dengan kasus kebakaran bromo ?,1.7017208655311E+018,2023-09-12 22:14:05+00:00,faz86253114,1.50303328847016E+018,0,0,0,0,https://twitter.com/faz86253114/status/1701720865531101518
"Gajadi ke bromo gara2 kebakaran, kejogja aja kali ya",1.70172974580386E+018,2023-09-12 22:49:22+00:00,feryafid_,3018935311,0,1,0,0,https://twitter.com/feryafid_/status/1701729745803866363
"@handokotjung waktu anak mereka mau melamar anak orang:  👦(anak mereka) 👨(calon mertua)  👦: jadi gini om, maksud kedatangan saya kesini ingin melamar anak om 👦: sebentar, orang tuamu yg dulu prewed menyebabkan kebakaran bromo ya? 👦: em.. iya om😔 👨: waduh gabisa gabisa bikin malu aja",1.70173178513743E+018,2023-09-12 22:57:28+00:00,beneraaan,1.15216090814092E+018,0,0,0,0,https://twitter.com/beneraaan/status/1701731785137434771
Liat berita kebakaran savana Bromo ni pasti bakal dinotice sama dosen iling ekol,1.7017342388975E+018,2023-09-12 23:07:13+00:00,marktcharon,1.62247933639697E+018,0,1,0,1,https://twitter.com/marktcharon/status/1701734238897508588
"kemarin oknum bego yg jd penyebab kebakaran masif di bromo, jg berawal dr sikap abai.  sebelas dua belas ternyata, sama kelakuan aparatnya.  kata gw mah, negeri ini emang beyond salvation sih",1.70175853671448E+018,2023-09-13 00:43:46+00:00,sariebut,138282392,0,0,0,1,https://twitter.com/sariebut/status/1701758536714486121
"@anak_lad @Asalangbt @louserinaa oh jadi gaes mungkin maksud mba nya warga disana yg salah, sapa suruh tinggal disitu, yg bener mah pelaku nyaaa suka2 mereka mo bawa bom kah, flare kah, bakar2 disitu juga gpp, klo bromo kebakaran berarti emg warga disana lagi apes2nya, jd biar kebakaran ber hektar2 mah jg gpp",1.70175908043467E+018,2023-09-13 00:45:56+00:00,taiyatau,1.25441128290562E+018,0,0,0,0,https://twitter.com/taiyatau/status/1701759080434679936
@yusufgunawan Ada acara apa ya pak? Tadi kasihan ada mobil pemadam kebakaran harus puter dari bromo sisi selatan ke sisi utara padahal sudah mau belok kiri arah semeru. Perencanaan jalan yang disekat menjadi ribet 🙏,1.70175956140387E+018,2023-09-13 00:47:51+00:00,Darril09,243078941,0,1,0,1,https://twitter.com/Darril09/status/1701759561403871516
"@AREAJULID Padahal mau ke bromo,dah kebakaran aja😪",1.70176092162924E+018,2023-09-13 00:53:15+00:00,bunetes,1.47857617599994E+018,0,0,0,0,https://twitter.com/bunetes/status/1701760921629249791
"@detikcom Disuruh wajib lapor doang, setelah menyebabkan kebakaran hebat di Bromo  Nggak ada efek jera sama sekali 👎  @poldajatim  @KemenLHK @PPI_KemenLHK  @jokowi",1.70177064463388E+018,2023-09-13 01:31:53+00:00,JoeSamsung6,1.51623229769531E+018,0,0,0,0,https://twitter.com/JoeSamsung6/status/1701770644633886752
"Atas insiden tersebut 274 hektar area terbakar dan polisi telah memeriksa 6 saksi. Diduga Wedding Organizer tersebut tidak memiliki Simaksi, sehingga manajer WO berinisial AP ditetapkan menjadi tersangka.   #Bromo #KebakaranBromo #FlareBromo #Kebakaran #FotoPrewedding",1.70177102538888E+018,2023-09-13 01:33:24+00:00,Kriuuukid,1.63087728419761E+018,0,0,0,2,https://twitter.com/Kriuuukid/status/1701771025388880203
"@anak_lad @louserinaa Kita emang pernah bikin salah juga sih, tapi kesalahannya gak sampe bikin gunung bromo kebakaran juga kali.",1.70178624627894E+018,2023-09-13 02:33:53+00:00,nyakminyak,9.96622861988085E+017,0,0,0,0,https://twitter.com/nyakminyak/status/1701786246278947029
"dulu waktu prewed di bromo, ngobrol sm guide-nya ttg kebakaran bromo. jadi memang tahunan ketika kemarau itu sengaja dibakar mas, biar tumbuh bagus lagi"". entahlah.""",1.70178744816106E+018,2023-09-13 02:38:39+00:00,agusbagaskara_,96902944,0,0,0,1,https://twitter.com/agusbagaskara_/status/1701787448161062959
"@HappyCandyJoy @briliyard @txtdrpemerintah Kebakaran kan bisa merembet, ya bener dong kalo masih blm padam ya dipadamin. Kerjaan doi gak cuma mantau bromo. Lol😂",1.70179049286499E+018,2023-09-13 02:50:45+00:00,Afizl1,1.28927598678615E+018,0,1,0,0,https://twitter.com/Afizl1/status/1701790492864991690
"@txtdrpemerintah Ya kali mau di kasih janji  Sepertinya ga susah susah amat ngatasin kebakaran di bromo kalo saya jadi presiden""🥴🥴""",1.70179729454969E+018,2023-09-13 03:17:47+00:00,Satsamusams,1.37253494565512E+018,0,0,0,0,https://twitter.com/Satsamusams/status/1701797294549696664
"People are dying, bromo kebakaran, ibukota dikepung polusi  CNN:",1.70180194039566E+018,2023-09-13 03:36:15+00:00,navacadabra,256424363,0,0,0,0,https://twitter.com/navacadabra/status/1701801940395667673
"@CNNIndonesia Dari sekian ratus juta rakyat Indo, mungkin cuma pak jokowi yang kepikiran untuk memadamkan kebakaran di bromo. Ini menunjukkan bahwa beliau sangat cerdas dan cocok jadi RI 1 untuk 3 periode.🥰",1.70180210016509E+018,2023-09-13 03:36:53+00:00,RompiOrange,1.12576251407822E+018,0,0,0,0,https://twitter.com/RompiOrange/status/1701802100165099766
@papaanabul Peler itu yg penyebab kebakaran di bromo kan ya?,1.70180274169645E+018,2023-09-13 03:39:26+00:00,tydakperjaka,1.4876148641471E+018,0,1,0,0,https://twitter.com/tydakperjaka/status/1701802741696450972
"@detikcom Sebelum masuk penjara, kasih sanksi tuh orang bantu madamin api di Bromo. Biar pada tau sulit dan beratnya madamin  kebakaran hutan!",1.70180440667573E+018,2023-09-13 03:46:03+00:00,Ar_Lyane,1.55826075255298E+018,0,0,0,17,https://twitter.com/Ar_Lyane/status/1701804406675738647
@KurangGocap6 Pelaku kebakaran bromo mukanya skrg kya gini mungkin ya teh 🤣,1.70181289904245E+018,2023-09-13 04:19:47+00:00,Bobby_a7x22,2441615354,0,1,0,0,https://twitter.com/Bobby_a7x22/status/1701812899042459978
"Kdg aku bersyukur ttg hal2 sg terjadine nd org lain.. Misale biyung untung sg prewed nyebabno kebakaran bromo guduk aku""  Soale opo, hal2 gak sengaja dan bodoh smcm iku kan kdg iso ae terjadi ng kita kan(?)""",1.70181744636008E+018,2023-09-13 04:37:52+00:00,andrianierisa,487436795,0,0,0,0,https://twitter.com/andrianierisa/status/1701817446360084613
"@Dennaaja_ @detikcom lu boleh komen, tapi yg masuk akal. prewedding hak tiap pasangan yg mau menikah. dn emg nya si pasangan bakal tau klo prewed mereka bakal menyebabkan kebakaran hebat di bromo? blok",1.70181815652707E+018,2023-09-13 04:40:41+00:00,jonathanfrans2,967113464,0,4,0,0,https://twitter.com/jonathanfrans2/status/1701818156527079678
"@txtdrpemerintah bnr anjr, tiap hari berita kebakaran bromo makin nyebar makin luas dipikiran gue, lah emg gada penanganannya? gada yang nyoba padamin? apa udah nyoba tapi tetep gabisa? atau alat pemadamannya belum mamadai?",1.70182418229489E+018,2023-09-13 05:04:38+00:00,011kaze,1.39157816175896E+018,0,0,0,0,https://twitter.com/011kaze/status/1701824182294892845
"@detikcom @jjsengui Kalau pun belum dinaekkan statusnya jadi tersangka.  Pasangan Prewed yg nyantei banget karena merasa terima beres prewed pake flare...   Usul, mumpung lg nyantai, mereka yg masih jadi saksi, kerja sosial di lokasi kebakaran savana Bromo sampei kondisi vegetasi di sana bener2…",1.70182967205574E+018,2023-09-13 05:26:26+00:00,NyaiiBubu,1.21989022493678E+018,3,30,96,1254,https://twitter.com/NyaiiBubu/status/1701829672055742930
"Tiap ada video kebakaran Bromo lewat di sosmed langsung aku skip, ga tega liatnya 😭",1.70183965721308E+018,2023-09-13 06:06:07+00:00,marichaks,73345418,0,0,0,1,https://twitter.com/marichaks/status/1701839657213088250
"Negara bukan cuman harus ngerogoh ratusan juta buat memadamkan kebakaran di Bromo karena prewed gak ngotak, tapi puluhan milyar!  Sampe nongol di satelit lho itu jadi hotspot gede.  Kalo diluar mereka (EO dan pasangan prewed) kayaknya dah bakal kena pasal arson semua!",1.70184056356855E+018,2023-09-13 06:09:43+00:00,GerryS,66649933,1,10,95,284,https://twitter.com/GerryS/status/1701840563568554091
@CNNIndonesia Apakah ada penunjukan jabatan baru sebagai pejabat penanggulangan kebakaran Bromo?,1.70184059412822E+018,2023-09-13 06:09:50+00:00,gan_deden,201168226,0,1,0,0,https://twitter.com/gan_deden/status/1701840594128220388
Ini yg bikin bromo kebakaran? Dan nyusahin warga sekitar?,1.70184156547459E+018,2023-09-13 06:13:42+00:00,Adsn73234168,1.35380585718042E+018,0,1,0,0,https://twitter.com/Adsn73234168/status/1701841565474594836
"@KompasTV wewww blm selesai jg ya n makin meluas..  selain kesalahan poto prewed kebakaran yg g selesai2 ini menunjukkan, kurg siapnya petugas penjaga  hutan d bromo n sekitarnya. Kurang nya alat pemadam, saluran air n keselamatan padahal objek vital wisata n taman nasional.",1.70184216355708E+018,2023-09-13 06:16:05+00:00,MrChill61971371,1.39396585699286E+018,0,0,0,1,https://twitter.com/MrChill61971371/status/1701842163557085247
@lesyeuxdevosye padamin kebakaran di Bromo,1.70184287284328E+018,2023-09-13 06:18:54+00:00,nolinguistik,1.31139767257877E+018,0,0,0,0,https://twitter.com/nolinguistik/status/1701842872843289076
"@friendwithme84 @zqhr Lu kok gak jelas bang, orang itu isinya sarkas kok.. nyindir penyebab kebakaran bromo malah dikira berchandyaaa",1.70184429594548E+018,2023-09-13 06:24:33+00:00,set_cak28818,1.67654366006912E+018,0,0,0,0,https://twitter.com/set_cak28818/status/1701844295945482476
"@detikcom Mending uang buat prepare nikah itu dipake untuk bayar ganti rugi kebakaran di Bromo deh, mana mereka gak ada rasa bersalah lagi. Enak aja habis ngerusak masih bisa santai santai gitu",1.70184444964989E+018,2023-09-13 06:25:10+00:00,vickyfarhan95,163772776,0,0,0,0,https://twitter.com/vickyfarhan95/status/1701844449649893435
Jurusan Perencanaan Wilayah dan Kota:  1. Revitalisasi Taman Nasional Bromo Tengger Semeru  2. Dampak Sosial Ekonomi Masyarakat Sekitar Taman Nasional Bromo Tengger Semeru Akibat Bencana Kebakaran Hutan,1.70184950423505E+018,2023-09-13 06:45:15+00:00,ahrifqiiids,1.58377864672394E+018,2,0,2,4,https://twitter.com/ahrifqiiids/status/1701849504235053368
"@detikcom Kasus film porno, semuanya ditangkap. Padahal tuh film juga gk terkenal dan gak semua tau aksesnya (pak pol sampe adakan conference pers seolah pencapaian besar)  Tiba kebakaran gunung bromo jelas2 jadi wabah, dampaknya ke pariwisata global, yg ditangkap baru 1 orang. 😑😑",1.70184986039853E+018,2023-09-13 06:46:40+00:00,AsriMaulidaRam1,1.63294605634138E+018,0,1,0,1,https://twitter.com/AsriMaulidaRam1/status/1701849860398530901
"Update :   Bromo sudah padam, semoga gak ada titik kebakaran baru lagi",1.70186535604921E+018,2023-09-13 07:48:14+00:00,sampingalfamart,1.64609774733296E+018,0,1,0,0,https://twitter.com/sampingalfamart/status/1701865356049215664
apa ini hujan buatan buat kebakaran gunung bromo yh:(,1.70186629060721E+018,2023-09-13 07:51:57+00:00,pacarcipung,1.62875172224723E+018,0,0,0,0,https://twitter.com/pacarcipung/status/1701866290607210875
@piyaayip_ @txtdrpemerintah Ya harusnya dipadamkan emang maunya diapain kalau savana kebakar? Dari tahun lalu Bromo jg kebakaran mulu gara² kemarau cuma bedanya ini lebih besar gara² flare,1.70186694988889E+018,2023-09-13 07:54:34+00:00,_WHO4MII,1.42266424397171E+018,0,0,0,0,https://twitter.com/_WHO4MII/status/1701866949888897204
Semoge kebakaran di bromo jg cepet padam 🙏,1.70186815175417E+018,2023-09-13 07:59:21+00:00,kangfigma,1.31356896082719E+018,0,0,0,0,https://twitter.com/kangfigma/status/1701868151754170536
Ini pasangan tolong suruh wajib mengabdi minimal 5 tahun buat nanam pohon di seluruh area bromo yg kebakaran. Merawat sampai tumbuh dan bibitnya beli pake dana mereka sendiri.,1.70187109867212E+018,2023-09-13 08:11:03+00:00,eepiskey,469183434,0,0,0,0,https://twitter.com/eepiskey/status/1701871098672124325
"Alhamdulillah kalo beneran hujan semoga kebakaran di bromo bisa cepat padam, tapi kasian pembangunan di rumah bisa molor 🙃",1.7018712554384E+018,2023-09-13 08:11:41+00:00,lllvelllyx,1.45058779140694E+018,0,0,0,0,https://twitter.com/lllvelllyx/status/1701871255438401882
@hoelymelayu Tiber ingat kejadian kebakaran di Bromo. Haha,1.70187130103889E+018,2023-09-13 08:11:52+00:00,GittewTiber,3043694963,0,0,0,0,https://twitter.com/GittewTiber/status/1701871301038891055
Menyepelekan masalah kecil yang harusnya bisa di cegah tapi malah berulang kali berbuat dan tidak berusaha memperbaiki nya yah bom waktu buat kehancuran hidup. Liat aja foto prawed di bromo. Nyepelein api kecil gak langsung di padamkan eh kebakaran 1 bromo dan buat repot hidup.,1.7018717356904E+018,2023-09-13 08:13:35+00:00,tubagusdaneil,234223639,0,0,0,0,https://twitter.com/tubagusdaneil/status/1701871735690400109
"@rahmdess27 Yoongi aku ajak ke prambanan liat lampion pas waisak.   Rencana ke Bromo, tapi apa daya kebakaran. Mau ke Savannah nya, terus naik jeep ke pasir berbisik    Ya Allah...  Lemes sendiri ngebayangin nya aja.",1.70188887474484E+018,2023-09-13 09:21:41+00:00,minsugarie49,7.94212756668854E+017,0,0,0,0,https://twitter.com/minsugarie49/status/1701888874744840536
"@urbyybae Amiin.. semingguan lagi otw malang,bromo. Semoga hujanny bisa bantu padamin kebakaran 🙏",1.70189008433182E+018,2023-09-13 09:26:30+00:00,hushteabudi,707843108,0,1,0,0,https://twitter.com/hushteabudi/status/1701890084331823559
"@infomalang Min, udan 'rekasa' kah, buat madamkan kebakaran di Bromo?",1.70189422183652E+018,2023-09-13 09:42:56+00:00,darmajatjs,560137777,0,2,0,1,https://twitter.com/darmajatjs/status/1701894221836521759
"@louserinaa Mbak nya si adelia itu agak ga waras, dibela abis2an pasangan yang sudah mengakibatkan kebakaran ratusan hektar area Bromo, pake alesan kita membongkar data pribadi pelaku..",1.70189495508887E+018,2023-09-13 09:45:51+00:00,Dnswara_,1.70066229765459E+018,0,0,0,0,https://twitter.com/Dnswara_/status/1701894955088879784
@zqhr prediksi pelebaran kebakaran hutan akibat pengunaan flare di lokasi Savana gunung Bromo dengan penginderaan jauh,1.70190026731337E+018,2023-09-13 10:06:58+00:00,rmdn_hani,107827019,1,1,0,0,https://twitter.com/rmdn_hani/status/1701900267313373369
Alhamdulillah hujan..  Semoga hujan bisa memadamkan api dengan sempurna 🥺 Kembali hijau ya Bromo 🥺 #Bromo #Kebakaranbromo,1.70190483155075E+018,2023-09-13 10:25:06+00:00,CherylNoiza,1.67242541062438E+018,0,0,1,2,https://twitter.com/CherylNoiza/status/1701904831550759036
Hukum  “Analisis Dampak Aktivitas Photoshoot Pre-wedding terhadap Kebakaran Hutan di Kawasan Gunung Bromo: Perspektif Hukum dan Perlindungan Lingkungan”,1.70190748232994E+018,2023-09-13 10:35:38+00:00,zqhr,33043063,0,1,3,5,https://twitter.com/zqhr/status/1701907482329944371
Teknik Industri  “Rekayasa Sistem Pemantauan dan Pemulihan Lingkungan Pasca Kebakaran Hutan di Kawasan Taman Nasional Bromo Tengger Semeru: Peran Teknik Industri dalam Meningkatkan Keberlanjutan”,1.70190862661152E+018,2023-09-13 10:40:11+00:00,zqhr,33043063,0,2,0,3,https://twitter.com/zqhr/status/1701908626611527845
@gustiayutp auto kebakaran di bromo langsung padam,1.70191263986842E+018,2023-09-13 10:56:08+00:00,satyaekaputra_,1.11747742598457E+018,0,0,0,0,https://twitter.com/satyaekaputra_/status/1701912639868420282
"Tbtb di ig jadi pada upload foto apa aja di bromo"" gara2 abis kebakaran, jadi pengen ke bromo lagi""",1.70191655012155E+018,2023-09-13 11:11:40+00:00,jvngkvvkie,573515411,0,0,0,0,https://twitter.com/jvngkvvkie/status/1701916550121554354
Gugunungan yg blkg rmh guel kebakaran yaAllah ngerembet takut kek bromo,1.70192091859828E+018,2023-09-13 11:29:01+00:00,linday____,3160434834,0,1,0,0,https://twitter.com/linday____/status/1701920918598283293
"Lagi dan lagi lwt teel ttg bromo kebakaran, sedih bgt gue blm pernah ke bromo : jahat bgt org2 yg nyebab in kebakaran :""""",1.70192342370083E+018,2023-09-13 11:38:59+00:00,byMinjul,1.65500433904241E+018,0,0,0,2,https://twitter.com/byMinjul/status/1701923423700836760
"Oalahhh pantes kok panas banget, di wilayahku banyak tpa yg kebakaran sama dari bromo juga 😩",1.70193348094557E+018,2023-09-13 12:18:56+00:00,17O796ww,1.13226772598675E+018,0,0,0,0,https://twitter.com/17O796ww/status/1701933480945578437
"Kebakaran hutan di Gunung Bromo tidak hanya mengancam keberadaan flora dan fauna langka. Kebakaran hutan di Bromo juga mengakibatkan terputusnya saluran air bersih ke 6 desa yang ada di Kecamatan Sukapura.  Sedih sekali, 😢🙏🏻 semoga cepat kembali pulih 😇",1.70193590951054E+018,2023-09-13 12:28:35+00:00,LuhAyuManikMas1,1.12099520235175E+018,0,1,0,0,https://twitter.com/LuhAyuManikMas1/status/1701935909510545538
"@anak_lad @louserinaa Kau gausa malu maluin orang medan lah ya perkedel kalo ga ngerasain dampaknya kebakaran di bromo itu, bagus kau diam aja xixixi",1.70193748815008E+018,2023-09-13 12:34:52+00:00,viraieo,9.81788475744665E+017,0,0,0,0,https://twitter.com/viraieo/status/1701937488150081608
@crujl santuy gue wleeeee yg kebakaran bromo noh,1.70193861454294E+018,2023-09-13 12:39:20+00:00,yojweah,1.2676929656626E+018,0,1,0,0,https://twitter.com/yojweah/status/1701938614542942224
azizah iphone 15 arhan jeon jungkook flare wedding kebakaran bromo pondok pesantren wtf lucas taehyung rabu malem hyunjin jennie abimana #AppleEvent TOMORROW_X_TOGETHER bts taylor swift vma shopee snack,1.70194096864641E+018,2023-09-13 12:48:42+00:00,zoeyspick,1.64021241124345E+018,0,0,0,0,https://twitter.com/zoeyspick/status/1701940968646418740
Dikira yang kebakaran tuh cuman gunung Bromo aja🥲,1.70194234732675E+018,2023-09-13 12:54:10+00:00,xempatbelasx,440623512,0,0,0,0,https://twitter.com/xempatbelasx/status/1701942347326750970
@YogyakartaCity Mbok tulung iki isoh gak difunsikan dinggo memadamkan kebakaran seko duwur neng bromo kae,1.70194243262631E+018,2023-09-13 12:54:31+00:00,Rasahkepo29,8.64515585190666E+017,0,0,0,0,https://twitter.com/Rasahkepo29/status/1701942432626315307
Pengen ke area camping tp ditutup gara2 kena dampak kebakaran bromo :'( Hiksss,1.70194361537813E+018,2023-09-13 12:59:13+00:00,imyourxcat,1105358964,0,0,0,0,https://twitter.com/imyourxcat/status/1701943615378137115
Sepertinya setelah kebakaran Bromo rumputnya bakalan lebih bagus deh pas udah masuk musim hujan,1.70194671386565E+018,2023-09-13 13:11:31+00:00,takeurpain,1.61894309894358E+018,0,0,0,0,https://twitter.com/takeurpain/status/1701946713865654612
"Pelaku yg menyebabkan kebakaran di gunung Bromo selain dikenakan hukuman badan, juga harus dihukum membayar ganti rugi senilai kerugian akibat kebakaran itu....😠  #adil",1.70194856518947E+018,2023-09-13 13:18:53+00:00,Iyan_KH,34231385,0,0,0,4,https://twitter.com/Iyan_KH/status/1701948565189472374
@wintersoldicker ktanya elpijiti penyebab bencana pdhl yg buat bromo kebakaran mah psgn straight ngide prewed pake flare,1.70195361057202E+018,2023-09-13 13:38:56+00:00,jeongwooest,1.36638084670216E+018,0,0,0,1,https://twitter.com/jeongwooest/status/1701953610572025937
"@EndlessJourneyE Everyone loves freebies, right? Yg ngasih beramal, yg dikasih ngedoain balik. Gitu kan maksudnya? 😀 Isu lingkungan ga sexy, tp bromo kebakaran heboh banget.",1.70195673139423E+018,2023-09-13 13:51:20+00:00,Arofanti,48011080,0,1,0,0,https://twitter.com/Arofanti/status/1701956731394236817
"@kegblgnunfaedh Update Bromo yg kebakar doang gencar si pelaku kebakaran kok lenyap gini yaa beritanya, dah diadili belum sih mereka kerugiannya gede loh ini banyak pihak jg yg dirugikan masa gada tindakan apa2, apa akunya aja yg ketinggalan berita ya ?",1.70195778662242E+018,2023-09-13 13:55:31+00:00,Nuyuybestiemu,1.4678208587522E+018,0,0,1,14,https://twitter.com/Nuyuybestiemu/status/1701957786622427564
"@dAsalbantani @detikcom RATUSAN JUTA DEMI MEMADAMKAN KEBAKARAN BROMO""""",1.70196527708737E+018,2023-09-13 14:25:17+00:00,DandyPurwanto_,1.13704221007817E+018,0,0,1,1,https://twitter.com/DandyPurwanto_/status/1701965277087379498
"kriminologi: Tinjauan Green Criminology terhadap Kebakaran Lahan yang Tidak Disengaja selama Aktivitas Fotografi di Gunung Bromo""""",1.70197027259561E+018,2023-09-13 14:45:08+00:00,obingskibing,1.19559926735785E+018,1,1,0,0,https://twitter.com/obingskibing/status/1701970272595611659
Sosiologi   Pengaruh Status Sosial Ekonomi terhadap Tingkat Literasi Pelestarian Lingkungan: Studi Kasus Kebakaran Bromo akibat Aktivitas Fotografi Prapernikahan,1.70197278950099E+018,2023-09-13 14:55:08+00:00,pemudahepi,243136890,1,1,0,2,https://twitter.com/pemudahepi/status/1701972789500997942
Ilmu Hubungan Internasional   Internasionalisasi Kasus Kebakaran Bromo akibat Digunakan Sebagai Lokasi Foto Prapernikahan: Sebuah Tinjauan Kritis untuk mewujudkan Ecological Justice,1.7019738600468E+018,2023-09-13 14:59:24+00:00,pemudahepi,243136890,1,1,0,1,https://twitter.com/pemudahepi/status/1701973860046803259
ini diramein jg dong biar sama panasnya sama kebakaran di bromo,1.7019743379248E+018,2023-09-13 15:01:17+00:00,Ivanasekali,1.20438449086636E+018,0,0,0,0,https://twitter.com/Ivanasekali/status/1701974337924804634
"@sosmedkeras Kmrn ada yg menyebab in gunung bromo kebakaran smpek berhektar2 pelaku di penjara 5 tahun &amp  dendanya milyaran ga main2, la ini yg nyebabin banjir &amp  dgn sengaja ngerusak alam gak di perlalukan yg sama gitu???",1.70197860798665E+018,2023-09-13 15:18:16+00:00,4ndrovega,1943758837,0,0,0,1,https://twitter.com/4ndrovega/status/1701978607986659804
Keren amat ni fandom :) Bantu Bromo kali yaa buat penanaman kembali after kebakaran.,1.70197883007494E+018,2023-09-13 15:19:08+00:00,trisce12,75257415,0,0,0,1,https://twitter.com/trisce12/status/1701978830074941864
@Arofanti Orang-orang pada ga peduli kalopun ada partai yang mengusung tema lingkungan. Karena mereka bingung cari makan buat besok. Mending ngambilin freebies lumayan buat makan.  Bromo kebakaran kan yang ribut kelas menengah. Akar rumputnya ga peduli 😅,1.7019794534573E+018,2023-09-13 15:21:37+00:00,EndlessJourneyE,276384383,0,1,0,1,https://twitter.com/EndlessJourneyE/status/1701979453457301962
@diddekarisma @detikcom kira kira polisi dan pengadilan berani gak yaa penjarakan pasangan pengantin yang pake flare kebakaran wisata bromo ayo di voting penjara atau bebas ...jelas jelas itu ada uu nya rusak alam dan tempat wisata lingdungin.....,1.70198081078475E+018,2023-09-13 15:27:01+00:00,MildMenthol4,1.6119725186882E+018,0,0,0,0,https://twitter.com/MildMenthol4/status/1701980810784756036
@zqhr Tambahin lagi ah yang pariwisata  Analisis persepsi wisatawan mengenai penurunan kualitas daya tarik wisata terhadap minat berkunjung (studi kasus: kebakaran bromo akibat foto prapernikahan)  Wkwkk,1.70198155649003E+018,2023-09-13 15:29:59+00:00,sdfgjaskl,1.42619662450663E+018,0,0,0,0,https://twitter.com/sdfgjaskl/status/1701981556490031275
"Ya Allah, jauhkanlah kami dari tindakan yang merugikan banyak pihak seperti orang yang jadi penyebab kebakaran bromo.",1.70198526422122E+018,2023-09-13 15:44:43+00:00,MDHFNK,93610805,0,0,0,0,https://twitter.com/MDHFNK/status/1701985264221229309
"@mountnesia Menurut saya bukan 100% kesalahan wisatawan, seharusnya juga ada himbaukan atau aturan tdak boleh ada api di musim2 tertentu di bromo krna sangat rawan kebakaran, termasuk merokok pun harus di larang",1.70199685130482E+018,2023-09-13 16:30:45+00:00,MMubaroqi,2361648710,0,2,0,1,https://twitter.com/MMubaroqi/status/1701996851304829425
"@AREAJULID Duh cita2 pengen ke bromo, eh malah kebakaran gara2 ulah orang2 tolol ga ada otak! Mereka bisa hidup tenang ga sih ? Mdh2an segera turun hujan deras supaya cepat padam aamiin",1.70208290741701E+018,2023-09-13 22:12:42+00:00,Linda22869017,1.23664487734711E+018,0,0,0,0,https://twitter.com/Linda22869017/status/1702082907417018635
@andihiyat Nambah gosong nambah ngeluas ntr kebakaran di bromo,1.7020877337437E+018,2023-09-13 22:31:53+00:00,bigbosedelweis,1.66662377735311E+018,0,0,0,0,https://twitter.com/bigbosedelweis/status/1702087733743702258
Lima Orang berstatus Saksi yang Terlibat Insiden Kebakaran Bukit Telettubies masih Didalami dan Wajib Lapor ke Polres Probolinggo  #bromo,1.70209805240287E+018,2023-09-13 23:12:53+00:00,pidressitubondo,218735896,0,0,1,2,https://twitter.com/pidressitubondo/status/1702098052402872632
ni ggr bromo kebakaran mendung mulu bjir tapi kaga ujan,1.70210104428797E+018,2023-09-13 23:24:47+00:00,leeiflye,1.353665943122E+018,1,0,0,0,https://twitter.com/leeiflye/status/1702101044287975925
Bromo setelah kebakaran malah tetep dijadikan konten buat sedih-sedihan 😮‍💨,1.70235525641454E+018,2023-09-14 16:14:56+00:00,Crisnaevan,2573277594,0,0,0,0,https://twitter.com/Crisnaevan/status/1702355256414548234
"@itsmeshanxi @sosmedkeras aku yg sebagai warga sana itu termasuk cepet kak. savana itu emg langganan kebakaran klo udh kemarau tapi ya ga sebesar ini juga si hihi. doain ya kak, smoga Bromo cepat pulih dan banyak wisatawan yg berkunjung lagi. Aaamin",1.70235616215762E+018,2023-09-14 16:18:31+00:00,piecesofmeeeeee,1.48622582620737E+018,0,2,0,7,https://twitter.com/piecesofmeeeeee/status/1702356162157625600
"Alhamdulillah hari ini ujan. Walaupun di sini cuma mampir, tapi gapapa. Beberapa daerah juga udah pada ujan, bahkan kebakaran bromo juga jadi padam.  Alhamdulillaahhh, makasih ya Allah 🙂❤",1.70235988649404E+018,2023-09-14 16:33:19+00:00,CarolDanpers,1.22704172264068E+018,0,0,0,1,https://twitter.com/CarolDanpers/status/1702359886494048606
"postingan bromo sebelum kebakaran, malah dadi ajang pamer lekuk tubuh well.",1.70246406230162E+018,2023-09-14 23:27:17+00:00,dapaygterhebat,1.40315486922613E+018,0,0,0,0,https://twitter.com/dapaygterhebat/status/1702464062301622706
@CNNIndonesia Alhamdulillah...kebakaran Bromo padam...,1.70246733820396E+018,2023-09-14 23:40:18+00:00,MOHAMAD26051170,1.0973723385075E+018,0,0,0,0,https://twitter.com/MOHAMAD26051170/status/1702467338203967538
"itu orang yg prewedd di gunung bromo yg jadi penyebab kebakaran, jadi nikah kah? atau udah nikah?",1.70247165958286E+018,2023-09-14 23:57:28+00:00,lacunatia,1.50727938756958E+018,0,0,0,0,https://twitter.com/lacunatia/status/1702471659582865851
@Paltiwest Ooh ada pihak luar yg ikutan campur sari ya lalu siapa yg gubloik kok gak diantisisapih atuuh ulah ngejedog wae bin bahlul kipas2 nikmat lalu udah kebakaran kek Bromo baru heboh terkaing-kaing wkkk kkkkk kkkkk ampyuuun dejee............ #Complacent #SalahUrus #RusakSusuSebelanga,1.70247803324723E+018,2023-09-15 00:22:48+00:00,OnlyOnesia,591853034,0,0,0,0,https://twitter.com/OnlyOnesia/status/1702478033247232056
"@sosmedkeras edelweis di bromo apa kabar ya? udh susah dipertahankan, eh kebakaran krn org"" pekok.""",1.70247812373515E+018,2023-09-15 00:23:09+00:00,bertjandra,387601401,0,0,0,0,https://twitter.com/bertjandra/status/1702478123735154826
kebakaran savana Gunung Bromo. #BromoCreative #SavanaBromo #KebakaranGunungBromo,1.70248396578816E+018,2023-09-15 00:46:22+00:00,yogihrmwn_,1.66342221188002E+018,0,0,0,1,https://twitter.com/yogihrmwn_/status/1702483965788164243
@F2aldi Kayakny di situ emang sering merah deh sebelum kebakaran bromo 🤔,1.70248767015555E+018,2023-09-15 01:01:05+00:00,didikz,74039955,0,1,0,0,https://twitter.com/didikz/status/1702487670155559010
"Story ig tmn2 gw pd Bromo sblm kebakaran"", wehh gw jg mau ke Bromo cuy. Tp udh hangus skrg, lama bgt g sih buat balik ijo lagi tuh 😭😭😭.  Semoga pelaku yg ngebakar tuh merasakan perasaan menyesal dan bersalah seumur hidupnya, biar gila sekalian.""",1.70248889454841E+018,2023-09-15 01:05:57+00:00,daya_na__,1.35130196904281E+018,0,0,0,1,https://twitter.com/daya_na__/status/1702488894548410372
"gara-gara berita kebaka gunung bromo, jadi ngimpi kebakaran jugaa",1.70249523373983E+018,2023-09-15 01:31:09+00:00,rizkabaeyo,1.16363993343884E+018,0,0,0,0,https://twitter.com/rizkabaeyo/status/1702495233739833531
"Masih tentang Kebakaran Gunung Bromo. Saya sangat setuju dengan BNPB kalau denda nya masih sangat-sangat kurang, kalau memang mau ganti rugi"" 100%. Here's why. #kebakaranbromo""",1.70249680772779E+018,2023-09-15 01:37:24+00:00,AlandManurung,1.44317406855607E+018,0,1,2,6,https://twitter.com/AlandManurung/status/1702496807727796231
Bosen bgt sampe muak liat igs “bromo sebelum kebakaran” diem aja bisa gak sih muak bgt semua igs sma semua,1.70249729585255E+018,2023-09-15 01:39:20+00:00,PrastaGista,7.9799597940423E+017,0,0,0,0,https://twitter.com/PrastaGista/status/1702497295852552457
@ssefnum Poiusi udara jkt/kebakaran di bromo,1.70250144752984E+018,2023-09-15 01:55:50+00:00,Reome,1.45321532071025E+018,0,0,0,0,https://twitter.com/Reome/status/1702501447529840836
Iri banget liat orang pada share 'bromo sebelum kebakaran' 😭 aku belum pernah ke bromo huwaaa,1.70251406211723E+018,2023-09-15 02:45:58+00:00,markurline,2384596496,0,0,0,0,https://twitter.com/markurline/status/1702514062117237138
"ini kasus kebakaran bromo, yg salah tuh pasangannya, team photographer nya, apa pengelola nya sih? gue ampe bingung",1.70251688105026E+018,2023-09-15 02:57:10+00:00,fikarmasihbuluk,1.68784990868512E+018,0,1,0,0,https://twitter.com/fikarmasihbuluk/status/1702516881050267786
"@sosmedkeras Saya percaya manusia adalah bagian dari alam, kebakaran yg sudah terjadi itu sebagian dari proses alam memperbaiki dirinya. saya tidak membela pelaku, tapi saya sangat yakin klo bromo akan kembali ke sedia kala bahkan lebih indah. Amiin.",1.70251760483187E+018,2023-09-15 03:00:02+00:00,InterSampaiMati,1.30870407404114E+018,0,0,0,0,https://twitter.com/InterSampaiMati/status/1702517604831879227
Gunung Bromo terjadi. Mereka telah bekerja sama dengan tim pemadam kebakaran dan memberikan keterangan yang jelas. Semoga kejadian ini menjadi pelajaran bagi semua orang untuk lebih berhati-hati dalam menggunakan properti di alam terbuka. #SafetyFirst #GunungBromo,1.70253610183835E+018,2023-09-15 04:13:32+00:00,indridiann,1.67869149898303E+018,0,0,0,0,https://twitter.com/indridiann/status/1702536101838356986
"Orang2 pada posting bromo sebelum kebakaran, mo ikutan juga tapi belom pernah ke bromo :(",1.70253889784956E+018,2023-09-15 04:24:39+00:00,linaasrs,1731881628,0,4,2,1,https://twitter.com/linaasrs/status/1702538897849569698
"Orang-orang pada upload foto bromo sebelum kebakaran, aku yg baru mau ke bromo bulan ini cuma bisa🗿🗿🗿🥲🤌🏻",1.70254982452736E+018,2023-09-15 05:08:04+00:00,aisyahluluh,561123859,0,1,0,0,https://twitter.com/aisyahluluh/status/1702549824527364481
"@speachace Tak tersisa,  Padahal sebelum kebakaran, suhu bromo pas pagi dingin banget sampek rumput2 beku,   sekarang panas, abu semua",1.70256972256979E+018,2023-09-15 06:27:08+00:00,taufikbounty,7.08320419946692E+017,0,0,0,0,https://twitter.com/taufikbounty/status/1702569722569793938
semoga aja deh setelah kebakaran ini tanah bromo makin subur yaaaa,1.70257632698796E+018,2023-09-15 06:53:23+00:00,Blackunion_,1.63150433777525E+018,0,0,0,0,https://twitter.com/Blackunion_/status/1702576326987968583
"Seorang pengguna TikTok mengaku jadi korban salah sasaran atas kejadian kebakaran di Bukit Teletubbies, Bromo, Probolinggo, Jawa Timur. Lantaran outfit yang digunakannya kala prewedding, ia malah dituduh sebagai pelaku yang membakar kawasan tersebut. (ld)…",1.70257954047491E+018,2023-09-15 07:06:09+00:00,tribunnews,124171593,0,0,0,0,https://twitter.com/tribunnews/status/1702579540474917338
"@nnathanale Nath, Bromo kebakaran 😔",1.70258053996497E+018,2023-09-15 07:10:07+00:00,R_fauziahhh,1.54061739765229E+018,0,0,0,0,https://twitter.com/R_fauziahhh/status/1702580539964973429
gua maunya ke Bromo liat kebakaran,1.70258874633463E+018,2023-09-15 07:42:44+00:00,JAKEdeprek,7.94191411377672E+017,0,1,0,0,https://twitter.com/JAKEdeprek/status/1702588746334634131
@nocontxtnetijen gara gara pasangan prewed bromo jadi kebakaran 🥹,1.70259207045059E+018,2023-09-15 07:55:56+00:00,gudanglifehack,1.57975492960586E+018,0,1,0,31,https://twitter.com/gudanglifehack/status/1702592070450593806
@detikcom Jurus polisi di pake pengacara terdakwa kasus kebakaran Bromo😄😄😄,1.70259520302101E+018,2023-09-15 08:08:23+00:00,Gojeck7,1.62980027837462E+018,0,0,0,0,https://twitter.com/Gojeck7/status/1702595203021017157
"@pendakilawas yakin bromo bakal tambah cakep &amp  ijo lagi, secara arang sisa kebakaran kan termasuk media tanam yg bagus..",1.70259743920587E+018,2023-09-15 08:17:16+00:00,doddyarisusanto,100821090,0,0,0,0,https://twitter.com/doddyarisusanto/status/1702597439205871766
kok bisa ya bromo yang sedeket itu dari sby tp belum pernah kesana. malah gunung ijen yang jauh gitu ku datengi duluan. jadi gabisa ikutan bikin sg bromo sebelum kebakaran,1.70259920114907E+018,2023-09-15 08:24:16+00:00,luckynrtaf00,1.2270736122569E+018,0,0,0,0,https://twitter.com/luckynrtaf00/status/1702599201149071500
Geram banget sama orang2 yg membuat sabana teletabis digunung bromo jadi kebakaran..,1.70260072910469E+018,2023-09-15 08:30:21+00:00,libraa_94,203419866,0,0,0,0,https://twitter.com/libraa_94/status/1702600729104691265
gue gajadi jalan jalan ke bromo grgr masalah kebakaran 😅😅😅 YA ALLAH,1.70260247605743E+018,2023-09-15 08:37:17+00:00,hugdelightful,1.23447642017003E+018,0,0,0,0,https://twitter.com/hugdelightful/status/1702602476057436423
itu yg prewed bromo sampe kebakaran aku kira hasil fotonya waw bgt ternyata asdfagahjdha,1.70260422870604E+018,2023-09-15 08:44:15+00:00,pyrlntmf,1.56932673709136E+018,0,0,0,0,https://twitter.com/pyrlntmf/status/1702604228706046357
"Biaya operasional pemadaman kebakaran kawasan wisata Gunung Bromo, Jawa Timur membengkak. Kepala Pusat Data Informasi dan Komunikasi Kebencanaan Badan Nasional Penanggulangan Bencana, Abdul Muhari angkat bicara tentang hal ini.",1.70260437818266E+018,2023-09-15 08:44:51+00:00,poskotanetwork,1.31338111445982E+018,0,1,0,0,https://twitter.com/poskotanetwork/status/1702604378182668366
"@imputouri @landevo12 @ElbicnivniFx @AREAJULID kalo bromo kan katanya gegara flare prewedding itu,tapi kalo kalimantan bener kebakaran hutan gegara musim panas. disini setiap hari rata"" 34° waktu tengah hari/ dzuhur""",1.70260690435327E+018,2023-09-15 08:54:53+00:00,https4ohm,1.65514716780652E+018,0,1,0,0,https://twitter.com/https4ohm/status/1702606904353276247
"@nocontxtnetijen padahal belum sempet ke bromo, tapi udah kebakaran gara-gara pasangan alay😔",1.70260765692051E+018,2023-09-15 08:57:52+00:00,Julianmj_,1.13288459445627E+018,0,0,5,35,https://twitter.com/Julianmj_/status/1702607656920514804
Bukit Teletubbies Bromo tuh indah bgt. Inget pernah nge-date bertiga aja sm Saf dan mamanya disitu tahun 2013. Sedih bgt kebakaran skrg dan jd kering gitu. Berdoa terus semoga segera bs padam seluruhnya. Nanti ditanam dan ditata kembali jd Bromo kembali normal lg. Aamiin ya Allah,1.70261639047637E+018,2023-09-15 09:32:35+00:00,deviarama,80870115,0,0,0,0,https://twitter.com/deviarama/status/1702616390476374392
mau study tour ke malang malah bromo nya kebakaran semoga desember udah bagus lagi deh😩😩😩,1.70261961521666E+018,2023-09-15 09:45:24+00:00,ttawanluvv,1.30507481187014E+018,0,0,0,0,https://twitter.com/ttawanluvv/status/1702619615216668700
"@nocontxtnetijen Org bego akan selalu ada, regenerasi mereka cepat sekali. Lagi2 org waras harus mengalah memikirkan penanganan dan mitigasi agar tdk terjadi lagi. Pertanyaannya, mungkin gak kawasan sabana kering ky bromo gini dibikin saluran pipa air biar gampang klo ada kebakaran?",1.70262093199332E+018,2023-09-15 09:50:38+00:00,syndassko,1.00831316543043E+018,0,0,0,0,https://twitter.com/syndassko/status/1702620931993321626
@luculucuaaan Bomba ni tak padamkan api je  Kerbau masuk sumur  Kebakaran Bromo dan menjaga anak anak,1.70262306601319E+018,2023-09-15 09:59:06+00:00,bigbosedelweis,1.66662377735311E+018,0,0,0,0,https://twitter.com/bigbosedelweis/status/1702623066013196675
"Orang2 di igeh post poto sebelum bromo kebakaran, kita yang belum sempet ke bromo nangis di pojokan🤣🤣",1.70262854121991E+018,2023-09-15 10:20:52+00:00,poenyakim,8.93075077486346E+017,0,1,0,0,https://twitter.com/poenyakim/status/1702628541219917922
@detikcom Kenapa ya selalu alam dilibatkan di setiap ulah manusia itu sendiri. Andai alam menjawab jika tak ada foto prewedding mungkin kebakaran bromo tak akan terjadi,1.70262866229266E+018,2023-09-15 10:21:21+00:00,arifciptoach,7.38619327394418E+017,0,0,0,0,https://twitter.com/arifciptoach/status/1702628662292660348
Gatau sedih banget rasanya mau marah tiap liat foto/video bromo kebakaran😭😭😭,1.70262893304344E+018,2023-09-15 10:22:25+00:00,jualkepangan,100512960,0,0,0,0,https://twitter.com/jualkepangan/status/1702628933043445961
"Tersangka kebakaran Gunung Bromo Andrie Wibowo Eka Wardhana (41) dan lima saksi lainnya membantah bersikap santai saat api dari flare yang digunakan sebagai properti prewedding mulai membakar savana. Bantahan tersebut disampaikan melalui penasihat hukum mereka, Mustaji.",1.70262999119086E+018,2023-09-15 10:26:37+00:00,everyone_care,1.05374793410417E+018,0,1,0,0,https://twitter.com/everyone_care/status/1702629991190860157
"Tidak benar kalau klien kami hanya menyaksikan dan berdiam atau tidak berbuat apa-apa saat kebakaran terjadi di Gunung Bromo,"" kata Mustaji, dilansir detikJatim, Jumat (15/9/2023).  Untuk diketahui, sesi foto prewedding dengan menggunakan flare memicu kebakaran kawasan""",1.70262999293569E+018,2023-09-15 10:26:38+00:00,everyone_care,1.05374793410417E+018,0,1,0,0,https://twitter.com/everyone_care/status/1702629992935690706
"@nocontxtnetijen Memang sering dan buanyak yg sudab foto wedding di bromo, ngga ada bTasan / yg melarangmdr pemerintah. Malah senang oramg sana krn ada wisatawan.   Kebakaran bukan melulu krn foto wedding tqpi memang cuaca panas ektreem dan… terjadi diseluruh indonesia.",1.70263221241875E+018,2023-09-15 10:35:27+00:00,WiwiekRashid,151526127,0,0,0,0,https://twitter.com/WiwiekRashid/status/1702632212418752939
"Setelah kanjuruhan dan rempang, kini kebakaran bromo pun karena salah angin.",1.70263361559372E+018,2023-09-15 10:41:02+00:00,MeeloBinTenzin,9.30339896073396E+017,0,0,0,0,https://twitter.com/MeeloBinTenzin/status/1702633615593726105
"@detikcom Kalau sudah tahu angin jangan pake flare berbahaya, ketika kebakaran minta pertolongan atau berusahan buat mematikan api bukannya lanjut, kalo kaya gini nilai biaya nikah kalian gak sebanding dengan nilai serta biaya pemadaman di bromo kak.",1.7026344502519E+018,2023-09-15 10:44:21+00:00,tommyadji,97431701,0,0,0,0,https://twitter.com/tommyadji/status/1702634450251907345
"klien nya goblok. dah tau bromo habis kebakaran. kalau mau tau ya tanyak supir jip, mereka paham kok.  kalau kalian ajak ngomong juga pasti tau bromo lagi sensitif karena kering, lah ini bisa2nya nambah flare",1.70263506041403E+018,2023-09-15 10:46:46+00:00,fujoshi232,1.0605368696356E+018,0,0,0,0,https://twitter.com/fujoshi232/status/1702635060414034133
Apa nggak ada kah tetangganya si pasangan prewedding di bromo itu yg spill kehidupan mereka setelah menyebabkan kebakaran di savana bromo?,1.7026376178574E+018,2023-09-15 10:56:56+00:00,IndahMaretha,543951490,0,0,0,2,https://twitter.com/IndahMaretha/status/1702637617857401238
"@Akudimanaaaau @brigittasiw @relebancy @irxsviel @Inget_dosaa @nocontxtnetijen Ck, bener. Udah tau bromo lg kebakaran, malah masih ajq ngide foto make flare",1.70263831532396E+018,2023-09-15 10:59:42+00:00,mnstlnt,1.16128427588862E+018,0,1,0,1,https://twitter.com/mnstlnt/status/1702638315323965776
belum kesampean main ke bromo malah dah kebakaran duluan hzhzhz,1.70264359309221E+018,2023-09-15 11:20:40+00:00,eajnoer,2494200084,0,0,0,0,https://twitter.com/eajnoer/status/1702643593092214935
@anaiharaas @maxlihu Gua yang salah!!! Gunung Bromo kebakaran juga salah gua!!! 😭,1.70264522480229E+018,2023-09-15 11:27:09+00:00,ashrafjaiz,2922010159,0,1,0,0,https://twitter.com/ashrafjaiz/status/1702645224802295834
@itbfess sikap tidak peduli itulah yang bikin kebakaran di Bromo....,1.70264822393096E+018,2023-09-15 11:39:04+00:00,musafir_hidup,1.08446684405491E+018,0,0,0,5,https://twitter.com/musafir_hidup/status/1702648223930966119
"@Humairah_922 Nonton tv 43 warga batam ditangkap. Curhat ah ke Pak @mohmahfudmd, Pak harus nya sumber penyebab terjadi nya kerusuhan donk yg lebih dulu ditangkap! Seperti si penyebab kebakaran di Gunung Bromo, gak mungkin apinya yg ditangkap. Ini masuk akal. Bukan begitu Pak @RamliRizal ?",1.70264904012149E+018,2023-09-15 11:42:19+00:00,Muslihat_CikBar,196353002,0,0,0,0,https://twitter.com/Muslihat_CikBar/status/1702649040121495614
"Jujur menurut gue selain orang yg prewedding salah, gue juga mempertanyakan kenapa bawa flare bisa lolos dari petugas? Udah ada warningnya atau belum?  Kalau petugaskan tau bromo sedang kering, harusnya sumber api sekecil apapun bisa jadi potensi kebakaran, dan bisa dicegah",1.70265336812742E+018,2023-09-15 11:59:31+00:00,yudachuu,9.3413078358904E+017,0,1,0,1,https://twitter.com/yudachuu/status/1702653368127426987
"@kumparan nyalahin balik pihak bromo karena melepas pengunjung dan tidak mengecek barang bawaan yang bisa meningkatkan risiko kebakaran.  ya lu sendiri harusnya sadar kalo flare itu kemungkinan bisa bikin kebakaran. harusnya lu yang mencegah, bukan malah nyalahin orang lain. selama ini ga…",1.70265351336769E+018,2023-09-15 12:00:06+00:00,wisnusuryam,4925940696,1,4,20,174,https://twitter.com/wisnusuryam/status/1702653513367691773
@tanyarlfes minimal mereka harus melakukan reboisasi dulu lah seluas kebakaran yg terjadi di bromo,1.70266029839685E+018,2023-09-15 12:27:03+00:00,hanjwisungiee,1.49000040977934E+018,0,0,0,0,https://twitter.com/hanjwisungiee/status/1702660298396852313
Kebakaran savana bromo udah padam belum sih?,1.70266287735692E+018,2023-09-15 12:37:18+00:00,SuryaPrase,58673296,0,1,0,0,https://twitter.com/SuryaPrase/status/1702662877356924952
@detikcom Yang pasti terjadi kebakaran pak pengacara ...jgn krn cuan tdk melihat dampaknya thdp per ekonomian warga sekitar yg mencari rezeki di G bromo,1.70266377290775E+018,2023-09-15 12:40:52+00:00,rabudi2000,18348730,0,0,0,0,https://twitter.com/rabudi2000/status/1702663772907753497
"Alam semesta yang disalahin. Emg tolol, untung ga nyamber ke lo semua itu api pas kebakaran di Bromo waktu itu.",1.70267195681715E+018,2023-09-15 13:13:23+00:00,bbeautyinsidee,1.14789077397253E+018,0,0,0,0,https://twitter.com/bbeautyinsidee/status/1702671956817158281
"@onelostbugimon Mau nuntut balik? Wew, manteb 🤣 Lu punya duit, lu punya kuasa nih kayaknya wkwk Padahal hari sebelumnya aku cerita ke temenku, jalur Bromo via Malang abis kebakaran. Lah trus besoknya malah Bromonya yg kebakaran. Sedih banget..",1.70267337768801E+018,2023-09-15 13:19:02+00:00,amandaclary_,1.58415488629149E+018,0,0,0,0,https://twitter.com/amandaclary_/status/1702673377688015033
"yg bikin kebakaran bromo belom nikah aja dah bikin geger satu negara, apa lagi kalau dah nikah",1.70267488233155E+018,2023-09-15 13:25:00+00:00,___dhej,1.43215860198488E+018,0,1,0,0,https://twitter.com/___dhej/status/1702674882331554063
"@detikcom Kebakaran bromo salahkan angin, tragedi Kanjuruhan. Rempang.. Lagi2 angin.. Lama2 penjara di penuhi angin...  Alangkah lucunya",1.70267575475107E+018,2023-09-15 13:28:28+00:00,Bachwanku,1.59277461896352E+018,0,0,0,0,https://twitter.com/Bachwanku/status/1702675754751074587
"@detikcom Dear Kuasa Hukum..   Pabila client anda tidak sok sokan ngide nyalain flare di bromo dan tak melakukan upaya untuk pemadaman secara dini, kebakaran ini takkan terjadi cuk!",1.70267811418127E+018,2023-09-15 13:37:51+00:00,rido_trio,1299772022,0,0,0,0,https://twitter.com/rido_trio/status/1702678114181275774
@detikcom Udah ada bukti...1. asap dari flare 2. Kebakaran bromo...tinggal hakimnya mau mihak mana?,1.70268568323901E+018,2023-09-15 14:07:55+00:00,shib_dreamer,1.58773399757641E+018,0,0,0,0,https://twitter.com/shib_dreamer/status/1702685683239018573
Bikin kesalahan kecil aja bisa kepikiran berhari hari. Ini yg bikin bromo kebakaran gimana ya,1.70268718766876E+018,2023-09-15 14:13:54+00:00,shrtnPTR,434709517,0,0,0,0,https://twitter.com/shrtnPTR/status/1702687187668767171
Kepo bgt aku sama calon manten yg bikin bromo jadi kebakaran. Masih bisa nganten dengan tenang kah? Babi,1.70269307003326E+018,2023-09-15 14:37:17+00:00,ciloismylife,1.2030625398541E+018,0,1,0,0,https://twitter.com/ciloismylife/status/1702693070033260568
Lucu bgt pelaku wedding flare kebakaran di bromo nuntut balik dugaan kelalaian petugas TNBTS🥲,1.70269309581985E+018,2023-09-15 14:37:23+00:00,CATRAIZINK,1.08793191709216E+018,0,1,1,0,https://twitter.com/CATRAIZINK/status/1702693095819858247
"Seluruh biaya pemadaman kebakaran lahan di Bromo harus ditanggung oleh pelakunya, apalagi setelah melihat video ini.",1.7026945849068E+018,2023-09-15 14:43:18+00:00,robbysunata,8.74862814866939E+017,0,0,0,0,https://twitter.com/robbysunata/status/1702694584906809468
@ionlarx Itu foto yang ketiga sebenernya di Bromo sebelum kebakaran ya?,1.70269623261822E+018,2023-09-15 14:49:51+00:00,Hetleos,1.60518524674782E+018,0,1,0,0,https://twitter.com/Hetleos/status/1702696232618226051
"@detikcom mau apapun pembelaannya, mereka sudah terbukti jadi pemicu kebakaran hebat di bromo dan tanggung jawab mutlak ada di mereka",1.70269680959504E+018,2023-09-15 14:52:08+00:00,adi_minhad,1.43055388450261E+018,0,0,0,0,https://twitter.com/adi_minhad/status/1702696809595040180
"Unpopular opinion: Kalo melihat kebakaran Bromo yang begitu hebatnya sampe hampir seminggu, menurut gw emang kondisi Bromonya emang udah kering banget tinggal nunggu trigger aja buat kebakaran.  Kalo nggak dari flare, bisa jadi dari aktivitas pengunjung lainnya atau alami.",1.7026972008649E+018,2023-09-15 14:53:41+00:00,auxiliarywits,9.28625810524606E+017,0,2,0,7,https://twitter.com/auxiliarywits/status/1702697200864907549
"@Heraloebss Polisi yg bingung nih. Kalo alesan “ketiup angin” ga diterima, berarti kasus kanjuruhan jg hrsnya ga lolos dgn alesan angin.  Kalo alesan angin diterima, brarti kasus kebakaran bromo ga ada yg bisa dimintain tanggung jawab, bisa2 cagar alam/tamnas next nya terjadi.",1.70269831749346E+018,2023-09-15 14:58:08+00:00,SARASUITSUIT,223406255,0,0,0,0,https://twitter.com/SARASUITSUIT/status/1702698317493465328
@pendakilawas Kirain abis bikin bromo kebakaran ini pasangan akan tobat ternyata malah lanjut part 2,1.70269886860822E+018,2023-09-15 15:00:19+00:00,Bgyoo4,1.26008577271299E+018,0,1,0,0,https://twitter.com/Bgyoo4/status/1702698868608229689
Apakah sg kalian semua tentang bromo sebelum kebakaran???🙄🙄,1.70269934159579E+018,2023-09-15 15:02:12+00:00,xhaviraa,1.50579174013733E+018,0,0,0,0,https://twitter.com/xhaviraa/status/1702699341595791666
me as warga bromo watching drama kebakaran yg gada abisnya ini😅😅😅,1.70270015287481E+018,2023-09-15 15:05:25+00:00,ldreyna_,1.23004755588866E+018,0,0,0,0,https://twitter.com/ldreyna_/status/1702700152874819872
@Pai_C1 minta maap doang ga bikin bromo balik kek sebelum kebakaran bwang jago-,1.70270035677664E+018,2023-09-15 15:06:14+00:00,adjpavelic,1.29651325200474E+018,0,0,0,1,https://twitter.com/adjpavelic/status/1702700356776649091
"Blm jg sempet ke bromo, ko udh kebakaran aja sie 😔😔😔",1.702704056157E+018,2023-09-15 15:20:56+00:00,sendalminis0,1.31750743246611E+018,0,0,0,0,https://twitter.com/sendalminis0/status/1702704056157000156
"Saya usul supaya tersangka yang terlibat terjadinya kebakaran Bromo dituntut juga mengganti kerugian sosial &amp  ekonomi akibat kelakuannya misal biaya pemadaman api, kerugian akibat kebakaran, hingga biaya pemulihan hutan yang terbakar agar ada efek jera sehingga tidak terulanglagi",1.70270506249214E+018,2023-09-15 15:24:56+00:00,yudiharahap46,149066414,3,14,44,153,https://twitter.com/yudiharahap46/status/1702705062492143692
@Mellonzz Buat bantu padamin kebakaran bromo,1.70270584328697E+018,2023-09-15 15:28:02+00:00,KIMAre_Am,9.20530560258158E+017,0,0,0,0,https://twitter.com/KIMAre_Am/status/1702705843286974592
"Tangkep dong itu yang dikatain angin"". Dah 2x nih, kemaren Kanjuruhan, sekarang kebakaran Bromo.""",1.70270673531061E+018,2023-09-15 15:31:35+00:00,muham_istau,196951069,0,0,1,1,https://twitter.com/muham_istau/status/1702706735310610798
"@detikcom Angin: gw lagi gw lagi, tragedi kanjuruhan, penggusuran rempang sekarang kebakaran bromo",1.70270958414486E+018,2023-09-15 15:42:54+00:00,belle_delphinne,366043596,0,0,0,0,https://twitter.com/belle_delphinne/status/1702709584144867516
Barusan pihak yang melakukan Prewed di Bromo yang mengakibatkan kebakaran hingga 50 Hektar melakukan minta maaf dan akan menuntut balik pihak pengurus Taman Wisata Bromo,1.70271024946211E+018,2023-09-15 15:45:32+00:00,rzetsbeentaken,1532721536,0,3,0,1,https://twitter.com/rzetsbeentaken/status/1702710249462112680
Greget sm berita pekara bromo kebakaran... Nyari pembelaan yg msk akal lah,1.70271165709566E+018,2023-09-15 15:51:08+00:00,HeniFitriasari,518328057,0,0,0,0,https://twitter.com/HeniFitriasari/status/1702711657095664051
"kebakaran bromo, bikin potek hati bgt",1.70271316511994E+018,2023-09-15 15:57:08+00:00,qilshies,1.53453382803929E+018,0,0,0,0,https://twitter.com/qilshies/status/1702713165119946856
"@detikcom Pantesan bromo kebakaran, pelakunya nalarnya emang ga jalan",1.70271552392095E+018,2023-09-15 16:06:30+00:00,awdyaa,9.28321041537024E+017,0,0,0,0,https://twitter.com/awdyaa/status/1702715523920953453
Ini akun sosmed calon pengantin penyebab kebakaran mana sih? Beneran ga abis pikir nonton video permintaan maaf abis itu pengen laporan pihak bromo. Bener2 manusia tolollll,1.70271620441327E+018,2023-09-15 16:09:12+00:00,Daffalyndra,2568468288,0,0,0,0,https://twitter.com/Daffalyndra/status/1702716204413272284
Gua segregetan itu sama yg bikin bromo kebakaran,1.70271921363349E+018,2023-09-15 16:21:10+00:00,ehehebot,1.15935098924726E+018,0,0,0,0,https://twitter.com/ehehebot/status/1702719213633499343
"@Heraloebss Kirain mereka cuma orang2 bodoh krn uda menyebabkan kebakaran di kawasan Bromo. Setelah baca berita ini, ternyata mereka TOLOL!",1.70272470395647E+018,2023-09-15 16:42:59+00:00,da_ricardo22,325038983,0,0,0,0,https://twitter.com/da_ricardo22/status/1702724703956472092
"Anak kls 5 ditanya, tau kejadian kebakaran di Bromo? Kenapa bisa terjadi?"" jawabnya, ""nyalain itu yg ada percikan apinya di padang rumput, kn lg kemarau rumputnya pada kering mudah terbakar, mudah merambat, kok bodoh ya mrka""  Klien lu kalah pinter ama anak kls 5 SD""",1.70272564913858E+018,2023-09-15 16:46:44+00:00,304itsme,1.59099652344133E+018,0,0,0,0,https://twitter.com/304itsme/status/1702725649138589993
"Alih-alih menyesal sdh bikin Bromo dirugikan dgn prewed mereka yang memicu kebakaran, ini malah mau bikin perkara krn mampu bayar pengacara.   Dunia beneran dibikin bolak-balik oleh manusia semacam ini.",1.70272692358624E+018,2023-09-15 16:51:48+00:00,zoelfick,86934018,2,4,31,66,https://twitter.com/zoelfick/status/1702726923586248859
"Story horang Bromo sebelum terbakar, apa daya aq yg baru mau kesana dah ter cancel gara kebakaran, untuk kesekian kalinya tdk jadi gaisss :(""",1.70272747929802E+018,2023-09-15 16:54:00+00:00,greenteaiceboba,1.19084119264623E+018,0,0,0,1,https://twitter.com/greenteaiceboba/status/1702727479298027650
"@Heraloebss Kayaknya pasangan pengantin dan WO yg bikin foto  prewed di bromo dan bikin kebakaran di bromo, manusia2 gak punya otak,udah salah kok malah nyalah2in pihak TNBTS. Dirujak netijen sampe mencret tuh calon penganten biar nyaho !  Gedeg beuddd",1.70273302853832E+018,2023-09-15 17:16:03+00:00,NCindrasari,1.49605861550523E+018,0,0,0,2,https://twitter.com/NCindrasari/status/1702733028538327080
hasil prewed di bromo yg bikin kebakaran ga even bagus samsek...,1.70273463965857E+018,2023-09-15 17:22:28+00:00,shannamiazizak,1.54723879289701E+018,0,0,0,2,https://twitter.com/shannamiazizak/status/1702734639658573906
ITU SERIUSAN YG BIKIN BROMO KEBAKARAN MALAH MAU LAPOR BALIK PETUGAS DAN NGE-GASLIGHT BILANG KEBAKARAN GARA2 PETUGAS LALAI???!!!!!!,1.70273481329437E+018,2023-09-15 17:23:09+00:00,hansdavidian,125881920,5,10,29,66,https://twitter.com/hansdavidian/status/1702734813294371305
"Ada aja dah cobaan, polusi lagi tinggi tingginya, bromo kebakaran, kasian banget ini bumi udah tua banget ya allah",1.70273637595782E+018,2023-09-15 17:29:21+00:00,csmic21,1.46028502942309E+018,0,0,0,0,https://twitter.com/csmic21/status/1702736375957823942
"Pengacara dan klien sama aja. Sama2 tolol😭  Mending lu pada masuk ke zona kebakaran Bromo nya, terus kebakar deh. Kayaknya dunia akan lebih baik tanpa kehadiran kalian (para rombongan prewedding)",1.70273757429983E+018,2023-09-15 17:34:07+00:00,adhyastadrg,416273475,0,0,0,0,https://twitter.com/adhyastadrg/status/1702737574299836693
@Heraloebss Org ke bromo juga banyak yg ngeroko (bawa korek api) tapi kalau matiinnya bener juga gabakal kebakaran. Emg dasar merekanya aja yg tolol.,1.70275153442413E+018,2023-09-15 18:29:36+00:00,aqilaryaprnc,1.11778284346621E+018,0,0,0,0,https://twitter.com/aqilaryaprnc/status/1702751534424138234
@tanyakanrl mereka masih belum sadar rupanya kalo kebakaran di bromo tuh karena ulah mereka. bisa bisanya mau nuntut balik...,1.70275835806601E+018,2023-09-15 18:56:42+00:00,pink_cheriee,1.56142359804408E+018,0,0,0,0,https://twitter.com/pink_cheriee/status/1702758358066012398
@nocontxtnetijen Kasus ter edan di Indonesia 2023 - nikuba - bima lampung - indonesia gagal piala dunia u20 - ponpes al zaytun - kebakaran bukit di bromo gegara prewedding  Ada lagi yg mau nambahin?,1.7028021914285E+018,2023-09-15 21:50:53+00:00,YusufRafif,409143118,0,1,0,0,https://twitter.com/YusufRafif/status/1702802191428501588
"Kebakaran bromo disebabkan ulah sipil  Kebakaran duludi Kalimantan dsb, ulah oligarki dekengan goperment respon netizen ""human eror gasi"" ""oh mungkin tiba tiba kebakaran karna kemarau""  Makanya aku lebih ga bersuara tentang bromo karna ulah sipil, coba oligarki atau ulah""",1.70280819066321E+018,2023-09-15 22:14:43+00:00,alvinrio_1501,3249664333,0,1,0,13,https://twitter.com/alvinrio_1501/status/1702808190663217625
"@tanyakanrl Dengan ngelapor gini, secara gak langsung udah mengakui kalo salah banget prewed bawa flare🤣🤣 Yang lain ke bromo gak kenapa2 kok, giliran mereka langsung bikin kebakaran, berarti ya salahnya ada di mereka sendiri njirr",1.70281135310965E+018,2023-09-15 22:27:17+00:00,asdfriday,1.70146216329728E+018,0,0,0,0,https://twitter.com/asdfriday/status/1702811353109655961
"Dari jaman kuliah cita2 abis sidang mau ke bromo, sampe skg bromo kebakaran belum terwujud2 :((",1.70281455967603E+018,2023-09-15 22:40:02+00:00,thaniasintaa,1.09981883161305E+018,0,0,0,0,https://twitter.com/thaniasintaa/status/1702814559676035115
@griyodotcom @debus1997 @tanyakanrl berapa sih kasus kebakaran hutan akibat manusia tolol bgini? Bromo tu Pengunjungnya banyak tiap tahunnya. Selama bertahun2 bromo kebakaran parah karena ulah manusia tolol bgini berapa kali?,1.70281545955144E+018,2023-09-15 22:43:36+00:00,Bendata99,1.65471220303832E+018,0,0,0,1,https://twitter.com/Bendata99/status/1702815459551441371
"@Heraloebss Terimakasih telah memilih bromo menjadi bagian terpenting dalam sejarah hidup kalian.  Musibah saja terjari kebakaran rumput kering dan meluas, cuaca memadang sedang panas ekstreem",1.70281579864415E+018,2023-09-15 22:44:57+00:00,WiwiekRashid,151526127,0,0,0,0,https://twitter.com/WiwiekRashid/status/1702815798644150543
@chillycasadei @tanyakanrl Mudah²an hartanya kebakaran sebanyak mereka membakar gunung Bromo 🤲🏻,1.70281768352651E+018,2023-09-15 22:52:27+00:00,ammeldaini,1.48475012418227E+018,0,0,0,1,https://twitter.com/ammeldaini/status/1702817683526516894
@lunatictwister Bang.. masak crew sma calon pengantin yg bikin gn. Bromo kebakaran katanya mau ngelaporin balik petugas bromo tengger krna kelalaian,1.70282060031687E+018,2023-09-15 23:04:02+00:00,bluepurple157,1.55296152290921E+018,0,3,0,0,https://twitter.com/bluepurple157/status/1702820600316879323
kebakaran taman bromo 504 hektar itu seluas apa,1.7028240403424E+018,2023-09-15 23:17:42+00:00,parkuyel,1.16170361113654E+018,0,1,0,0,https://twitter.com/parkuyel/status/1702824040342401146
@nocontxtnetijen miskin kan saja tu yg penyebab kebakaran bromo. sok prewed pakai peller sgala,1.70282472063336E+018,2023-09-15 23:20:25+00:00,anak_kelana90,1.6845279516003E+018,0,0,0,0,https://twitter.com/anak_kelana90/status/1702824720633364770
"@Heraloebss Kami umat muslim 23 tahun ini dinistakan oleh media dan Densus88 dengan pemborgolan tangan dan kaki dengan todongan senjata laras panjang yang diduga/didakwa teroris"".  Umat lain yg merusak negara ini seperti kebakaran Bromo/hutan2, korupsi Triliyunan ga pernah dibegitukan! 🤬😡""",1.70283168314863E+018,2023-09-15 23:48:05+00:00,SundaGenXY,1.47461221295412E+018,0,0,0,2,https://twitter.com/SundaGenXY/status/1702831683148636185
"@tanyarlfes Ipar aja lag hamil ada dirumah sekarang biang kompor ngalah2in kebakaran bromo, demi kewarasan jangan iseng berbuat baik dah lu, apa lagi itu sepupu, ntar dia naksir lakilu repot",1.70283266806351E+018,2023-09-15 23:51:59+00:00,astagakenapalu,1.52646917671368E+018,0,0,0,0,https://twitter.com/astagakenapalu/status/1702832668063510861
"Fuck lah, udah berencana ke bromo foto maternity 5 bulan, udah mau jahitin dress cantik di savana, eh malah kebakaran",1.70283417832333E+018,2023-09-15 23:57:59+00:00,Sucihutagalung1,1.37783837396493E+018,0,0,0,0,https://twitter.com/Sucihutagalung1/status/1702834178323333447
"@infomalang Okelah gaada petugas yg jaga tp plz wisata bromo ini udah brp tahun sih tp ya gpp kan? Tetep faktanya dia yg bikin bromo kebakaran, ya dia salah.",1.70283448119396E+018,2023-09-15 23:59:12+00:00,yonsubomtehyu,9.59754808432386E+017,0,0,1,2,https://twitter.com/yonsubomtehyu/status/1702834481193963861
@chillycasadei @tanyakanrl Padahal kalo photographernya handal jago editing ya foto aja di bromo terus nanti ala ala efek kebakaran kan bisa di edit. Emg dasarnya payah pas tau salah malah playing victim😌,1.70283637071954E+018,2023-09-16 00:06:42+00:00,yuni_snw,2572148442,0,3,0,14,https://twitter.com/yuni_snw/status/1702836370719547425
@tanyakanrl Ayo pengusaha pariwisata di bromo gugat pengantin secara perdata minta ganti rugi imbas kebakaran bromo,1.70284371598183E+018,2023-09-16 00:35:53+00:00,andreasstrp,1.00982432564013E+018,0,0,0,0,https://twitter.com/andreasstrp/status/1702843715981832677
@Kenawhy7 @tanyakanrl ngaruh tp lama bgt itu. dulu bromo pernah kebakaran aja lama kok penghijauannya,1.70284563076127E+018,2023-09-16 00:43:30+00:00,babiasin98,457169666,0,0,0,0,https://twitter.com/babiasin98/status/1702845630761275601
"@tanyarlfes Jutaan orang pernah ke Bromo baik baik aja tuh, gak kebakaran dan gak menyalahkan petugas. Ini sih udah salah bodoh pula",1.70284763996722E+018,2023-09-16 00:51:29+00:00,hewentbananas,1.604249568233E+018,0,0,0,0,https://twitter.com/hewentbananas/status/1702847639967220023
"@tanyarlfes Ijin aja kaga masuknya, Bawa flare pula, Bikin bromo kebakaran PARAH banget,  dan sekarang nyalahin petugas??  Well, gapunya otak banget wkwkw Mau dong silaturahmi 🤗🤗🤗🤗🤗",1.70285249854828E+018,2023-09-16 01:10:47+00:00,dtainsleif,1.47255477145839E+018,0,0,0,0,https://twitter.com/dtainsleif/status/1702852498548289813
@tanyakanrl Dituntutnya atas dasar apa kalo boleh tau? Karena ga berhasil bikin Bromo hujan makanya kering kerontang dan bikin Bromo kebakaran? Hadeuhhh mau nyelamatin muka malah makin borok,1.70285340351132E+018,2023-09-16 01:14:23+00:00,indienas,38407840,0,0,0,0,https://twitter.com/indienas/status/1702853403511320931
"Akutuh males nanggepin berita yg lagi viral, tapi kali ini keterlaluan sih. Sorry agak bias karena bromo emang one of my favorite place kalo lagi suntuk pasti ke sana. Sedih banget ngeliat kondisi bromo pasca kebakaran, ngebayangin berapa banyak kerugian yg ditanggung",1.7028591714301E+018,2023-09-16 01:37:18+00:00,firmarizaldi_,732756288,0,1,0,0,https://twitter.com/firmarizaldi_/status/1702859171430105309
"Padahal jelas di tulis ada larangan menyalakan api yg berpotensi menyebabkan kebakaran, pada baca aturan ngga sih (tapi beda cerita kalo masuknya ilegal) 😌 Berkali"" ke bromo ngga dan liat orang prewed ngga ada tuh yg bawa flare ke bromo, karena kita paham aturan ngga kaya anda""",1.7028591797599E+018,2023-09-16 01:37:20+00:00,firmarizaldi_,732756288,0,1,0,0,https://twitter.com/firmarizaldi_/status/1702859179759903106
Maaf udah Tp ganti rugi juga dong atas kebakaran flora ama faunanya...plus keluarga sekitar yg menyambung hidup sama Wisata Bromo tu..,1.70285973317317E+018,2023-09-16 01:39:32+00:00,HAE_ZAH,631804065,0,0,0,0,https://twitter.com/HAE_ZAH/status/1702859733173174535
klo ak jdi pasangan yg prewed di bromo trs kebakaran itu udh ga mood nikah sih :) kek sedih anjir niatnya mau seneng2 malah musibah,1.70286085495652E+018,2023-09-16 01:44:00+00:00,yoowweell,1466313702,0,0,0,0,https://twitter.com/yoowweell/status/1702860854956527902
"Imho, pasangan prewed penyulut flare penyebab kebakaran Bromo klo nekad nuntut balik petugas , itu suicide mission sih. The mountain always has their way, itu aja sih.",1.70286140350864E+018,2023-09-16 01:46:10+00:00,beaglejumper,47858942,0,0,0,0,https://twitter.com/beaglejumper/status/1702861403508646182
"@detikcom Boleh tuntut balik dr kawan2 otorita TNBTS dan masyarakat yg merasa drugikan akibat adanya kebakaran bromo, paling tidak perdata , g kebayang berapa nilainya..",1.70287064994829E+018,2023-09-16 02:22:55+00:00,LudyHrp,119593485,0,0,0,0,https://twitter.com/LudyHrp/status/1702870649948291439
"@tanyakanrl Playing victim bilang klo gaada penjaga atau petugas yg berjaga. Yah tapi faktanya tetep yg bikin bromo kebakaran ya krn flare itu kan, mau ada petugas atau engga tetep kamu yg salah. Berusaha madamin tp gabisa krn itu lahan ilalang. Lah udah tau itu lahan ilalang knp pake flare?",1.70287466012233E+018,2023-09-16 02:38:51+00:00,yonsubomtehyu,9.59754808432386E+017,0,0,0,0,https://twitter.com/yonsubomtehyu/status/1702874660122333527
@burungdaraaa7 eh bentar. gondrongin dulu. kalo botak gitu keinget gunung bromo baru kebakaran. 😅,1.70287466693383E+018,2023-09-16 02:38:53+00:00,Supar003,1.5279206222441E+018,0,1,0,0,https://twitter.com/Supar003/status/1702874666933838190
@pendakilawas Seandainya kuasa hukum nya tidak lalai mengingatkan kliennya untuk tidak prewedding di bromo pasti Bromo tidak kebakaran,1.70287487250506E+018,2023-09-16 02:39:42+00:00,roni_yulistyo,1.02394729208301E+018,0,0,0,0,https://twitter.com/roni_yulistyo/status/1702874872505065723
Alright here we go AI - ada 2 pihak yg relevan utk diminta pertanggung jawab dalam kasus kebakaran bromo. Pelaku pembakaran dan TNBTS. Fokus utama adalah perbuatan pelaku dan apakah pengelola kawasan sudah  bertugas sebagaimana mestinya atau lalai.,1.70287905683919E+018,2023-09-16 02:56:19+00:00,pakar_ai,1.58584131881039E+018,0,1,0,0,https://twitter.com/pakar_ai/status/1702879056839196923
arep melu melu story bromo sebelum kebakaran tapi kok fotone full kenangan kabeh 🥹,1.70288156648842E+018,2023-09-16 03:06:18+00:00,paisapik,2962903314,0,8,0,2,https://twitter.com/paisapik/status/1702881566488428562
"Banyak banget berita kebakaran hutan, dan ga banyak juga ulah manusia. Yang paling bodoh si yg di Bromo itu.",1.70288186081532E+018,2023-09-16 03:07:28+00:00,hujanmimpi___,578520739,0,0,0,0,https://twitter.com/hujanmimpi___/status/1702881860815323197
"Wedding Organizer penyebab savana bromo terbakar jelas sama sekali tidak profesional. Sudah tau kondisi berangin dan savana kering, malah pakai flare, padahal dengan puntung rokok saja bisa menyebabkan kebakaran. Seandainya WO lebih berpendidikan kejadian bisa dihindari.",1.70288186168354E+018,2023-09-16 03:07:28+00:00,a17nphotography,83853900,0,0,0,0,https://twitter.com/a17nphotography/status/1702881861683540195
"@bungabank___ @ariestoteles07 @Daisypromotion @tanyakanrl Parah sihh udah tau bromo ada kebakaran sebelumnya ehhhh malah lanjut prewed, gaada takut2nya njir sama musibah",1.70288212025827E+018,2023-09-16 03:08:30+00:00,yaquerencia,1.25936630872807E+018,0,0,0,0,https://twitter.com/yaquerencia/status/1702882120258277438
"@tanyarlfes krna yg rugi bukan pemerintah tp penduduk di kawasan bromo nyet, lu denda pun rakyat sana cm dapet ampas sama asep kebakaran. hewan² jg kehilangan tempat tinggalnya. tau sendiri hukum konoha klo udh lempar²an tuntutan smpe one piece live action kelar jg kg bakal kelar",1.70288229604989E+018,2023-09-16 03:09:12+00:00,tiiyeah,1.41848097762655E+018,0,0,0,1,https://twitter.com/tiiyeah/status/1702882296049897837
@sushiienak mungkin mau nuntut kok yg disemprot malah ibukota sedangkan yg di bromo pas kering kok ga disemprot. klo basah kan ga kebakaran.,1.70288724057652E+018,2023-09-16 03:28:50+00:00,fadhilarahmnsyh,1.14227991712971E+018,0,0,0,0,https://twitter.com/fadhilarahmnsyh/status/1702887240576520246
#ZonaUang ingpo dukun sik iso nyantet tp bayare iso paylater syukur2 gelem donasi 🙏 request nyantet sumuk karo keri neng Hendra sak calone ben awakne bendino ngrasakne panase kebakaran Bromo 🙏 wes meneng ae caket malah kakean cangk*m. minta maaf fafifu t** a**,1.7028877938681E+018,2023-09-16 03:31:02+00:00,mefenamicaddict,110753525,0,0,0,1,https://twitter.com/mefenamicaddict/status/1702887793868108261
"Syudah kuduga bakal kek gimana itu kasus kebakaran bromo gara-gara flare,ah Felerrrrrrr!!!",1.70288850771766E+018,2023-09-16 03:33:53+00:00,RoniUtero,1357682570,0,0,0,0,https://twitter.com/RoniUtero/status/1702888507717668897
@kompascom Pak..anda dibayar Berapa oleh pihak tertentu untuk selalu mengeluarkan statement2 seperti ini..sejak deklarasi Anies-Imin anda seperti orang kebakaran jenggot..Dan kebakarannya seperti tidak habis2nya..mirip kebakaran bromo..,1.70288875808822E+018,2023-09-16 03:34:52+00:00,MYoessoef,806254033,0,1,0,3,https://twitter.com/MYoessoef/status/1702888758088229192
Fix pengantin itu tidak punya moral stlh eforia pembuatan foto Prewedding yg berujung kebakaran bukit Teletubbis di Bromo.,1.7028893181243E+018,2023-09-16 03:37:06+00:00,embah72,4146240312,0,0,3,2,https://twitter.com/embah72/status/1702889318124306759
"Sampe saat ini apa belum ada yg menguliti identitas, medsos dan lain-lain nya si pasangan pengantin yang nyebabin kebakaran di sebagian area padang savana Gn Bromo? Biasanya Intel netizen gercep..",1.70289005844386E+018,2023-09-16 03:40:02+00:00,S_Perdana18,324938504,0,0,0,1,https://twitter.com/S_Perdana18/status/1702890058443866346
@Heraloebss Penjarakan penyebab kebakaran Bromo,1.70289112897304E+018,2023-09-16 03:44:17+00:00,Ariadi783,1.23620637454082E+018,0,0,0,0,https://twitter.com/Ariadi783/status/1702891128973042029
"Makin kesini makin males buka medsos, banyak berita yg malah jadi bikin kesel sendiri ajg !  1. Oknum kapolsek melakukan penganiayaan 2. Guru honorer dipecat 3. Bocah SD di colok"" matanya sampe buta sama temennya 4. Gunung bromo kebakaran   Masih banyak lg ajg!""",1.70289163937379E+018,2023-09-16 03:46:19+00:00,rubbyobi,225816372,0,1,0,0,https://twitter.com/rubbyobi/status/1702891639373791686
"Baca berita prewedd yg memicu kebakaran di Bromo tuh makin kebuka pikiran kalo orangnya emg rela keliatan bodoh deh"". Emg seharusnya sebelum beli flare tuh dicoba dulu, biar gak bikin repot orang banyak""",1.70289225538284E+018,2023-09-16 03:48:46+00:00,geserdikitdong_,1.10611001270579E+018,0,0,0,0,https://twitter.com/geserdikitdong_/status/1702892255382847766
Conditio sine qua non...senjata Pengacara kebakaran Bromo.,1.70289352787173E+018,2023-09-16 03:53:49+00:00,aewin86,119691957,0,1,1,17,https://twitter.com/aewin86/status/1702893527871737920
pengacara yang foto prewed kebakaran di bromo mau nuntut pengelola bromo atas tuduhan lalai gak mengawasi dan menjaga pengunjung. 😂,1.70289735254003E+018,2023-09-16 04:09:01+00:00,solehsolihun,95370094,688,1051,2185,16751,https://twitter.com/solehsolihun/status/1702897352540037585
"@Heraloebss Wkwkwkwkocak  Udh tau lagi musim panas, gk mikir apa maen2 api sedikit bs petaka, lagian sblm kbakaran bromo, bnyk kasus kebakaran lain.",1.70289776526374E+018,2023-09-16 04:10:40+00:00,syaripova,520051351,0,0,0,0,https://twitter.com/syaripova/status/1702897765263749362
"Sedih banget, segede itu api kebakaran Bromo😭",1.70289874064079E+018,2023-09-16 04:14:32+00:00,ulfaa____,9.97159407774449E+017,0,0,1,0,https://twitter.com/ulfaa____/status/1702898740640796909
"@yudiharahap46 Nanti ikut2 dijadikan #Duta wisata Bromo, aoapun bentuknya pasangan itu ikut terlibat terjadinya kebakaran itu, #jerat hukum hrs dilakukan 🤣🤣",1.70289881642343E+018,2023-09-16 04:14:50+00:00,arieschecky,260012992,0,1,1,2,https://twitter.com/arieschecky/status/1702898816423432650
Marah karna bromo kebakaran dibilang karna kepentingan pribadi hahaha. Mau ada kepentingan pribadi apa ga pasti marah sama orang yang bakar hutan. Ga butuh IQ tinggi untuk memahami kalimat ini.,1.70290173123833E+018,2023-09-16 04:26:25+00:00,Sucihutagalung1,1.37783837396493E+018,0,2,0,0,https://twitter.com/Sucihutagalung1/status/1702901731238334511
"berarti nunjukin kalau wo sama pengantinnya tu gede badan doang tapi ga ada otak. masa kek gini kudu dibilangin sih???  yg ke bromo setiap hari ribuan tapi ga ada sampe kebakaran hutan akibat flare, pernahnya gara2 kering kemarau. kalian yg bego petugas yg salah",1.70290310402974E+018,2023-09-16 04:31:53+00:00,fujoshi232,1.0605368696356E+018,0,0,0,2,https://twitter.com/fujoshi232/status/1702903104029745537
@nocontxtnetijen belum lagi kerugian yg lain2 akibat penutupan wisata Bromo gara2 kebakaran ini,1.70290360964891E+018,2023-09-16 04:33:53+00:00,dinimustaine,2854206451,0,0,0,0,https://twitter.com/dinimustaine/status/1702903609648914751
Jadi si pelaku kebakaran Bromo nyalahin angin yg kencang dan rumput yang kering.   Kita harus nyalahin siapa kalau otak mereka ga ke install penuh?,1.70290460403034E+018,2023-09-16 04:37:50+00:00,ninaviciouz,45779533,0,0,0,1,https://twitter.com/ninaviciouz/status/1702904604030341571
"orgil, org pastinya di Bromo ada papan tulisan dilarang bawa api dll yg nyebabin kebakaran, situ malah nyalahin SOP petugas bromo. ya lu pikir aj dah org ke bromo pd mau healing hirup udara seger, naik kuda. siapa sangka ada yg bawa flare bjir???",1.70290993426085E+018,2023-09-16 04:59:01+00:00,onyourhje,1.45865230206403E+018,0,0,0,0,https://twitter.com/onyourhje/status/1702909934260850753
"@Heraloebss Setelah ditelusuri, pasangan yang menyebabkan kebakaran di padang savana Gunung Bromo ini adalah Hendra Purnama alias HP (39) asal kelurahan Kedungdoro, Kecamatan Tegalsari, Kota Surabaya.",1.70291008119572E+018,2023-09-16 04:59:36+00:00,mahlizarsafdi,289140443,0,2,0,0,https://twitter.com/mahlizarsafdi/status/1702910081195729114
"@detikcom eh ... DUNGU...klien kalian itu yg bikin kawasan Bromo kebakaran, skr kalian cari kambing hitam Krn kebakaran itu.... TOLOL!",1.70291047190778E+018,2023-09-16 05:01:09+00:00,AlapSambernyawa,9.70867245869015E+017,0,0,0,0,https://twitter.com/AlapSambernyawa/status/1702910471907787030
Bromo sebelum kebakaran,1.70291099285295E+018,2023-09-16 05:03:13+00:00,urlibraboy,1.0790841507101E+018,0,0,0,0,https://twitter.com/urlibraboy/status/1702910992852951491
Penyebab kebakaran bromo tuntut balik pihak pengelola? Di mana otaknya?,1.70291684081584E+018,2023-09-16 05:26:28+00:00,bosankurusss,1.59832777358345E+018,0,0,0,0,https://twitter.com/bosankurusss/status/1702916840815841751
"Udah jelas jadi public enemy karena dampak kebakaran di Bromo begitu masif, kok masih rai gedheg mau nuntut balik itu emang fetishnya pengen diamuk massa kah? 🤔",1.70291691324716E+018,2023-09-16 05:26:45+00:00,marai_wareg,70691947,0,0,0,0,https://twitter.com/marai_wareg/status/1702916913247162554
"Buset, satwa satwa di Gunung Bromo aja tau kalo flare/percikan api dapat menyebabkan kebakaran tanpa dikasih tau petugas, ente semua satwa apa manusia ? 🤣🤣",1.70291705779133E+018,2023-09-16 05:27:19+00:00,Jakpondokcabe,248961080,0,0,1,4,https://twitter.com/Jakpondokcabe/status/1702917057791336895
@tanyarlfes Belum ngerasain lagi kalo dituntut secara perdata oleh warga Bromo yg terganggu dalam banyak hal terkait kebakaran itu termasuk masalah ekonomi yg menurun karena wisatawan yg datang berkurang. Bakal bangkrut sipelaku prewed akibatnya sedangkan pengacara tetapdapat duit &amp  exposure,1.70291776672514E+018,2023-09-16 05:30:08+00:00,NordickVv,1.48361434319569E+018,0,0,0,0,https://twitter.com/NordickVv/status/1702917766725140623
@chillycasadei @tanyarlfes Tapi bodoh....karena petugas disana pasti kebanyakan orang kampung sana juga yg sudah mereka bikin susah dgn terbakarnya Bromo....kalo orang kampung sana menuntut pelaku terkait ekonomi mereka yg turun &amp  gangguan lainnya akibat kebakaran itu maka bakal bangkrut para pelaku itu,1.70291857123883E+018,2023-09-16 05:33:20+00:00,NordickVv,1.48361434319569E+018,0,0,0,1,https://twitter.com/NordickVv/status/1702918571238834348
"@CNNIndonesia Harusnya pihak wo yang menyiapkan apar dan berusaha memandamkan api karena ini kesalahan wo menggunakan flare disana sehingga menyebabkan kebakaran, pihak bromo mah cuma ngasih izin buat kunjungan bukan buat acara foto wo",1.70291882463347E+018,2023-09-16 05:34:21+00:00,Kristian_Hioe,1.18267391479676E+018,0,0,0,0,https://twitter.com/Kristian_Hioe/status/1702918824633479357
@arrywawan @KompasTV Tunggu aja tuntutan perdata dari orang kampung sana karena petugas lapangan Bromo pastinya kebanyakan orang kampung sekitar Bromo yg sudah terganggu secara ekonomi &amp  lainnya akibat kebakaran itu.  Bakal bangkrut si pelaku prewed akibat kebodohan mereka &amp  pengacaranya,1.70292026926088E+018,2023-09-16 05:40:05+00:00,NordickVv,1.48361434319569E+018,0,0,0,0,https://twitter.com/NordickVv/status/1702920269260886191
Kuasa hukum WO dan calon pengantin pemicu kebakaran Bromo menilai petugas lalai lantaran tidak mengawal pengunjung.,1.70292122359507E+018,2023-09-16 05:43:53+00:00,suaradotcom,2340155395,0,1,0,0,https://twitter.com/suaradotcom/status/1702921223595074005
"*Post foto bromo terakhir sebelum kebakaran  Aku yg belum pernah ke bromo, nyimak.",1.7029237336846E+018,2023-09-16 05:53:51+00:00,16junewashere,1850016031,0,2,0,1,https://twitter.com/16junewashere/status/1702923733684600895
@shitlicious Ini nyindir kebakaran gunung bromo bukan si?,1.70292437531247E+018,2023-09-16 05:56:24+00:00,tetemurata,2584556298,0,0,0,2,https://twitter.com/tetemurata/status/1702924375312478373
"Emang si prawed dan TNBTS ga ada yg salah. Yang salah itu bumi, yang saat terjadi pergeseran lempeng puluhan juta tahun lalu menciptakan gunung Tengger (yg saat ini jadi Bromo). Kalo Bromo ga ada, ga mungkin ada kebakaran 😡",1.70292487318063E+018,2023-09-16 05:58:23+00:00,alpukatsusuuu,1.25866309061208E+018,0,2,0,0,https://twitter.com/alpukatsusuuu/status/1702924873180631543
"@tanyarlfes Yang foto foto dia, yang nyalain flare dia, yg bikin kebakaran dia yg dilaporin petugas Bromo nya .. luar biasaaaaaa",1.70292509763454E+018,2023-09-16 05:59:16+00:00,RikyAPratama1,1.46823797062069E+018,0,0,0,0,https://twitter.com/RikyAPratama1/status/1702925097634541723
kate melu pamer foto bromo sebelum kebakaran tapi gatau nang bromo,1.70292623123324E+018,2023-09-16 06:03:47+00:00,adekpr,385386510,0,3,0,0,https://twitter.com/adekpr/status/1702926231233245444
"@NassrolFahmi @SyedAkramin The EO as mastermind was arrested, menunggu putusan pengadilan. Peguam EO juga membuat laporan polisi atas pegawai TNBTS(Bromo N.Park) dg dalih tiada sistem keamanan thd pengunjung dan kebakaran telahpun terjadi sblum mereka (eo &amp  couple) datang ke lokasi.",1.70292920396299E+018,2023-09-16 06:15:35+00:00,yosuabvv,273342390,0,2,4,19,https://twitter.com/yosuabvv/status/1702929203962998988
"@ayubaebae329_ @convomfs Tholol sekali pasangan ini.. udah jelas keliatan bromo lagi kering, ya kali otaknya ga jalan n ga mikir itu flare bisa memicu kebakaran klo kena tanaman keringnya, minimal bisa aware n hati2 pas pake flare. Dikasih otak ga dipake, mendingan kasih aja ke resto padang.",1.70292982264797E+018,2023-09-16 06:18:03+00:00,HSenjasore,1.22669883661095E+018,0,0,0,0,https://twitter.com/HSenjasore/status/1702929822647976349
@Heraloebss Hukuman bagi yg teledor atas kebakaran TN Bromo. Kerja sosial menghijaukan kembali TN Bromo.,1.70293085361634E+018,2023-09-16 06:22:09+00:00,yock_sukaryono,3003955086,0,1,0,1,https://twitter.com/yock_sukaryono/status/1702930853616345577
Kayak apa sih prejengane calon pengantin yg bikin kebakaran di Bromo? Ada yg tau akun medsosnya?,1.70293091255469E+018,2023-09-16 06:22:23+00:00,Paramecwara,44229516,0,1,0,1,https://twitter.com/Paramecwara/status/1702930912554697211
@detikcom warga gubug klakah pemandu wisata dan persewaan jeep bromo menuntut rombongan prewedding penyebab kebakaran Rp. 2 Triliun. kami laporkan pakai kuasa hukum ke Kejati Jatim,1.7029311750259E+018,2023-09-16 06:23:25+00:00,rigoro2018,70602133,0,1,0,1,https://twitter.com/rigoro2018/status/1702931175025906164
Kak ros veronica tan cek wa bromo masih kebakaran pelaku minta maaf veronica tan dukung anies kak ros kenapa,1.70294135716016E+018,2023-09-16 07:03:53+00:00,dibikinasikaha,1.31333987828162E+018,0,0,0,0,https://twitter.com/dibikinasikaha/status/1702941357160165382
Cek wa lpdp kak ros mekdi veronica tan dukung anies bromo masih kebakaran,1.70294307763017E+018,2023-09-16 07:10:43+00:00,dibikinasikaha,1.31333987828162E+018,0,0,0,0,https://twitter.com/dibikinasikaha/status/1702943077630177374
Terpantau belum ada yg pake perumpamaan tukang hubur jualan di kompelks buat kasus kebakaran bromo,1.70294352431089E+018,2023-09-16 07:12:30+00:00,mbahsat,1238667872,0,0,0,0,https://twitter.com/mbahsat/status/1702943524310892846
"Busyet...!!!  Taman Nasional Bromo Tengger Semeru ditutup akibat kebakaran yang dipicu pemakaian flare saat sesi prewedding...   Kerusakan akibat kebakaran hutan dan lahan diperkirakan lebih dari 500 hektar... okupansi hotel anjlok sampai di bawah 50%...  Eh, Wedding Organizer…",1.70294373232321E+018,2023-09-16 07:13:19+00:00,ferizandra,80559922,1,1,5,6,https://twitter.com/ferizandra/status/1702943732323213391
"@CNNIndonesia Busyet...!!!  Taman Nasional Bromo Tengger Semeru ditutup akibat kebakaran yang dipicu pemakaian flare saat sesi prewedding...   Kerusakan akibat kebakaran hutan dan lahan diperkirakan lebih dari 500 hektar... okupansi hotel anjlok sampai di bawah 50%...  Eh, Wedding Organizer…",1.70294381521944E+018,2023-09-16 07:13:39+00:00,ferizandra,80559922,2,16,28,147,https://twitter.com/ferizandra/status/1702943815219445890
Bromo cek wa kak ros verinica tan kebakaran bromo masih cek wa kak ros coba,1.70294999276238E+018,2023-09-16 07:38:12+00:00,dibikinasikaha,1.31333987828162E+018,0,0,0,0,https://twitter.com/dibikinasikaha/status/1702949992762384412
"@Heraloebss anjing gue belum ke bromo cok malah kebakaran. plis tanggung jawab dong, tanem balik lahan yang udah lo bakar anj",1.70295121936142E+018,2023-09-16 07:43:04+00:00,jancokstfu,1046601008,0,0,0,0,https://twitter.com/jancokstfu/status/1702951219361423564
Puluhan juta pengunjung gunung Bromo juga gak ada pengawalan bahkan gak dichecking sama petugas bromo  Tapi jutaan pengunjung itu punya akal sehat kalo nyalain api dirumput kering bisa memicu kebakaran  Cuma rombongan klien anda yang tolol sampe2 harus diingetin ketololannya,1.70295168725703E+018,2023-09-16 07:44:56+00:00,azkabsurd,170613563,0,0,0,0,https://twitter.com/azkabsurd/status/1702951687257034815
"@nocontxtnetijen Syukurlah, kebakaran hati udah mereda, semoga Bromo jadi destinasi kita! 🌋🙏",1.70295200792415E+018,2023-09-16 07:46:12+00:00,jasmeen_ibrah1m,1.66383197482872E+018,0,0,0,0,https://twitter.com/jasmeen_ibrah1m/status/1702952007924154561
@tanyakanrl Capeng gapernah maen ke gunung kah? Digunung dilarang nyalain Api tu udh hal umum kayaknya untuk mencegah kebakaran. Truus WO nya kaya baru sekali maen ke bromo bkin prewed hadeeeh,1.70295235361021E+018,2023-09-16 07:47:35+00:00,seglassteh,1.38149217235297E+018,0,0,0,0,https://twitter.com/seglassteh/status/1702952353610219671
@nocontxtnetijen Kebakaran cinta ini bakal jadi salah satu cerita manis di perjalanan menuju Bromo! 🔥🌋,1.70295283530507E+018,2023-09-16 07:49:29+00:00,EsterRcl_,1.67134120134431E+018,0,0,0,0,https://twitter.com/EsterRcl_/status/1702952835305078821
@nocontxtnetijen Kebakaran asmara ini adalah awal dari petualangan menuju Bromo yang menunggu! 🔥🌄,1.70295357287351E+018,2023-09-16 07:52:25+00:00,sistanadyaaa,1.66556912998062E+018,0,0,0,0,https://twitter.com/sistanadyaaa/status/1702953572873519444
"Laporan lu cuma jdi guyonan di persidangan sumpah dah, Hakim : Jdi terdakwa melaporkan balik Pengelola Bromo krn tidak memiliki alat pemadam kebakaran, benar begitu? Terdakwa : Iya yg mulia Hakim : Lalu knp anda membawa flare? Terdakwa : ngetes yg mulia Hakim : GOBLOK WKWKWKWK",1.70295382865054E+018,2023-09-16 07:53:26+00:00,harbingernyako,1.42055809568455E+018,0,1,0,0,https://twitter.com/harbingernyako/status/1702953828650545198
"@nocontxtnetijen Wah, belum sempet ke Bromo, tapi udah ada drama kebakaran! 🔥🙈",1.70295449169033E+018,2023-09-16 07:56:04+00:00,pratama_reyhan1,1.67218043743384E+018,0,0,0,0,https://twitter.com/pratama_reyhan1/status/1702954491690332531
"Hi, Follawers! Kamu pasti tahu, dong, akhir-akhir ini media sosial dihebohkan dengan berita photo shoot pasangan pre-wedding menggunakan flare, hingga memicu kebakaran di kawasan Bukit Teletubbies, Gunung Bromo.  Lantas, pihak mana yang harus bertanggungjawab atas kebakaran yang…",1.70295573752436E+018,2023-09-16 08:01:01+00:00,klinikhukum,81066525,0,1,0,2,https://twitter.com/klinikhukum/status/1702955737524367823
"@nocontxtnetijen Terimakasih atas kebakaran cinta ini, sekarang saatnya menuju Bromo bersama! 🔥🌋",1.70295608210738E+018,2023-09-16 08:02:24+00:00,DevanyaAmi,1.67212185616032E+018,0,0,0,0,https://twitter.com/DevanyaAmi/status/1702956082107384307
"Menurut kamu, dalam kasus ini, siapa yang wajib bertanggung jawab atas kebakaran hutan di Gunung Bromo?",1.70295638713814E+018,2023-09-16 08:03:36+00:00,klinikhukum,81066525,0,2,0,0,https://twitter.com/klinikhukum/status/1702956387138146648
"@tanyakanrl Sinting bgt.udh gepeng,playing victim,jelek,kau itu beloon ya?kau yg buat kebakaran juga,malah nyalahin petugas taman nasional bromo.edan kau gepeng",1.70295649826212E+018,2023-09-16 08:04:03+00:00,Amoyy_17,1.46367702637252E+018,0,0,0,0,https://twitter.com/Amoyy_17/status/1702956498262126648
@Heraloebss Emang boleh se enakk sendiri ini? Lo salah bakar flare kebakaran yang di salahin petugas bromo. Mungkin otaknya dah pindah dengkul,1.70295909983783E+018,2023-09-16 08:14:23+00:00,yennikpf,1443002952,0,0,0,0,https://twitter.com/yennikpf/status/1702959099837837443
"Kbrnya pengacara yang foto prewed kebakaran di Gn Bromo mau nuntut pengelola Bromo atas tuduhan lalai gak mengawasi, menegur dan menjaga pengunjung, lho kok ?",1.70296086251088E+018,2023-09-16 08:21:23+00:00,MahraniGayatri,1.50623123522363E+018,0,0,0,0,https://twitter.com/MahraniGayatri/status/1702960862510887265
gegara poto prewed bromo kebakaran surabaya jadi lebih panas cok,1.70296175592283E+018,2023-09-16 08:24:56+00:00,HaykalZy_,9.91615493617287E+017,0,0,0,1,https://twitter.com/HaykalZy_/status/1702961755922833917
@solehsolihun Trus piye? seng salah iku sopo?kabe... Arepe bener kabe... Seng salah mau bener nah seng bener di salahke... Lalu seng bikin kebakaran iku sopo... Bromo kebakaran sendiri??,1.70296239436295E+018,2023-09-16 08:27:28+00:00,Lopasarah242583,1.69034270542621E+018,0,0,0,1,https://twitter.com/Lopasarah242583/status/1702962394362950050
"@Heraloebss Acara Pernikahannya saja membuat malapetaka sehingga Bromo Kebakaran, apalagi setelah anda menjadi keluarga dikaruniai anak bisa bisa PLANET Kita Meledak",1.70296309759678E+018,2023-09-16 08:30:16+00:00,ARMSTR0NG666,1.6613943832904E+018,0,0,0,0,https://twitter.com/ARMSTR0NG666/status/1702963097596788842
"Pengunjung sampe ribuan org ga ada yg diawasi satupun, tp cuma dia yg bikin Bromo kebakaran",1.70296336750449E+018,2023-09-16 08:31:20+00:00,chirawan_cher,1.35728536411781E+018,0,0,0,0,https://twitter.com/chirawan_cher/status/1702963367504494918
tweet sebelum bromo kebakaran,1.70296343181148E+018,2023-09-16 08:31:36+00:00,aboutmeecil,1.59470444795901E+018,0,0,0,2,https://twitter.com/aboutmeecil/status/1702963431811481817
kesel bacain berita pelaku dibalik kebakaran bromo otaknya ngga dipake bisanya nyalahin pihak lain,1.70296801746089E+018,2023-09-16 08:49:49+00:00,menoturhomie,1.68229528751847E+018,0,0,0,0,https://twitter.com/menoturhomie/status/1702968017460891714
"Tuntun tuhan aja ngapain ciptain bromo, kalo bromo ga adakan kalian ga bakal ke sana buat prewedd trs bikin savananya kebakaran. Nanggung bgt nuntut pengelola🙂",1.70297634986512E+018,2023-09-16 09:22:56+00:00,foolxmy,1.59972739150055E+018,0,1,0,0,https://twitter.com/foolxmy/status/1702976349865128140
"Yg kmrn prewed di Bromo sampe kebakaran, akhirnya nikah ga gaes?",1.70297920123273E+018,2023-09-16 09:34:16+00:00,dsytha,132436922,0,0,0,0,https://twitter.com/dsytha/status/1702979201232732593
Saran gua   1. Polisi pakai pasal perusakan lingkungan untuk jerat WO dan Pasangan Pre Wedding  2. Balai Pengelola Bromo Tengger Gugat Perdata mereka untuk ganti rugi   - Biaya Pemadaman Kebakaran - Biaya Pemulihan - Kerugian Pemasukan Tiket selama tutup - Immateril untuk petugas,1.70298782233102E+018,2023-09-16 10:08:31+00:00,dusrimulya,164778726,0,0,0,2,https://twitter.com/dusrimulya/status/1702987822331023817
"@shitlicious Iya, harusnya gunung bromo nya jangan diem aja pas kebakaran, minimal lari lahhh biar ga nyebar itu apinya",1.70299038513046E+018,2023-09-16 10:18:42+00:00,tesalon1ka234,1.53419656306901E+018,0,0,0,0,https://twitter.com/tesalon1ka234/status/1702990385130467752
"@kompascom Sebelum dipakai untuk menyiram kebakaran Bromo, seharusnya air mineral itu di minum dulu yang banyak, agar isi kepalanya agak encer dikit.",1.70299178405659E+018,2023-09-16 10:24:16+00:00,wdtu,158007705,0,4,22,306,https://twitter.com/wdtu/status/1702991784056598769
@venywe @txtdrpemerintah setuju. memang mereka sudah berusaha. tapi itu tidak cukup. kita harus melakukan kritik atas pengelola juga. masa gada penanganan untuk ini?  pengantin dan photografer emang tolol. tapi selanjutnya. pengelola wisata bromo harusnya lebih siap lagi di musim2 kemarau mudah kebakaran,1.70299335097733E+018,2023-09-16 10:30:29+00:00,TheMugiwara0x,1.18338244758656E+018,0,1,0,0,https://twitter.com/TheMugiwara0x/status/1702993350977335771
@kegblgnunfaedh udah buat bromo kebakaran pas prewed malah nyalahin petugas heran 😭,1.70299790035011E+018,2023-09-16 10:48:34+00:00,gudanglifehack,1.57975492960586E+018,0,0,0,56,https://twitter.com/gudanglifehack/status/1702997900350115981
Pasangan penyebab kebakaran Bromo nuntut petugas karena dianggap lalai membiarkan mereka melakukan kesalahan. Kayaknya tu pasangan motonya kalo bisa jatuh bersama kenapa harus sendiri.,1.70299946155391E+018,2023-09-16 10:54:46+00:00,KembarJenner,1.30375982473627E+018,0,0,0,0,https://twitter.com/KembarJenner/status/1702999461553918225
"@kegblgnunfaedh Pantes gunung bromo kebakaran, kalo masih banyak orang yg kek gini.",1.70300117300619E+018,2023-09-16 11:01:34+00:00,LisaKnows3,1.14496273864647E+018,0,0,0,1,https://twitter.com/LisaKnows3/status/1703001173006192907
"Gue dulu pas postweed di bromo ijin loh, emg sm mas2 yg nyewain hard top (temenku sndri) suruh ijin preweed, dan itu bayar 500rb. Kebanyakn soal y yg preweed gk pake ijin. Nah denger2 yg kasus kebakaran kemaren org y ijin wisata doang bukan ijin preweed",1.70300277268432E+018,2023-09-16 11:07:55+00:00,agenCB,1.18119510906215E+018,0,0,0,0,https://twitter.com/agenCB/status/1703002772684329125
"dipikir pikir kntol jg blm ke bromo udah kebakaran aja. moga yang ngebakar susah punya anak, anjg.",1.70300337131215E+018,2023-09-16 11:10:18+00:00,hanceutt,1.56559932495578E+018,0,1,0,0,https://twitter.com/hanceutt/status/1703003371312156965
gara2 insiden bromo kebakaran MALANG PANAS BANGET CUY aduh sebelas dua belas dah ama jakarta. gua malem2 bukannya kedinginan tapi kepanasan karena hawa panas dan asapnya tuh lari ke malang,1.70300533761027E+018,2023-09-16 11:18:07+00:00,ko9ie,1.64205474387397E+018,0,0,0,0,https://twitter.com/ko9ie/status/1703005337610276879
"@detikcom saya juga menganggap kebakaran ini karena bapaknya yg terlibat foto pre-wed gak pake kondom pas ngen**t ama bini nya. coba kalau pake, gak bakalan kebakaran itu hutan savana gunung bromo 😆😆😆😆 Yuk di mulai ngawur2an sisan",1.70300635265252E+018,2023-09-16 11:22:09+00:00,StevenW18178656,1.33838909992999E+018,0,0,0,0,https://twitter.com/StevenW18178656/status/1703006352652525956
makin kesini makin tolol dan gak mau di hukum nyatanya jelas salah ( tersangka kebakaran bromo ),1.70300696630048E+018,2023-09-16 11:24:35+00:00,MreziKur_,1.27889932062903E+018,0,0,0,0,https://twitter.com/MreziKur_/status/1703006966300483650
@detikcom Kebanyakan hirup asap kebakaran bromo,1.70301105898905E+018,2023-09-16 11:40:51+00:00,Hendri17945,1.3034918170825E+018,0,0,0,0,https://twitter.com/Hendri17945/status/1703011058989052373
@dreamsatur @kegblgnunfaedh Kan Bromo kebakaran itu nggak sekali 2x juga bukan tahun² ini aja,1.70301132592712E+018,2023-09-16 11:41:55+00:00,M_Sobach,216699575,0,0,0,4,https://twitter.com/M_Sobach/status/1703011325927120913
"Masuk Bromo tanpa perizinan utk prewed, tapi nuntut pemeriksaan &amp  pengawalan ketat. Udh tau kemarau tanaman kering semua malah main api. Udh tau kebakaran malah asik ngobrol liat2 foto. Kelakuan org2 yg suka ngatain kita SDM rendah, susah maju, IQ dibawah lumba2 🤬",1.70301158057171E+018,2023-09-16 11:42:55+00:00,yudoyudo10,1.54931491314719E+018,0,1,0,4,https://twitter.com/yudoyudo10/status/1703011580571718065
@convomfs Nonton video bromo yg setelah kebakaran nder tadi pagii 😭,1.70301421652405E+018,2023-09-16 11:53:24+00:00,loopninas,1.51623597255989E+018,0,0,0,0,https://twitter.com/loopninas/status/1703014216524050493
@txtdrpemerintah ditunggu reka adegan padamkan kebakaran bromo pake 5 botol air akua nya kak,1.70301636160438E+018,2023-09-16 12:01:55+00:00,woodzcesye,1523870473,0,0,0,0,https://twitter.com/woodzcesye/status/1703016361604383141
@Soraya__X @Siantar72 Dampak kebakaran Bromo... Kerusakan SDA dan kerugian para pencari nafkah.,1.703017667417E+018,2023-09-16 12:07:07+00:00,Totokamto2,1.08298757945933E+018,0,0,0,2,https://twitter.com/Totokamto2/status/1703017667417006313
lucu banget pengacara yg kebakaran di bromo mau laporin pengelola kawasan wisata. klien lu yg salah,1.70301868068954E+018,2023-09-16 12:11:08+00:00,mesafaaa,1.38327521126547E+018,0,0,0,0,https://twitter.com/mesafaaa/status/1703018680689545583
"@kumparan dalam kasus ini netijing biasanya akan sebut ada kesalahan sekolah, pendidikan, org tua, dan pelaku. dlm kasus kebakaran bromo titik berat kesalahan tunggal yaitu hanya pelaku. bener2 netijing amazing",1.70301933737075E+018,2023-09-16 12:13:45+00:00,pakar_ai,1.58584131881039E+018,0,0,0,0,https://twitter.com/pakar_ai/status/1703019337370759217
@kegblgnunfaedh Lu mesti jadi relawan kebakaran bromo selama 5 tahun sebagai bukti permohonan maap,1.70301964114322E+018,2023-09-16 12:14:57+00:00,AnnisaHpr,2238745626,0,0,0,0,https://twitter.com/AnnisaHpr/status/1703019641143222528
"@sandiuno Ada pepatah Cina: Kebakaran besar di hutan bisa dipadamkan dg secangkir teh di titik awal terjadinya api.""  Kebakaran besar di Bromo tidak terjadi jika 1 saja dari mereka berenam punya kesadaran untuk memadamkan di titik awal.  Harusnya mrk semua jadi tersangka dg bobot masing2""",1.70302239851219E+018,2023-09-16 12:25:55+00:00,DSuryang,1.47425744304348E+018,0,0,0,1,https://twitter.com/DSuryang/status/1703022398512193635
"Yang mulia Henry jawabannya bentuk sudut dan segi pada matematika, kebakaran bromo, payung ditengah hujan mengguyur, mbak-mbak kaget.",1.7030270384107E+018,2023-09-16 12:44:21+00:00,PiratieMIHAWK,3011644388,1,0,5,0,https://twitter.com/PiratieMIHAWK/status/1703027038410707218
@Heraloebss Terimakasih para petugas pemadam dan para relawan yg sudah berjuang memadamkan api kebakaran di Bromo..  Sehat2 selalu buat kalian semua..,1.70302717491855E+018,2023-09-16 12:44:53+00:00,RafaelRaditya69,1.11083553017697E+018,0,0,0,0,https://twitter.com/RafaelRaditya69/status/1703027174918553866
"@shitlicious Tapi ini bukan tentang bioskop upss, udah tau ada papan kayu di Bromo pemberitahuan Rawan Kebakaran"" eh malah dilanjutin. Sebelum melakukan kegiatan bisa g-sih baca rules dulu? Apa minim literasi jadi engga bisa baca. Jangan endingnya asal nuntut doang, tapi engga instrospeksi.""",1.70302951034048E+018,2023-09-16 12:54:10+00:00,aeneul2,1.5171882336621E+018,0,1,0,0,https://twitter.com/aeneul2/status/1703029510340489648
"dek bromo kebakaran, boleh gak aku numpang dikosanmu?""""",1.70303144324772E+018,2023-09-16 13:01:51+00:00,sssh1fu,1.28395612480738E+018,0,0,0,1,https://twitter.com/sssh1fu/status/1703031443247726983
"Ya, intinya kasus kebakaran Bromo kemarin, harus banyak instropeksi dari semua pihak sih. Baik itu caten-nya yang melakukan hal apa, rezeki dari mana, hubungan dengan pasangannya seperti apa?",1.70303328031098E+018,2023-09-16 13:09:09+00:00,bwinkme,7.77899885467082E+017,0,1,0,0,https://twitter.com/bwinkme/status/1703033280310989117
"Pasangan yang viral karna kebakaran bromo mau nuntut balik karna katanya gada tanda peringatan, padahal udah tua ya pikirannya bukan digunakain untuk cari informasi tapi playing victim, kalo dia lulusan S1 dll, kayanya ilmu yang diserap percuma",1.70303418210734E+018,2023-09-16 13:12:44+00:00,Nawangpurwati,190230697,0,0,0,0,https://twitter.com/Nawangpurwati/status/1703034182107344996
"Gue yakin bgt, Wisata ke Bromo ga akan bakal sama lg setelah insiden kebakaran ini.",1.7030343031379E+018,2023-09-16 13:13:13+00:00,priabauknalpot,132865614,0,0,0,0,https://twitter.com/priabauknalpot/status/1703034303137902911
@jevosca ☺️☺️☺️☺️ Bromo tutup sayang kebakaran jurang jurang udah ga ada. Beli yang deket2 aja ya,1.70303821955688E+018,2023-09-16 13:28:47+00:00,hades_holter,1.62912244693798E+018,0,1,0,0,https://twitter.com/hades_holter/status/1703038219556880792
"Dari rumah lek ono kebakaran sekecil apapun ndek semeru itu keliatan, dan rasanya nyesek… lha iki sing ndek bromo kebakarane luas banget e… opo ra suuedih pol?",1.70304204358362E+018,2023-09-16 13:43:58+00:00,yakeyshoba,1.13639745160515E+018,0,0,0,0,https://twitter.com/yakeyshoba/status/1703042043583627347
"@kegblgnunfaedh Orang yg menyebabkan kebakaran dan merusak lingkungan di gunung Bromo sungguh tidak beradab, merka harus mengganti kerugian negara yang ditimbulkannya dsn wajib memperbaiki lingkungan yg terbakar supaya bisa menjadi hijau kembali",1.70304212106076E+018,2023-09-16 13:44:17+00:00,OHarimawan,1.56198799341759E+018,0,0,0,0,https://twitter.com/OHarimawan/status/1703042121060762022
"@tanyakanrl Kasian ya petugas Bromo, udah cape madamin api, baru mo ngopi, giliran disangkutin hukum. Untung jejak digital saat mulai kebakaran udah dimana², saat mereka santuy merasa tak berdosa ngeluyur pergi.",1.7030459515215E+018,2023-09-16 13:59:30+00:00,Rainnn_lee,217347674,0,0,0,0,https://twitter.com/Rainnn_lee/status/1703045951521505380
"😔 gmn nasib koleksi di dalemnya nih?? huhu akhir-akhir ini baca berita kebakaran mula mulai dr parkiran gancit, halte tendean, flare bromo trs iniii moga cpt padam",1.70305130560083E+018,2023-09-16 14:20:47+00:00,avocadeh,1274289127,0,0,0,1,https://twitter.com/avocadeh/status/1703051305600831924
Pasangan kebakaran Bromo pindah ke sini apa gimana???,1.70305237078634E+018,2023-09-16 14:25:01+00:00,IweRamadhan,100780321,0,0,0,0,https://twitter.com/IweRamadhan/status/1703052370786340989
"Semua orang punya hati Tapi kadang hatinya gak di pake  Contohnya yg kebakaran di bromo, yg salah siapa malah yang di salahin petugas taman nasional tengger semeru  Tapi biasanya kalo cina yang punya masalah bisa tiba-tiba surut beritanya entah siapa bekingannya, itu terlalu kuat",1.70305332918061E+018,2023-09-16 14:28:49+00:00,rullimardiansy1,1.54626360006266E+018,0,0,0,0,https://twitter.com/rullimardiansy1/status/1703053329180615091
"@kegblgnunfaedh Salah angin, penyebab kebakaran Bromo, coba gak ada angin, pasti prewedding lancar. Kita tunggu olah tkp",1.70305383075643E+018,2023-09-16 14:30:49+00:00,Harton05,7.11586493052145E+017,0,0,0,0,https://twitter.com/Harton05/status/1703053830756434325
"wah ga cukup kemaren bromo kebakaran, skrng museum nasional juga",1.70305643198405E+018,2023-09-16 14:41:09+00:00,rrycutiebit,1.27039058973394E+018,0,0,0,0,https://twitter.com/rrycutiebit/status/1703056431984058576
@Outstandjing gak mau kalah sama kebakaran bromo 💪🏽😤,1.70305692283503E+018,2023-09-16 14:43:06+00:00,haipanjiishere,354694746,0,0,0,0,https://twitter.com/haipanjiishere/status/1703056922835038644
@TegarKarang @29shadesofpink @scientiza @convomf Panas bener bang kaya kebakaran bromo,1.70305725995643E+018,2023-09-16 14:44:26+00:00,iwgrftw,1.07572639851642E+018,0,0,0,0,https://twitter.com/iwgrftw/status/1703057259956437405
Sediiiii tempat yg belum pernah w datengin terjadi kebakaran💔💔 bromo trs malem ini museum nasional😭,1.70305879251323E+018,2023-09-16 14:50:32+00:00,_yellowblue_,224508469,0,1,1,0,https://twitter.com/_yellowblue_/status/1703058792513233068
"@zacx_is_back Sblm bromo insiden terbakar jg udh banyak yg kebakaran di indo, gimana tu",1.7030621596124E+018,2023-09-16 15:03:54+00:00,55__shinta,2572088551,0,1,0,1,https://twitter.com/55__shinta/status/1703062159612408007
"@Heraloebss banyak yg sedih karena kebakaran bromo, menghujat sana sini, padahal masih ada dampak positif untuk bromo setelah kebakaran, for me its like beatiful disaster""""",1.70306324135697E+018,2023-09-16 15:08:12+00:00,AdemRodok,1.27246403089284E+018,0,1,0,0,https://twitter.com/AdemRodok/status/1703063241356972251
"@0tk0il kenapa harus ada bromo di situ? kenapa harus ada rumput kering di situ? itu bromo sama rumput kering yang salah kenapa kudu di situ, kalo bromo &amp  rumput kering nggak ada pasti mereka ga foto di situ, terus nggak bakal kebakaran",1.70306437008191E+018,2023-09-16 15:12:41+00:00,audrishere,1.30950752942508E+018,0,0,0,0,https://twitter.com/audrishere/status/1703064370081911180
"@CNNIndonesia Masih untung hanya di suruh minta maaf, Kalo merek menuntut mempolisikan pengelola Bromo lebih baik di kandangin aja itu calon pengantin dan wo untuk membuat jerah mereka karena kelalaian mereka yang membuat Bromo kebakaran.",1.70306440015087E+018,2023-09-16 15:12:49+00:00,junior_hsb11,1.57723358649051E+018,0,0,0,0,https://twitter.com/junior_hsb11/status/1703064400150876183
YATUHAN KNP TMPT YG AK CITA2KAN ITU KEBAKARAN WE😭😭. CITA2 KU KE BROMO DAN MUSEUM NASIONAL NANTI SMISAL W DH PUNYA DUITTT CUKK. HUAAA NANGISSSSS,1.70306557340252E+018,2023-09-16 15:17:28+00:00,brahmani_264,2737358840,0,0,0,0,https://twitter.com/brahmani_264/status/1703065573402525793
"Setelah tempo hari Bromo kebarakan, skrg giliran museum nasional yg kebakaran. Sedih sumpah. Itu museum bagus bgt woy😭😭 dan seketika jadi mikir, museumnya beneran kebakaran apa dibakar?🙄",1.70306605666608E+018,2023-09-16 15:19:24+00:00,Nonali1793,1.45985639044542E+018,0,0,0,0,https://twitter.com/Nonali1793/status/1703066056666083538
kebakaran di bromo nih bakal diambil alih sama orang-orang bisnis buat dijadiin villa hotel perumahan segala macem gak ya?,1.70307249445715E+018,2023-09-16 15:44:58+00:00,_satumei,1.56253583956103E+018,0,0,0,0,https://twitter.com/_satumei/status/1703072494457156086
"Tuntutan itu dilayangkan, lantaran taman nasional dinilai lalai. Kelalaian itu terkait dengan aturan dan peringatan di lokasi.  Download #MetroTVXtend sekarang di Play Store dan App store.  #Bromo #kebakaran #flare",1.70307365109516E+018,2023-09-16 15:49:34+00:00,Metro_TV,57261519,0,0,0,0,https://twitter.com/Metro_TV/status/1703073651095167086
"Namun demikian, kuasa hukum para saksi menyebut, pihaknya bakal menuntut balik Balai Besar Taman Nasional Bromo Tengger Semeru (BB TNBTS).  #Bromo #kebakaran #flare",1.70307364903997E+018,2023-09-16 15:49:34+00:00,Metro_TV,57261519,0,2,0,0,https://twitter.com/Metro_TV/status/1703073649039974727
"@CNNIndonesia TNBTS juga ngejar cuan PNBP, musim kebakaran masih maksa buka Bromo untuk wisata. Coba taman nasional buka data, luas lahan yg terbakar sebelum aksi prewedding goblok itu berapa ? Lalu pasca prewed itu berapa ?",1.70307710384197E+018,2023-09-16 16:03:17+00:00,Hokyahokyee,1.49907331722736E+018,0,0,0,0,https://twitter.com/Hokyahokyee/status/1703077103841972330
Apakah kebakaran museum gajah pengalihan isu dari kebakaran di Bromo? Emmm menarik ditunggu,1.70307956750905E+018,2023-09-16 16:13:05+00:00,mnkdadali,1.10836922988183E+018,0,0,0,0,https://twitter.com/mnkdadali/status/1703079567509057669
"Wah, kyak begini mau nikah. Bikin kebakaran taman bromo aja gamau tanggung jawab gimana klo uda nikah? Klo gak punya uang buat kasih makan keluarga gamau tanggung jawab juga ya?",1.70308061977194E+018,2023-09-16 16:17:16+00:00,hiphipporeh,68132718,0,0,0,1,https://twitter.com/hiphipporeh/status/1703080619771940972
"Oh iya gue mau marah banget sama yg prewed di bromo trs menyebabkan kebakaran, rencananya minggu depan mau pulang kampung trs ke bromo. YA KAN ABIS KEBAKARAN JADINYA GUA NGGA KE BROMO 🖕🏻",1.70308255180674E+018,2023-09-16 16:24:56+00:00,viniyoo__,1.57571252309701E+018,0,1,0,0,https://twitter.com/viniyoo__/status/1703082551806747121
"@Heraloebss Sumpah ya, gw tuh rencana buldep mau ke Bromo. Eeeeh malah kebakaran, astagfirullah.. Padahal aing belom pernah ke Bromo gusti 😭",1.70308436153559E+018,2023-09-16 16:32:08+00:00,cutiecutiepyon,2366497556,0,0,0,0,https://twitter.com/cutiecutiepyon/status/1703084361535594574
"ya bisa aja lawyernya bikin pembelaan kayak: 1) kenapa ga ada aturan yg ngelarang bawa flare ke bromo? 2) kalo pun ada, kenapa petugasnya ga ngecek secara teliti bawaan para pengunjung bromo? 3) cuaca ekstrim 4) antisipasi kebakaran yg minus secara speed dan persiapan",1.7030843920828E+018,2023-09-16 16:32:15+00:00,chelerysoup,1.59146254346135E+018,0,1,0,1,https://twitter.com/chelerysoup/status/1703084392082804837
Ada fiksi nih kenapa ya? Bukan cuma cerita loh. Hikmahnya luar biasa.  Kebakaran Bromo sudah mencetak sejarah. Ini akan dipelajari oleh generasi selanjutnya. Apa nggk MIRIS?,1.70308627301843E+018,2023-09-16 16:39:43+00:00,iis_rni,1.01598925385401E+018,0,1,0,1,https://twitter.com/iis_rni/status/1703086273018433873
"gw belum pernah ke bromo, tau2 udah kebakaran aja",1.70308729582453E+018,2023-09-16 16:43:47+00:00,uwu_twelve,3116286409,0,0,0,0,https://twitter.com/uwu_twelve/status/1703087295824539665
"@kegblgnunfaedh Apaan si kontol jadi maen salah salahan, elu pada tuh udah salah gausah sok ngode bela diri njink ganti rugi noh kebakaran bukan nya minta maap doang, emg dengan minta maaf Bromo yg sekarang item begitu bisa balik seperti semula?",1.70308747573512E+018,2023-09-16 16:44:30+00:00,blue__jOon,1.26359409504315E+018,0,0,0,0,https://twitter.com/blue__jOon/status/1703087475735122005
@milkcoklat_ kabarnya sekarang masih ngomel ngomel gegara bromo kebakaran,1.70309138207072E+018,2023-09-16 17:00:02+00:00,yogpratamaa,1.58481074692738E+018,0,1,0,0,https://twitter.com/yogpratamaa/status/1703091382070722748
green peace diem aja liat bromo kebakaran,1.70309961917211E+018,2023-09-16 17:32:45+00:00,akhmalhul,1168951795,0,0,1,0,https://twitter.com/akhmalhul/status/1703099619172114732
"Ya beginilah thread pertama yg saya buat tentang kebakaran di Bromo Membingungkan ? Iya, saya juga bingung dengan apa yg sudah terjadi Makin kesini, aksi saling lapor melaporkan sangat mudah dilakukan Entah siapa yg benar/salah, bila terus saling lapor kita tidak akan tahu",1.70310390565426E+018,2023-09-16 17:49:47+00:00,SatanKelapa12,1.45129893018924E+018,0,0,0,0,https://twitter.com/SatanKelapa12/status/1703103905654260060
"Bromo kebakaran so sad, ini 3 tahun lalu sebelum pandemi menyerang. indah banget asli🥹 berbakat tengah malem buat dapetin sunrise 🌅",1.70310876875685E+018,2023-09-16 18:09:07+00:00,anchocolava,362361414,0,0,0,0,https://twitter.com/anchocolava/status/1703108768756851110
@kegblgnunfaedh Halaah kayak gak punya salah aja main balik lapor. Hasil dari otak lu itu Bromo kebakaran cuk.,1.70311095997449E+018,2023-09-16 18:17:49+00:00,aakzaki,633579579,0,0,0,1,https://twitter.com/aakzaki/status/1703110959974498650
"malem minggu yg awalnya ceria jadi sedih banget banget banget karena peristiwa kebakaran museum nasional. setelah hutan bromo, lalu sekarang museum. patah hati kok terus-terusan.",1.70311167408415E+018,2023-09-16 18:20:40+00:00,mardiasih,164627338,0,3,22,90,https://twitter.com/mardiasih/status/1703111674084159661
"@kegblgnunfaedh Udah buat kebakaran yg sebesar itu, malah nyalahin pihak Bromo nya😭😭😭 lalai gk ada peringatan mudah terbakar? Anj dikira Bromo gunung mixue apa🤌🏻🤌🏻🤌🏻😭😭",1.70311483041116E+018,2023-09-16 18:33:12+00:00,WinterQkth,1.37603232666939E+018,0,0,0,0,https://twitter.com/WinterQkth/status/1703114830411161803
"Kejaksaan agung kebakaran Bromo kebakaran Museum nasional kebakaran  Hukum, alam, sejarah kayak ga ada nilainya gitu ya.",1.70311647470838E+018,2023-09-16 18:39:44+00:00,indsane,28536360,0,0,1,1,https://twitter.com/indsane/status/1703116474708381985
@ketololan_tolol Gapapa yg penting ga bikin bromo kebakaran,1.70312616971616E+018,2023-09-16 19:18:16+00:00,VickyFaidzin,104754365,0,0,0,0,https://twitter.com/VickyFaidzin/status/1703126169716166688
"Akui aja lu yg jd penyebab kebakaran itu, udh dewasa bukan anak2 lagi mestinya ngerti bahaya flare di tempat gitu. Apalagi pas liat udh timbul api tapi malah didiemin, eh skrg ngelaporin petugas bromo hmmm",1.70313458388433E+018,2023-09-16 19:51:42+00:00,yauwdaa,1.60577328670065E+018,0,0,0,0,https://twitter.com/yauwdaa/status/1703134583884333080
setelah dulu kejagung yg kebakaran dan tdk berujung ...savana bromo baru padam muncul museum nasional terbakar ....,1.70313943120363E+018,2023-09-16 20:10:57+00:00,aallliin,72828402,0,0,0,0,https://twitter.com/aallliin/status/1703139431203639750
"Mereka nih dah tau di benci se Indonesia Raya gegara lalai jadi Bromo kebakaran, ehh nongol lg malah bilang mau laporin balik TNBTS 🤣🤣🤣  Org udah benci, makin benci wkwkwkwk  Dah bagus diem diem bae, malah nambah penyakit 🤣🤣🤣",1.70314844144105E+018,2023-09-16 20:46:46+00:00,tinyken_,1.32595959478335E+018,0,1,0,2,https://twitter.com/tinyken_/status/1703148441441050993
"@detikcom Kebakaran di Bromo saat kemarau sepertinya sering terjadi. Tapi tidak sebesar ini. Puntung rokok yg dibuang sembarangan juga bisa jadi penyebab. Biar diselidiki dulu penyebab nya.  Kebakaran di hutan juga masih terjadi, padahal gak ada flare.",1.70316337229932E+018,2023-09-16 21:46:05+00:00,kdjohari87,1345574882,0,0,0,0,https://twitter.com/kdjohari87/status/1703163372299321550
@shitlicious analogi kasus kebakaran di bromo ini 🙈,1.70316887472282E+018,2023-09-16 22:07:57+00:00,gasblar,111235141,0,0,0,0,https://twitter.com/gasblar/status/1703168874722828385
"@KontenBerfaedah Yg salah Bromo, coba kalo Bromo gak ada kan gak ada kebakaran.",1.70317116485049E+018,2023-09-16 22:17:03+00:00,lumpiapedas,1530848138,0,0,0,0,https://twitter.com/lumpiapedas/status/1703171164850491511
@CNNIndonesia Buset... Bisa begitu... Coba ini pak anies.. Bisa kebakaran KPU kaya Bromo...,1.7031791982681E+018,2023-09-16 22:48:59+00:00,PutraXhaka89,1.59149432671811E+018,0,0,0,0,https://twitter.com/PutraXhaka89/status/1703179198268104890
"@kegblgnunfaedh Yg saya heran ,yg di mintai tolong jadi kuasa hukum juga mau,, jika itu benar yg menyebabkan kebakaran korban,,, kok malah mau laporin petugas 🤦🤦🤦 ,,, yg kebakar itu alam bang ,,minta maaf kepada pengurus Bromo dan minta maaf kepada Allah,,agar engkau tidak di hukum alam",1.7031803747955E+018,2023-09-16 22:53:39+00:00,MuhammadAr22675,1.6853034930816E+018,0,0,0,0,https://twitter.com/MuhammadAr22675/status/1703180374795505822
"Makin deket pemilu makin suram keknya. Bromo kebakaran, Museum Nasional kebakaran, Karhutla di Kalimantan, polusi tinggi2nya, beras naek gila-gilaan (ampe 70rb!), belom lagi kerjaan yang ditunda ato bahkan dicut krn politik lg ga beres.  😮‍💨😮‍💨😮‍💨",1.70318172609124E+018,2023-09-16 22:59:01+00:00,ratufitri,39701112,1,1,2,5,https://twitter.com/ratufitri/status/1703181726091244011
"@ndreamon @jiemiardian Gila, seh! Kalau betul ada orang macem gitu, jangan-jangan misal dia datang buat prewedding di Gunung Bromo dan malah bikin satu bukit kebakaran karena ide tolol pakai flare untuk properti, malah nuntut pengelola taman nasionalnya.",1.70319403422175E+018,2023-09-16 23:47:56+00:00,APTX4869hunter,9.50285046396567E+017,0,1,1,14,https://twitter.com/APTX4869hunter/status/1703194034221756820
"bjirr bangun tidur lgsg dapet info Museum Nasional kebakaran jam 8 td malem katanya 😭😭😭😭 kemarin bromo, skrg museum gajah, KOK BISA SIH KOK BISAA GITU LOH 🤬🤬🤬🤬😭😭😭😭",1.70319474055939E+018,2023-09-16 23:50:44+00:00,miselbyun,1.06895635654625E+018,0,0,0,0,https://twitter.com/miselbyun/status/1703194740559392914
"@solehsolihun Masuk akal si bang, sebelum prewed udah kejadian kebakaran gede di bromo, tapi ya ga ada beritanya gtu, eh masih dibolehin aja ada prewed, ni jangan2 yg prewed juga ga tau klo lagi ada kebakaran""!?""",1.70319735899206E+018,2023-09-17 00:01:08+00:00,asli_jawa,235823430,0,0,0,0,https://twitter.com/asli_jawa/status/1703197358992060824
"@ferizandra @akunanonimnim @CNNIndonesia Tp bukannya pas mau masuk bromo itu ada palang yg tertulis ga boleh bawa benda2 yg bisa menyebabkan kebakaran ya krn kondisi bromo yg lg kering. Trus jg ada kan bukti video kalo mereka (fg &amp  catin) lalai &amp  bukannya madamin api, malah ngediemin doank",1.70320242082911E+018,2023-09-17 00:21:15+00:00,yulidangta,76261685,0,1,0,2,https://twitter.com/yulidangta/status/1703202420829118687
@detikcom lah kenapa ada ucapan mau tuntut balik ? klien ada yg sebabkan kebakaran bromo ( siapapun itu manajer EO ataupun calon mempelai yg lagi foto ). menuntut karena merasa ngga ada pengawasan adalah cukup konyol &amp  mencari2 perkara,1.70320439528514E+018,2023-09-17 00:29:06+00:00,AndyGun85471720,1.3390251257614E+018,0,0,0,0,https://twitter.com/AndyGun85471720/status/1703204395285143951
Ya Allah durung tau ning bromo tapi ws keburu kebakaran 😭,1.70320490584524E+018,2023-09-17 00:31:08+00:00,yourrloves,1.11293375078074E+018,0,1,1,1,https://twitter.com/yourrloves/status/1703204905845248022
demi alex pengacara pratiwi pemicu kebakaran bromo GOBLOK BANGET ANJING 🥶,1.70321008476204E+018,2023-09-17 00:51:42+00:00,zygomycotaa,1.19318076958731E+018,0,0,0,0,https://twitter.com/zygomycotaa/status/1703210084762042753
@Heraloebss Pada tau ga sih klo sebelum kejadian prewed udah kebakaran hebat di bromo!?,1.70321019901903E+018,2023-09-17 00:52:10+00:00,asli_jawa,235823430,0,0,0,0,https://twitter.com/asli_jawa/status/1703210199019036699
"Apes aja sih pasangan prewed Bromo. Itu pendapat saya. Pertama, karena apa/siapa pun bisa menyebabkan kebakaran di Bromo yang lagi super kering. Kebetulan beberapa hari sebelum kejadian saya di sekitar sana",1.70321136525375E+018,2023-09-17 00:56:48+00:00,adewantor,113907160,0,2,0,1,https://twitter.com/adewantor/status/1703211365253759362
"@KontenBerfaedah Gampang Om, lw pada yang kemarin ga jadi naik ke Bromo gara2 kebakaran, hotel2 yang pada tutup, tuntut aja tuh WO sama calonnya. Akhirnya tuntut2 terus dan ga ada yang mau tanggung jawab, dan itulah Indonesia. Jreng jreng jreng",1.70321140251166E+018,2023-09-17 00:56:57+00:00,2L_NDN,203441871,0,0,0,0,https://twitter.com/2L_NDN/status/1703211402511663210
"Orang yg bikin bromo kebakaran makin2 aja ye. Woy w blm ke bromo malah klean bikin kebakaran, sebel gasij😭",1.70321191441389E+018,2023-09-17 00:58:59+00:00,pidarohmoon,597215742,0,1,0,0,https://twitter.com/pidarohmoon/status/1703211914413891905
Kemarin Bromo yang kebakaran sekarang museum nasional 🥺,1.70321458359769E+018,2023-09-17 01:09:35+00:00,adeutarizki,170611958,0,0,0,0,https://twitter.com/adeutarizki/status/1703214583597695325
"@VIVAcoid 2x sy ke Bromo, 1x trip pernah menyaksikan kebakaran yg sy dekteksi dri kepulan asap di kejauhan.. sy langsung report ke pemandu dan langsung di follow-up untuk tindakan pemadaman.  Seringkali awal yg kecil yg tidak segera di tangani ahirnya menjadi besar dan agak terlambat",1.70321734636899E+018,2023-09-17 01:20:34+00:00,WiraGora1618,1.64215390159516E+018,0,0,0,0,https://twitter.com/WiraGora1618/status/1703217346368995825
"duh kalo liat berita bromo mah sedih, blm jg ke bromo udah kebakaran aja🥲",1.70321903994927E+018,2023-09-17 01:27:18+00:00,cheeezzzyyyyy,1.06952494839633E+018,0,0,0,0,https://twitter.com/cheeezzzyyyyy/status/1703219039949275419
@kegblgnunfaedh Oh pantes bromo kebakaran. Org pelakunya tolol gini,1.7032193010069E+018,2023-09-17 01:28:20+00:00,moonsvibes_,1.51323251314506E+018,0,0,0,0,https://twitter.com/moonsvibes_/status/1703219301006909711
@aetherdepok penyebab kebakaran bromo,1.70321982861683E+018,2023-09-17 01:30:26+00:00,geppiepard,1.59954767621056E+018,0,0,0,0,https://twitter.com/geppiepard/status/1703219828616839435
kemaren blm pernah ke bromo eh kebakaran sekarang musium nasional juga belom kesana udah kebakaran ajg lah,1.70322230930014E+018,2023-09-17 01:40:17+00:00,acidadiraa,1.52511848546634E+018,0,0,0,0,https://twitter.com/acidadiraa/status/1703222309300142405
@investorgabut Emang penyebab kebakaran bukan di bromo buka gara2 prewed tapi gara2 API,1.70322360966443E+018,2023-09-17 01:45:27+00:00,rindadidieu,57591980,0,0,0,4,https://twitter.com/rindadidieu/status/1703223609664438770
"@detikcom Gila aja kalo bukan monyet apa namanya? 500 hektar kebakaran jadi abu, akses air bersih ke 6 desa sekitar terancam, mata pencaharian warlok bromo tersendat, belum lagi klien agen2 travel yg membatalkan rencana perjalanannya, dan kerugian2 lain.",1.70323163394258E+018,2023-09-17 02:17:20+00:00,adibsetiawan10,8.0213561338628E+017,0,0,0,0,https://twitter.com/adibsetiawan10/status/1703231633942585485
"@mindaart @Heraloebss Sbnrnya kl mereka pinter &amp  pakainl logika kl flare berpotensi menimbulkan kebakaran, mereka ga akan bw itu ke bromo. Tp ya kembali lagi KALO PINTER",1.7032413112127E+018,2023-09-17 02:55:47+00:00,dodolovesoo1,1.45805967772014E+018,0,0,0,3,https://twitter.com/dodolovesoo1/status/1703241311212708154
@ignatiusgago ngeri kebakaran kaya di bromo go,1.70324304290663E+018,2023-09-17 03:02:40+00:00,dumbfaalief,1.04315864299896E+018,0,0,0,0,https://twitter.com/dumbfaalief/status/1703243042906632195
gue nangis bgt kebakaran di bromo udh gada edelweiss,1.70324379606941E+018,2023-09-17 03:05:40+00:00,ccumbroll,1.46661999930542E+018,0,0,0,0,https://twitter.com/ccumbroll/status/1703243796069417361
"@convomfs liatin rep jadi iri pengen ke bromo juga, eh malah keburu kebakaran😔😔",1.7032451844006E+018,2023-09-17 03:11:11+00:00,woodyhoon314,1.64355118619128E+018,0,0,0,0,https://twitter.com/woodyhoon314/status/1703245184400601560
@jek___ Nyebut dulu nyebut. Kayak bromo aja ente stat kebakaran jenglot,1.70324814323067E+018,2023-09-17 03:22:56+00:00,bocilzodiak,1.52435932850476E+018,0,0,0,0,https://twitter.com/bocilzodiak/status/1703248143230677260
Blm pernah ke bromo dan rencananya bulan desember eh malah kebakaran :),1.70325208016375E+018,2023-09-17 03:38:35+00:00,dardiyoo,1.43878279748578E+018,0,0,0,0,https://twitter.com/dardiyoo/status/1703252080163750201
asli deh gue tuh pengen ke bromo setelah bbrp hari di jkt niatnya waktu itu. trs kaka lg hamil muda jd butuh byk istirahat yaudah deh lain kali. ternyata kebakaran skrg. minggu kemaren bgt kepikiran mau ke museum nasional jg. skrg malah kebakar. 😭 nothing went well as planned:(,1.70325224681184E+018,2023-09-17 03:39:15+00:00,enchaeto,1.4775886414635E+018,0,0,0,0,https://twitter.com/enchaeto/status/1703252246811840626
"Setelah Bromo, Museum Nasional kebakaran juga 🥲",1.7032547264802E+018,2023-09-17 03:49:06+00:00,Diozaurus,28759886,0,1,0,5,https://twitter.com/Diozaurus/status/1703254726480203830
"@kemanakitapergi @papasito_OF @txtdrpemerintah Selama ini, savana bromo gapernah kebakaran, jadi selama ini juga gapernah ada antisipasi yg proper.  Tempat awal api juga yg bisa dijangkau, deket situ banyak warung jualan jg. Emang awalnya orang2 dilokasi pas kejadian awal ga nyangka bakal separah ini.",1.70325635476768E+018,2023-09-17 03:55:34+00:00,idhamramadhan03,2257345536,0,0,1,0,https://twitter.com/idhamramadhan03/status/1703256354767688067
"@NarasiNewsroom Tangkap dan penjarakan semua rombongan prewedding krn memasuki kawasan Bromo dg membawa dan menggunakan barang² yg berbahaya/flare dan membuangnya dg sembarangan yg berakibat kebakaran..gak usah banyak bacot,kalian.",1.70325647336581E+018,2023-09-17 03:56:02+00:00,AdvBudi72Gar,1.64130141889953E+018,0,1,0,3,https://twitter.com/AdvBudi72Gar/status/1703256473365811452
"Dia yang langgar, dia boleh cakap ‘kau patut hon saya’. Aku macam wth?????? Sama mcm kes kebakaran Gunung Bromo. Yang disalahkan malah petugasnya??? lahh kau yg pakai tu flare kok petugas yg disalahin",1.70326001090471E+018,2023-09-17 04:10:06+00:00,sawphyea,7.51323377181216E+017,0,0,0,1,https://twitter.com/sawphyea/status/1703260010904719823
@convomfs ini bromo setelah kebakaran masih boleh di kunjungi ngga? gue blm pernah ke bromo cukkk😭😭,1.70326266270311E+018,2023-09-17 04:20:38+00:00,girlsunshine_,1.60334870937036E+018,0,0,0,0,https://twitter.com/girlsunshine_/status/1703262662703116600
salah satu contoh nyata usahain kalo mau nikah tuh kedua belah pihak harus memiliki logika yang jalan dan bisa berpikir kritis: kasus kebakaran savana bromo,1.70326334170643E+018,2023-09-17 04:23:20+00:00,lunariskia,1.28774884064522E+018,0,4,0,0,https://twitter.com/lunariskia/status/1703263341706436631
"@tanyakanrl analogi nya gini, misal lu ke bromo buat prewed make flare trus kebakaran, yg salah ya elu, bukan malah nyalahin petugasnya.",1.70326553911876E+018,2023-09-17 04:32:04+00:00,fitraarda_,1.05111540571917E+018,0,0,0,0,https://twitter.com/fitraarda_/status/1703265539118764408
"pantesan bromo kebakaran, yg prewed aja gini",1.70326614710861E+018,2023-09-17 04:34:29+00:00,bunnienana_,1.61624633182323E+018,0,0,0,0,https://twitter.com/bunnienana_/status/1703266147108610388
"@kegblgnunfaedh Kelihatan pengacara ny blm pernah ke jalur bromo semeru. Padahal di jalan lintas banyak papan hibauan area rawan kebakaran hutan""""",1.7032678170288E+018,2023-09-17 04:41:07+00:00,kiky_ambrol,163878137,0,0,0,0,https://twitter.com/kiky_ambrol/status/1703267817028804863
kebakaran bromo gk si?,1.70326855140528E+018,2023-09-17 04:44:02+00:00,urnahida,1.45984547801565E+018,0,0,0,0,https://twitter.com/urnahida/status/1703268551405289776
"@detikcom kasus bully sekolah yg salah, netijing: org tua, pendidikan, sekolah, dan pelaku. kasus kebakaran bromo, netijing: pelaku saja yg salah",1.70326990427801E+018,2023-09-17 04:49:25+00:00,pakar_ai,1.58584131881039E+018,0,0,0,0,https://twitter.com/pakar_ai/status/1703269904278016331
@convomfs mau gtc kebromo nnti november eh tbtb ada brita bromo kebakaran...,1.703271130596E+018,2023-09-17 04:54:17+00:00,tiitaaa_11,1.60796178081867E+018,0,0,0,0,https://twitter.com/tiitaaa_11/status/1703271130596008410
"@inilahdotcom Saya yakin bromo akan lebih indah setelah kebakaran, karena rumput baru akan tumbuh lebih hijau",1.70327368143331E+018,2023-09-17 05:04:25+00:00,sailal70,1706257908,0,0,0,0,https://twitter.com/sailal70/status/1703273681433317534
"Padahal niat hati tahun depan ingin menginjakan kaki di Bromo dan Semeru, tp setelah kejadian kebakaran kemarin sepertinya emang harus bersabar lagi menunggu semua pulih dan kembali hijau. #LekasPulihBromo 🙏🏻",1.70327368108096E+018,2023-09-17 05:04:25+00:00,petricious,549059736,0,0,0,0,https://twitter.com/petricious/status/1703273681080963582
"@idextratime Kenapa ya kemarin waktu savana bromo kebakaran, kita ga ngumpulin fans MU di sana? Pasti bakal langsung padam sama air mata mereka",1.70327623105424E+018,2023-09-17 05:14:33+00:00,717_map,1.51239592754978E+018,0,0,0,3,https://twitter.com/717_map/status/1703276231054241798
Huahahahaha. Nemu anak hukum yang setuju dg langkah pengacara kasus kebakaran Bromo yg mau nuntut petugas TNBTS.,1.70327661792425E+018,2023-09-17 05:16:05+00:00,BNGPY,99705510,0,1,1,0,https://twitter.com/BNGPY/status/1703276617924259854
Huahahahaha. Nemu anak hukum yang setuju dengan langkah pengacara kasus kebakaran Bromo yang mau nuntut petugas TNBTS.,1.70327877651444E+018,2023-09-17 05:24:40+00:00,qidisdauf_,1.50698825890729E+018,0,0,0,0,https://twitter.com/qidisdauf_/status/1703278776514449495
"Lagian nih yak, daripada mahal² nyewa pengacara yg mirip monyet mending duitnya kasih ke pihak Bromo atw kasih ke pedagang² yg terkena dampak buat ganti rugi. Walau gua rasa gak bakal sebanding sama dampak kebakaran yg parah.  Ya minimal tambahin lah jadi monyet goblog",1.70327882869998E+018,2023-09-17 05:24:52+00:00,OShidiq,1.61468256187541E+018,0,0,0,1,https://twitter.com/OShidiq/status/1703278828699984168
@balakarsa Baca bagian ini waktu liat efek kebakaran bromo kok menyayat hati bgt 🥹,1.70329454245013E+018,2023-09-17 06:27:19+00:00,yaaktul,242303411,0,0,0,0,https://twitter.com/yaaktul/status/1703294542450139584
@convomfs belum jg pergi k Bromo eh udh kebakaran dlu aja🥲,1.70331361646706E+018,2023-09-17 07:43:06+00:00,tuti_mardianti,1.29951687092033E+018,0,1,0,0,https://twitter.com/tuti_mardianti/status/1703313616467062891
kebakaran bromo sm museum nasional bikin w sedih bgt blm pernah kesanaaaa😭😭😭,1.70332027124209E+018,2023-09-17 08:09:33+00:00,NabilaAura6,616763293,0,1,0,1,https://twitter.com/NabilaAura6/status/1703320271242096865
"@Heraloebss Calon pasangan tolol ini sih ... shrsnya mrk jadi tersangka juga, mrk sangat terlibat terjadinya kebakaran lahan di bromo ...",1.7033383306778E+018,2023-09-17 09:21:19+00:00,he6176,1.59883012707676E+018,0,0,0,0,https://twitter.com/he6176/status/1703338330677809408
Mau upload foto bromo sebalum kebakaran tapi takut dikira engga move on dr mantan 🙄,1.70333873179581E+018,2023-09-17 09:22:54+00:00,yournalistic,566029547,0,0,0,0,https://twitter.com/yournalistic/status/1703338731795816942
"Dia kl ngomong kek suka simpel bgt yg bikin kita mikir iya juga ya"" tp at the same time juga mikir ""ya tp kan, syemele syemele"".  Kek pas kebakaran di bromo : yaudah dipadamkan aja. Iya sih bener emang harus dipadamin apinya...tapi tuh....  Ngerti kan lu wkwkwkwk""",1.70333992324244E+018,2023-09-17 09:27:38+00:00,_honeyaloevera,9.69625016789737E+017,0,0,0,0,https://twitter.com/_honeyaloevera/status/1703339923242442967
*Bromo kebakaran*  Orang-orang di IG: “post foto kamu sebelum Bromo kebakaran”  Be fucking fr💩💩💩,1.70336751320218E+018,2023-09-17 11:17:16+00:00,durenkalibata,200431661,0,0,0,2,https://twitter.com/durenkalibata/status/1703367513202184466
@never_alonely Arogan udh jadi sifat mereka...sm kyk kasus kebakaran bromo...emg ga tau diri nih etnis..lupa ama sejarah mereka sendiri...taik,1.70336871398103E+018,2023-09-17 11:22:03+00:00,oposan007,8.94947689644699E+017,0,0,0,8,https://twitter.com/oposan007/status/1703368713981038613
"Banyak pihak yang menghujat sana sini tentang prewed di bromo,  banyak sedikit yang ngasih solusi dan mereka lupa setelah kebakaran tanah itu menjadi subur, menjadi pupuk alami, nah nikmati aja prosesnya sbntar lagi musim hujan, mari kita berdo'a sesegera mungkin turun didaerahku",1.70338928385456E+018,2023-09-17 12:43:47+00:00,asyahrilmui,7.65724905472036E+017,0,0,0,0,https://twitter.com/asyahrilmui/status/1703389283854561590
Kenapa nama bukit di Bromo bisa serius Bukit Teletubbies? 😔 selama ini gua pikir cuman panggilan associated aja ga serius. Sampai kebakaran viral kemarin baru liat ada sign namanya beneran Bukit Teletubbies.,1.70340004874958E+018,2023-09-17 13:26:33+00:00,bratasastro,78870541,0,0,0,0,https://twitter.com/bratasastro/status/1703400048749584642
Itu calon penganten yg bakar savana bromo udah dijadiin duta kebakaran belom?,1.70340170479088E+018,2023-09-17 13:33:08+00:00,ciamikboy,1.16259130313096E+018,0,0,0,0,https://twitter.com/ciamikboy/status/1703401704790888597
@KompasTV Sudah dipadamkan kebakaran di gunung bromo. Bilangin suruh naik gunung lg...,1.7034027959894E+018,2023-09-17 13:37:28+00:00,rosiandika7,7.44886289489502E+017,0,1,0,10,https://twitter.com/rosiandika7/status/1703402795989406070
bisa gak sih lapor ke polisi kalo ada orang main petasan? udah tau lagi musim kering gini main petasan di daerah padat penduduk. common sense-nya kok gak ada yak? gak takut kebakaran kek di bromo apa? bakar sampah jugak 😡,1.70340431322012E+018,2023-09-17 13:43:30+00:00,Bluesclues9111,8.97253345319976E+017,0,0,0,1,https://twitter.com/Bluesclues9111/status/1703404313220124927
"nggak habis pikir gw sama ini orang. lu yg bikin area di sekitar bromo jadi kebakaran gara2 foto pre wedding ala2 itu, lu malah nuntut pihak sana dan angin, angin lu tuntut? itu alam woy, gobloknya another level emang ni orang 🙄🤦🏻‍♀️",1.70341080773924E+018,2023-09-17 14:09:19+00:00,Yumi_hanaaeri,1.2672793392188E+018,1,0,0,0,https://twitter.com/Yumi_hanaaeri/status/1703410807739240709
"Setelah kebakaran di bromo, tragedi kebakaran di museum nasional bikin aku nyesek bgt.",1.70341261198617E+018,2023-09-17 14:16:29+00:00,kimamugo,1379705214,0,0,0,0,https://twitter.com/kimamugo/status/1703412611986170373
"⠀  HEMBARA.  Benar sekali, Pak. Apalagi sekarang Bromo lagi kebakaran, penghasilan saya seret karena nggak ada yang mampir ke toko saya buat beli 𝘤𝘢𝘳𝘳𝘪𝘦𝘳 𝘣𝘢𝘨.  ⠀",1.70342250967115E+018,2023-09-17 14:55:49+00:00,ranularaga,1.6873979471921E+018,1,0,1,0,https://twitter.com/ranularaga/status/1703422509671158138
"@Heraloebss Polisi soal Perlendiran gercep banget, dan semua yang terlibat ditahan. Tapi lihat kebakaran bromo, cuman WO.nya yang ditahan . AMAZING",1.70342349970304E+018,2023-09-17 14:59:45+00:00,taufikbounty,7.08320419946692E+017,0,5,4,55,https://twitter.com/taufikbounty/status/1703423499703042358
@udahnangisss tiati loh bromo jg kebakaran karena flare,1.70342752559323E+018,2023-09-17 15:15:44+00:00,pabloescobur,1.41098332693281E+018,0,1,0,0,https://twitter.com/pabloescobur/status/1703427525593239809
"Twitter setiap hari selalu aja ada konfliknya, konflik masalah cwk yg nuduh ojol mau nyulik &amp ngaku anaknya dari ojol tsb pdhl bukan, konflik video mba alpukat, konflik trans yg ga diterima masuk klub, konflik maudy ayunda, konflik pelaku kebakaran bromo yg mau lapor balik petugas",1.70345404990187E+018,2023-09-17 17:01:08+00:00,_mauapalu_,1.42136152605779E+018,0,2,0,2,https://twitter.com/_mauapalu_/status/1703454049901875367
@tanyarlfes yang nyebabin kebakaran di Bromo gak sih?,1.70345921505304E+018,2023-09-17 17:21:40+00:00,Aphrodite9397,1.07010552331433E+018,0,0,0,1,https://twitter.com/Aphrodite9397/status/1703459215053046254
"Satu kata buat pasangan yg bikin bromo kebakaran BODOH""""",1.70346305046306E+018,2023-09-17 17:36:54+00:00,nonferrous_,1.1271149900061E+018,0,0,0,2,https://twitter.com/nonferrous_/status/1703463050463068561
Semuanya aja kontol gue galauin temen cinta hidup keluarga diri sendiri pengamen video sedih bromo kebakaran SEMUANYA AJAAA,1.7034630510629E+018,2023-09-17 17:36:54+00:00,nukiest,1.25845674917185E+018,0,0,0,0,https://twitter.com/nukiest/status/1703463051062903197
"@susipudjiastuti Hahaha ..Ibu Susi ketawanya Renyah"" begitu, kayak Goreng Rengginang Pangandaran. Eh, rupanya Pagi2 sdh  menikmati hiburan sehat dari ""Calon Pengantin"".. 😂🤣😂  *) Perlu ""diapresiasi"" usaha keras Calon Pengantin memadamkan ""Kebakaran Bromo"" smp menghabiskan 5 btl Air Mineral.""",1.70354852920416E+018,2023-09-17 23:16:34+00:00,Kuwungkuwung2,1.60407058630862E+018,0,1,1,6,https://twitter.com/Kuwungkuwung2/status/1703548529204162949
@tvOneNews Karno GG Bromo kebakaran pa ya jdi turun gunung....demi anknya yg manja dan baperan😂#terbuktikan mo Koalisi hnya utk jabatan semata bkn utk rakyat banyak...😬,1.70355161823775E+018,2023-09-17 23:28:50+00:00,AntonNu34549641,1.44234456883432E+018,0,0,0,0,https://twitter.com/AntonNu34549641/status/1703551618237751338
"@0tk0il Yang salah itu cuaca lokal di bromo. Harusnya begitu tau api nyala langsung otomatis turun hujan. Atau harusnya ada smoke detector, jadi begitu api menyebar langsung dateng pemadam kebakaran.",1.70355295818786E+018,2023-09-17 23:34:10+00:00,sayumerayu,1.45843625432484E+018,0,0,0,0,https://twitter.com/sayumerayu/status/1703552958187864118
@ydwsgf w juga ada rencana ke bromo akhir th habis magang malah kebakaran :((,1.70355344427001E+018,2023-09-17 23:36:06+00:00,mamayyoow,1.35223333368655E+018,0,1,0,0,https://twitter.com/mamayyoow/status/1703553444270014534
@kegblgnunfaedh cara baca headlinenya gimana sih? jadi Gunung Bromo berubah jadi cople gitu terus lupa laporan klo ada kebaran? ato kebakaran gunung bromo gegara prewed orang jadi lapor minta maaf?,1.70359396214002E+018,2023-09-18 02:17:06+00:00,animescreech,1.70232062300617E+018,0,0,0,0,https://twitter.com/animescreech/status/1703593962140021113
trailer kebakaran hutan bromo,1.7036004442774E+018,2023-09-18 02:42:51+00:00,OperasiSeni,1.35051835514535E+018,0,0,0,1,https://twitter.com/OperasiSeni/status/1703600444277408073
@detikcom Kalo pemerintah balik nuntut ganti rugi atas biaya pemadaman kebakaran bromo yg mencapai miliaran rupiah.. Mau bayar nggak?blm kerugian yg di rasakan oleh masyarakat sekitar bromo..... Wooyy.. Sadar wooy.... Jgn seenaknya main tuntut.. Sekali kali otaknya di pakai mikir,1.70360071030959E+018,2023-09-18 02:43:55+00:00,Djahe11,9.37026106409992E+017,0,0,0,0,https://twitter.com/Djahe11/status/1703600710309597657
"@tanyakanrl Yg bikin Bromo kebakaran juga jahat. Mudah2an mbak nya ini, abis minta maaf ke Bapak driver, gak mengajukan tuntutan hukum ke maxim, produsen HP dia, ke yang gak bangunin dia, dan ke X. Harusnya X mengingatkan usernya, bangunin, kalau banyak respon twit yg belum di alas user",1.70360191541285E+018,2023-09-18 02:48:42+00:00,Ewenrin,1.33517259466061E+018,0,0,0,0,https://twitter.com/Ewenrin/status/1703601915412857240
"Orang2 payah"" akan salahkan angin. Di tragedi Kanjuruhan, salah angin. Di penggusuran P Rempang, salah angin. Di kasus kebakaran bukit Teletubbies Bromo, salah angin. Di kasus mati mendadak, salah angin (angin duduk). Duduk atau berdiri..angin hrs salah🤭😂🤣 @PostTechSoFi $post""",1.70361009070686E+018,2023-09-18 03:21:11+00:00,EmhadyZ,548162595,0,0,0,0,https://twitter.com/EmhadyZ/status/1703610090706862157
@AswaTaksaka Jadi kalau kebakaran lereng gunung bromo adalah kesalahan petugas karena ga ada kasih tahu aturan ga boleh bakar flare 🤭,1.70361716142679E+018,2023-09-18 03:49:17+00:00,BuddhisGL,1.123888311658E+018,0,1,0,0,https://twitter.com/BuddhisGL/status/1703617161426792810
@tanyakanrl Rem blong pas ke bromo pake motor matic Kebakaran gas di kosan,1.70362108144436E+018,2023-09-18 04:04:52+00:00,LahSangPrabu,9.34204715562278E+017,0,0,0,0,https://twitter.com/LahSangPrabu/status/1703621081444360403
"@anak_legal 4. Ada gak kebiasan tentang larangan dll 5. Ada gak bayangan kalau main flare di bromo bisa menyebabkan kebakaran atau gak. Kalau yang bersangkutan"" tidak membayangkan kalau main flare bisa menyebabkan kebakaran , ini merupakan culpa""",1.7036300414423E+018,2023-09-18 04:40:28+00:00,sirineblue19,1.62983618252703E+018,0,0,0,1,https://twitter.com/sirineblue19/status/1703630041442304465
@honeyybaniswiti Kebakaran hutan di Bromo,1.70363291532494E+018,2023-09-18 04:51:53+00:00,frstnotscnd,9.34810474771652E+017,0,1,0,0,https://twitter.com/frstnotscnd/status/1703632915324940538
Bromo nya keburu kebakaran :(,1.70364172338013E+018,2023-09-18 05:26:53+00:00,ininalopel,1.15394465445216E+018,0,0,0,0,https://twitter.com/ininalopel/status/1703641723380134299
September 2023. Semoga kasus ini segera terungkap dan pelaku dapat diadili dengan tegas! #KebakaranBromo #PolisiTuntas,1.70364215385412E+018,2023-09-18 05:28:36+00:00,ismiyati_latif,1.68121174916767E+018,0,0,0,0,https://twitter.com/ismiyati_latif/status/1703642153854124468
@KompasTV Selama ini SBY diatas gunung apa ya..? Kok mau turun gunung..?? Apa Karena Bromo baru abis kebakaran..?,1.70365283239272E+018,2023-09-18 06:11:02+00:00,MYoessoef,806254033,0,0,0,0,https://twitter.com/MYoessoef/status/1703652832392720626
"@kompascom Air 5 botol🤣🤣🤣, buat nyuci otak kalian aja gak cukup para tersangka😡😡,, u harus membayar ini semua dengan hukum yg berlaku, 1 kalian udh buat bromo rusak, 2, kalian  udh menghilangkan omset pedagang2 kecil d kawasan itu selama kejadian kebakaran😡😡😡",1.70367280249749E+018,2023-09-18 07:30:23+00:00,AntoManto86,1.61204889607484E+018,0,0,0,0,https://twitter.com/AntoManto86/status/1703672802497491064
Makin lama makin terkuak ketidakwarasan pasangan ini dan pengacaranya. #Bromo #kebakaran,1.70367325888384E+018,2023-09-18 07:32:12+00:00,infoJATIASIH,249006027,0,0,0,0,https://twitter.com/infoJATIASIH/status/1703673258883846330
@kompascom Lucu sekali ini barang kalau misal penjaga bromo nya yang harus bertanggung jawab atas kebakaran 😌,1.70368973067062E+018,2023-09-18 08:37:39+00:00,aatt_____,1.40224446388853E+018,0,0,0,0,https://twitter.com/aatt_____/status/1703689730670625018
"Ish aku yg pengen bgt prewednya nanti di Bromo. Tapi setelah ada kejadian kebakaran, jadi mikir-mikir lagi. Wkwkwk",1.7037008399097E+018,2023-09-18 09:21:48+00:00,dedydjun,969608557,0,0,0,0,https://twitter.com/dedydjun/status/1703700839909707841
@pandji Kebakaran Bromo udh belum bang?,1.70370767365992E+018,2023-09-18 09:48:57+00:00,mikenogen25122,1.65301455970226E+018,0,0,0,0,https://twitter.com/mikenogen25122/status/1703707673659924636
"Banyak banget kebakaran saat ini, setelah berita bromo",1.70372901471902E+018,2023-09-18 11:13:45+00:00,mbulgimbull,9.57510002666688E+017,0,1,0,0,https://twitter.com/mbulgimbull/status/1703729014719025352
"Pengen ke bromo tapi bromonya kebakaran, kapan ya bisa bagus lagi",1.70373271985399E+018,2023-09-18 11:28:28+00:00,moon_knite,1.31738489833688E+018,0,1,0,0,https://twitter.com/moon_knite/status/1703732719853998505
"@convomf bayi yang ketuker di salah satu rs di kab.bogor, antam kalah gugat 1,1 ton emas, kebakaran lahan di bromo (pidana, perdata), si kembar pelaku penipuan rihana-rihani (pidana, perdata)",1.70374101661093E+018,2023-09-18 12:01:26+00:00,dumdummilo,9.6525194765246E+017,0,0,0,0,https://twitter.com/dumdummilo/status/1703741016610934964
"destinasi wisata yg mau digas besok knp bermasalah semua yak, kmrn dah mau beli tiket ke bromo buat oktober tp kebakaran trus skrg karimun😵‍💫",1.70375684814556E+018,2023-09-18 13:04:21+00:00,seaxsky__,1.18628053214696E+018,0,1,0,0,https://twitter.com/seaxsky__/status/1703756848145567937
@pandji Kebakaran gunung bromo,1.70375803929432E+018,2023-09-18 13:09:05+00:00,AnakKampungBali,1100317358,0,0,0,0,https://twitter.com/AnakKampungBali/status/1703758039294320795
"@susipudjiastuti Helikopter aja kmrn perlu bbrp jam bahkan bbrp hari buat padamkan kebakaran bromo, ini 5 botol air mineral? Dehidrasi aja gacukup buat 5 botol, ganteng lu ngmng begitu, cocok nih ditenggelamkan sma bu susi kayanya😁",1.70377507904435E+018,2023-09-18 14:16:48+00:00,Alezzz2003_,1.58090375414851E+018,0,0,0,0,https://twitter.com/Alezzz2003_/status/1703775079044350448
kocak banget td di lift baru ketemu orang ngobrol baru tau kalo ada yg prewed di bromo trus bikin kebakaran wkwkwk  info telat masehh,1.70378083780705E+018,2023-09-18 14:39:41+00:00,kakigatal_,1076291503,0,0,0,0,https://twitter.com/kakigatal_/status/1703780837807051173
"Komika Bintang Emon memberikan sindiran pedas terkait insiden kebakaran di Gunung Bromo. Tersangka kebakaran justru menuntut pengelola, membuat Bintang Emon geram. Kritikan tajam yang dilayangkan Bintang Emon membuat netizen ngakak. #BintangEmon #GunungBromo #SindiranPedas",1.70378297426384E+018,2023-09-18 14:48:10+00:00,__ismailsumarna,1.6797599048932E+018,0,0,0,0,https://twitter.com/__ismailsumarna/status/1703782974263840961
"@detikcom Angin nya membantah. Dituduh penyebab kebakaran di Bromo. Pengacara nya, asal ngoceh.",1.70378848741216E+018,2023-09-18 15:10:04+00:00,Dank89375697,1.59725389831799E+018,0,0,0,2,https://twitter.com/Dank89375697/status/1703788487412163071
"@tanyarlfes Tau kasus kebakaran bromo? Itu gara2 api kecil... hati2 menjaga hati, hindari mudarat yg lebih besar dengan mulai mengurangi komunikasi",1.7038002621112E+018,2023-09-18 15:56:52+00:00,robi_rf13,157440780,0,0,0,1,https://twitter.com/robi_rf13/status/1703800262111207680
@marcengggg bromo kebakaran sel,1.70380038730695E+018,2023-09-18 15:57:22+00:00,19yourfuture,1.25579364361023E+018,0,0,0,0,https://twitter.com/19yourfuture/status/1703800387306959265
@pikaaakip efek asap kebakaran Bromo,1.70381220577775E+018,2023-09-18 16:44:19+00:00,acknowledgome,1.23935755990498E+018,0,0,0,0,https://twitter.com/acknowledgome/status/1703812205777752246
@kooliskin Nie orang keknya sodaraan sama penganting dan pengacara krn salahin angin krn bikin bromo kebakaran. Mungkin klo otak lu dijual bakal mahal krn jarang dipake,1.70383293568905E+018,2023-09-18 18:06:42+00:00,marselasis,1.40575534867843E+018,0,0,0,0,https://twitter.com/marselasis/status/1703832935689056429
@AXELDYOR @sosmedkeras Apakah kebakaran di Bromo juga demikian ?,1.70392079580915E+018,2023-09-18 23:55:49+00:00,gendon8150,1.68383024371768E+018,0,1,0,0,https://twitter.com/gendon8150/status/1703920795809153221
"😂😂😂 aneh aja ga sih yu klarifikasi ama Jokowi? Urusan gampang jgn kasih ke Jokowi. 😅Tanggapan Jokowi soal masalah  Rempang aja “Masa harus sampe ke Presiden”, masalah bromo kebakaran dia bilang: “yah padamkan”, lah ini yu malah verifikasi issue liar soal Capres menampar…",1.70392957966315E+018,2023-09-19 00:30:43+00:00,CVNKJL,1.30359130029008E+018,0,0,0,0,https://twitter.com/CVNKJL/status/1703929579663155264
Kejadian kebakaran di Gunung Bromo sangat menyedihkan. Semoga pihak berwenang segera mengambil tindakan yang tepat untuk memadamkan api dan mencegah hal serupa terjadi di masa depan. Mari kita jaga keindahan alam Indonesia dengan bijak. 🌿 #GunungBromo #KebakaranHutan,1.70399506937069E+018,2023-09-19 04:50:57+00:00,firhanashari150,1.67678803408231E+018,0,0,0,0,https://twitter.com/firhanashari150/status/1703995069370699821
@AXELDYOR @sosmedkeras Klo bromo 😂 dan kalo TPA yg akhir2 ini sering kebakaran... Trus gedung kejaksaan? Banyak barbuk nganu 🙈 Yg terbaru gedung museum nasional 🙈 Banyak barang berharga pula 🙈,1.70401448100802E+018,2023-09-19 06:08:05+00:00,aken_zank,8.48606650202177E+017,0,0,0,0,https://twitter.com/aken_zank/status/1704014481008025768
"Kebakaran di Bromo kelalaian siapakah, padahal semua sudah diatur, dari retribusi masuk, sewa mobil dll, para pengawas lapangan apakah tidak ada ?, kalau tidak ada dikemudian hari agar tidak terulang lagi harus ada pengawas lapangan",1.70401522909145E+018,2023-09-19 06:11:04+00:00,Tualen7,1.47543046163564E+018,0,0,0,0,https://twitter.com/Tualen7/status/1704015229091455066
@CNNIDdaily Silahkan digunakan saja cuitan yang berhubungan sama kebakaran bromo dan dibukanya kembali jika emang diperlukan,1.70402401543277E+018,2023-09-19 06:45:59+00:00,sampingalfamart,1.64609774733296E+018,0,0,0,1,https://twitter.com/sampingalfamart/status/1704024015432773994
Viral kasus kebakaran di Gunung Bromo yang menghanguskan 500 ha lahan kawasan wisata tersebut. Diduga kebakaran dipicu oleh “flare” yang dinyalakan oleh kedua calon pengantin sebagai properti foto prewedding mereka.,1.70402724007661E+018,2023-09-19 06:58:47+00:00,HukumOnline,125297822,0,1,0,0,https://twitter.com/HukumOnline/status/1704027240076612003
@LeilaLylie Lah skrg kan serba terbalik. Yg kasus kebakaran Bromo aja malah tuntut balik. Aneh emang🤭,1.70407498817177E+018,2023-09-19 10:08:32+00:00,AiraNtieReal,1.42800267381548E+018,0,0,0,1,https://twitter.com/AiraNtieReal/status/1704074988171772244
"pengen ke bromo lagi, masih sakit hati karena kebakaran:(",1.7040975503983E+018,2023-09-19 11:38:11+00:00,astrophiler_,1339319390,0,0,0,0,https://twitter.com/astrophiler_/status/1704097550398308688
"Sebagai perbandingan, Faktor emisi dr sebuah PLTU adalah 1.033 tCO2/MWh. Jd, kalo dikonversi total emisi CO2e dr kasus kebakaran sabana Bromo tsb hampir sama dengan emisi CO2e sebuah PLTU dengan kapasitas pembangkitan lebih dari 30 Megawatt 😱",1.70416383610493E+018,2023-09-19 16:01:35+00:00,SyaqofulyMuth,620916751,0,1,0,0,https://twitter.com/SyaqofulyMuth/status/1704163836104937962
"@tanyakanrl The Gods Must Be Crazy, wkwkwk pas Bromo kebakaran kemarin jd inget film ini, ada salah satu scene dimana si bapak aktor ini memadamkan api yg merembet di rumput dengan cara memotong jalur api pakai api jg wkwk Keren...",1.70417471882227E+018,2023-09-19 16:44:49+00:00,SigitGunawanz,1655251244,0,0,0,1,https://twitter.com/SigitGunawanz/status/1704174718822273295
@recehtapisayng Lu diem kata gua gausa pembelaan apapun lagi kalo lo punya otak lo gaakan kepikiran bawa flare ke bromo yg notabene  rentan kebakaran anjir dan lo bukan anak tk yg hrus didikte dan diawasi 😭,1.70423563865517E+018,2023-09-19 20:46:54+00:00,dvnty6,1.33590502281555E+018,0,0,0,6,https://twitter.com/dvnty6/status/1704235638655177064
"Kawasan Wisata Bromo kembali dibuka pasca kebakaran Bukit Teletubbies, menurut ane bakalan makin rame sih krn penasaran pengen liat, tp ya gitu Hypenya cuman sebentar paling sebulanan Sedangkan restorasinya butuh waktu 3-5 tahun",1.70428593169462E+018,2023-09-20 00:06:44+00:00,U_Dayn,113858133,0,0,0,0,https://twitter.com/U_Dayn/status/1704285931694620689
"@ErikSus73158707 @RyanJonathan135 @kegblgnunfaedh Sama kyak pihak bromo bg. Salah mereka, knp bisa penganten maen flare. Jadi kebakaran kn. Tolol emg pihak bromo :v",1.70429387691857E+018,2023-09-20 00:38:19+00:00,mhdnaufalhrtg,1.14923087694271E+018,0,0,0,0,https://twitter.com/mhdnaufalhrtg/status/1704293876918579696
@recehtapisayng Banyak yg prewed di bromo tapi gaada kebakaran juga,1.70429452699793E+018,2023-09-20 00:40:54+00:00,dewisarahhhh,1.02259655761333E+018,0,0,0,0,https://twitter.com/dewisarahhhh/status/1704294526997938447
"Setelah ditutup sementara akibat kebakaran yang terjadi, wisata bromo akan kembali dibuka pada 19 September. Semoga, nggak ada kejadian mengenaskan lagi, ya! 😢 #MorningVoice",1.70430760288329E+018,2023-09-20 01:32:51+00:00,BVOICE_RADIO,74664107,0,0,0,0,https://twitter.com/BVOICE_RADIO/status/1704307602883293676
@crazyclipsonly Heiiii kamu.. mau bikin kebakaran bromo lagi?,1.70430960144393E+018,2023-09-20 01:40:48+00:00,CristNugroho,1.14743594972847E+018,0,0,0,0,https://twitter.com/CristNugroho/status/1704309601443930609
@CallMeNielz @tanyarlfes Walau kadang sepele tapi mereka yang ikut foto itu salah ga sih.. Harusnya mikir dua kali pas udah nyampe bromo.. Apa kepikiran.. Eh kok kering banget ya.. Aman gak ya pake flare. Terus bilang di manager nya gimana kalo gausah pake wo.. Takut kebakaran.. Pasti lah kepikiran kekgt,1.70431675707761E+018,2023-09-20 02:09:14+00:00,ElaNecha19004,1.68742309003121E+018,0,1,0,0,https://twitter.com/ElaNecha19004/status/1704316757077619052
"Saya sebagai pegiat alam masih gak terima Bromo kebakaran, apalagi kebakarannya konyol",1.704317719813E+018,2023-09-20 02:13:03+00:00,dedydjun,969608557,0,0,0,0,https://twitter.com/dedydjun/status/1704317719813009531
"@recehtapisayng Meuni kekeuh mau gugat Bromo. Padahal kalau dia minta maaf tulus, terus berusah membantu petugas untuk bertanggung jawab atas kebakaran, pasti netizen paham bahwa mereka udah merasa bersalah banget. Ini malah nuntut balik, yang ada netizen makin geram.",1.7043311196411E+018,2023-09-20 03:06:18+00:00,mamakelinci,1.01501785868894E+018,0,0,0,0,https://twitter.com/mamakelinci/status/1704331119641104747
"itu yang bikin bromo kebakaran, tinggal ngakuin kesalahan jalanin sanksi aja susah amat heran aku huft",1.7043337146529E+018,2023-09-20 03:16:37+00:00,girafferrrrrr,8.50219561316081E+017,0,0,0,0,https://twitter.com/girafferrrrrr/status/1704333714652901378
"@recehtapisayng selama gw di Bromo gaada pengecekan, juga pas gw ngerokok di sono ga bikin Bromo kebakaran intinya nalar sih mana yang bener mana yang salah kita kira pake flare di Savana pas kemarau itu bener gak",1.70433483494722E+018,2023-09-20 03:21:04+00:00,callmebyurdad,1.47030946460338E+018,0,0,0,0,https://twitter.com/callmebyurdad/status/1704334834947223749
Bromo pake kebakaran segala lagi elah,1.70434569352639E+018,2023-09-20 04:04:13+00:00,bintang1__,56311433,0,0,0,0,https://twitter.com/bintang1__/status/1704345693526397201
@NgurahArjun harusne calon pengantin ne ngae kebakaran bromo to kene konsepne,1.70435830923359E+018,2023-09-20 04:54:21+00:00,EkaBytedream,92201395,0,1,0,0,https://twitter.com/EkaBytedream/status/1704358309233594506
"@xrsyfa @ourtodive @convomf psngn straight byk bawa bencana jg tp gd yg pernah salahin, kmrn yg bromo apa ada yg mention orientasi sexual pelaku? bencana pdhl. baby gender reveal pake asep sampe kebakaran gd yg salahin kelamin pasanganny. Tp kalo lgbt mau apapun beritanya yg diliat cmn kelamin mereka",1.70441121767743E+018,2023-09-20 08:24:35+00:00,delunathicc,1.64596453771852E+018,0,0,0,0,https://twitter.com/delunathicc/status/1704411217677439007
"@recehtapisayng Kalian ini dah bikin netizen geram dgn bikin kebakaran gara2 prawed, hrs nya hbis mnta maaf y udah, DIEM! Malah ngeluarin statment yg bikin netizen tambah ngamuk. Lu didoain yg jelek2 ama semua masyarakat Bromo baru tau..",1.70443630094499E+018,2023-09-20 10:04:15+00:00,kurumiyashuya,1.45722696077439E+018,0,0,0,0,https://twitter.com/kurumiyashuya/status/1704436300944994795
"@recehtapisayng Ini manusia² bakar bromo annoying sekali ya permisah,, kenapa sih susah banget ngaku salah dan minta maaf,, yg udah jelas tuh bromo nya udah kebakaran gede, emang di hati ga ad rasa nyesel gitu,, minta banget di doain jelek se Indonesia raya",1.7044602427913E+018,2023-09-20 11:39:23+00:00,emeronLovelyUV,1.41080686969464E+018,0,0,0,1,https://twitter.com/emeronLovelyUV/status/1704460242791301503
bromo kebakaran aja aku nangis malem” ☹️,1.70446876720248E+018,2023-09-20 12:13:16+00:00,ilzies,1.52943262344492E+018,0,0,0,0,https://twitter.com/ilzies/status/1704468767202488491
"@recehtapisayng Oke, katakanlah emang pernyataannya bener, tp kn pihak pengamanan Bromo dh tanggung jawab dgn memadamkan api sekuat tenaga, GK kayak elu yg bisanya bacot doang,, 🙂🙂 Upsss.. sama bantu siram pake AIR MINERAL 5 BOTOL,, 🫣🫣  Kebakaran lahan madamin pake air botol,,",1.70449087199379E+018,2023-09-20 13:41:06+00:00,jen23_luv,1.5645357417696E+018,0,0,0,0,https://twitter.com/jen23_luv/status/1704490871993798867
"Selamat datang di Indonesia dengan segala denialnya  Kebakaran di Bromo, pengelola Bromo yang disalahkan karena dianggap lalai dan tidak mengawasi  Tragedi Kanjuruhan, angin yang dianggap bersalah""  Dan sekarang, tembok masjid yang disalahkan karena tidak pakai pondasi  👏👏""",1.70449717193909E+018,2023-09-20 14:06:08+00:00,anugroho0211,104812937,0,0,1,0,https://twitter.com/anugroho0211/status/1704497171939098945
@benmizrachix @mazzini_gsp Ente mirip banget pengacara pembakar Bromo kemarin bray. Kebakaran kemaren yang disalahin justru semak/ilalang dan angin - sekarang yang ente salahin temboknya. Boleh bahlul tapi jangan sampe idiot lah... 😋,1.70450841259839E+018,2023-09-20 14:50:48+00:00,PemerhatiJkt,4487100205,0,0,0,0,https://twitter.com/PemerhatiJkt/status/1704508412598391256
"@crazyclipsonly Oknum prewed ngebakar Bromo yg ga mau minta maaf harusnya pake ide ini. Bakar diri sendiri, biar tau rasanya kebakaran :(",1.70451095896026E+018,2023-09-20 15:00:55+00:00,tsakhi_,1.33288283611888E+018,0,0,0,0,https://twitter.com/tsakhi_/status/1704510958960263678
"@detikcom Atuh pak, anak tk aja tahu main api menyebabkan kebakaran, atuh ini mah di cari celah pembenaran, seolah-olah yg salah petugas bromo, hadeuh",1.70468756181235E+018,2023-09-21 02:42:40+00:00,Deni24125271,1.08518715453431E+018,0,0,0,0,https://twitter.com/Deni24125271/status/1704687561812353110
Semoga yg prewed di bromo sampe kebakaran kemarin awet sampe maut memisahkan. yakali udah bakar seluas itu nggak awet,1.70474168796752E+018,2023-09-21 06:17:45+00:00,CFajarR95,1.01159231055402E+018,0,0,0,0,https://twitter.com/CFajarR95/status/1704741687967526951
"@KontinuBesfren Kebakaran di bromo , eh udah padam blm y?",1.70475979452207E+018,2023-09-21 07:29:42+00:00,chocoocake16,714233064,0,0,0,0,https://twitter.com/chocoocake16/status/1704759794522075608
"KawanWH, pada Rabu (6/9) lalu, pasangan calon pengantin mengadakan foto pre-wedding mereka di lahan hutan Gunung Bromo 💍🔥. Alhasil, kebakaran besar terjadi di savana area Bukit Teletubbies Kawasan Gunung Bromo, Jawa Timur.",1.70478260664108E+018,2023-09-21 09:00:21+00:00,kawanWH,354943521,0,1,0,0,https://twitter.com/kawanWH/status/1704782606641082598
"Menurutnya, Indonesia memang sedang di fase musim kemarau yang diperburuk dengan menguatnya fenomena El Nino. Namun, penyebab kebakaran sesungguhnya adalah manusia. Ia merujuk pada kebakaran di sebagian hutan Gunung Bromo pekan lalu akibat suar (flare) saat foto pre-wedding. [2]",1.70478680154898E+018,2023-09-21 09:17:01+00:00,voaindonesia,75077164,0,1,0,0,https://twitter.com/voaindonesia/status/1704786801548988540
"Ia bilang evaluasi dan kajian ini penting agar bencana seperti yang terjadi di Gunung Bromo tidak terulang lagi. Sandiaga menyayangkan kebakaran yang terjadi di kawasan Gunung Bromo, karena dampaknya sangat memukul komunitas pariwisata. [4]",1.70478682796055E+018,2023-09-21 09:17:07+00:00,voaindonesia,75077164,0,1,0,0,https://twitter.com/voaindonesia/status/1704786827960553777
"@IndonesiaKaya Aku sangat ingin ke Gunung Bromo karena aku mau nanamin kembali pohon-pohon di sana, menghijaukan kembali bukit teletubbies dan mengembalikan lagi pesona keindahannya setelah tragedi aksidental kebakaran flare kemarin, love and safe Gunung Bromo 🫶 @uyo_sw @iprohas @OxWin17_",1.70478683345514E+018,2023-09-21 09:17:09+00:00,Sairan355629,1.64850104512192E+018,0,0,0,0,https://twitter.com/Sairan355629/status/1704786833455141173
"Total denda bagi pelaku sekitar Rp1,5 milyar itu pun tidak tidak bisa menutupi kerugian kebakaran 50 hektar yang di Bromo. Belum lagi mengembalikan fungsi kawasan yang rusak akibat terbakar. Biaya sangat mahal,"" kata Sandi. [5]""",1.70478684100903E+018,2023-09-21 09:17:10+00:00,voaindonesia,75077164,0,1,0,1,https://twitter.com/voaindonesia/status/1704786841009033413
@puszPyt4n1h Thanks ka! H-3 sebelum Bromo kebakaran tuh videonya hehe.  Template kamu juga keren ka!,1.70481733768443E+018,2023-09-21 11:18:21+00:00,gempitakkkk,1.59151567117888E+018,0,0,0,0,https://twitter.com/gempitakkkk/status/1704817337684435141
pemadam kebakaran untuk memadamkan api. Semoga mereka mendapatkan hikmah dari kejadian ini dan tidak mengulangi kesalahan serupa. #IslamTidakButuhPrewedding #Bromo #Kebakaran,1.70507788290795E+018,2023-09-22 04:33:40+00:00,SriWula13,1.67866621348717E+018,0,0,0,0,https://twitter.com/SriWula13/status/1705077882907959705
"kerugian), kata Kepala Balai Taman Nasional Bromo Tengger Semeru (TNBTS), John Kenedie, dilansir dari Antara. Diharapkan kebakaran ini segera dapat dipadamkan dan tidak menimbulkan kerusakan lebih lanjut. #SaveGunungBromo #StopKebakaranHutan""",1.7051059078884E+018,2023-09-22 06:25:02+00:00,divaseptianii,1.69064068975809E+018,0,0,0,0,https://twitter.com/divaseptianii/status/1705105907888402753
"Bahkan, kabarnya kebakaran di bromo masih belum padam dan pusaran api masih muncul beberapa hari setelahnya, lho Dongan BK. Parah kali, ya kan! Nah, Dongan BK sebagai warga Negara Indonesia yang baik dan cinta lingkungan, sebaiknya kelen pertimbangkan hal-hal berikut ini dulu ya",1.70510670664736E+018,2023-09-22 06:28:12+00:00,batakkerencom,1.65257686473993E+018,0,1,0,0,https://twitter.com/batakkerencom/status/1705106706647364056
destinasi wisata yang populer di Indonesia. Semoga kebakaran ini tidak terulang lagi dan Gunung Bromo bisa kembali ramai dikunjungi oleh wisatawan. #GunungBromo #WisataIndonesia,1.70513293226292E+018,2023-09-22 08:12:25+00:00,lina_ptr0,1.6856775673687E+018,0,0,0,0,https://twitter.com/lina_ptr0/status/1705132932262920287
gua lagi ngomel ngomel masalah yang bromo kebakaran. tiba tiba ibu gua nanya “ngapain?” terus gua jawab “lagi emosi tuh” eh tau nya dijawab “kalo emosi jangan dibawa kesini” kek wahhh ketawa gua 😅😅 okelah kalo gitu mau nya,1.70518528240295E+018,2023-09-22 11:40:26+00:00,ttoubeIi,1.5378323255133E+018,0,0,0,0,https://twitter.com/ttoubeIi/status/1705185282402951230
"td gunung karang para kebakaran bjir, ak LG di nanggerang sumpah depan ak kebakaran hutan gunung nyh byk bgt ak vidioin lngsung inget Bromo😪😪😪",1.70520813189319E+018,2023-09-22 13:11:14+00:00,akamsiyh,1.2485467538061E+018,0,0,0,0,https://twitter.com/akamsiyh/status/1705208131893198879
Kapan hari Ten bilang pingin ke bromo. Giliran ke sini lagi bromo abis kebakaran. Mending ke Labuan bajo dulu aja. Ajak djj atau ilichil sekalian nggak lupa father mother.,1.70538952405311E+018,2023-09-23 01:12:01+00:00,Auliaryeo,1.36924800002382E+018,0,0,0,0,https://twitter.com/Auliaryeo/status/1705389524053115079
@FaktaSepakbola Golnya di bantu asap kebakaran bromo 😂😂,1.70542289591953E+018,2023-09-23 03:24:38+00:00,lionel_faboo,1.60781221354867E+018,0,0,0,0,https://twitter.com/lionel_faboo/status/1705422895919530381
@RIIZEfess Ke bromo juga bromonya abis kebakaran jadi panas juga 😭😭,1.70547137325737E+018,2023-09-23 06:37:16+00:00,aplantifulsoul,1.21634098055663E+018,0,0,0,0,https://twitter.com/aplantifulsoul/status/1705471373257371789
Seperti biasa jadwal iseng podcast sebulan sekali akan meluncur hari ini.. mau bahas berita yang udah lama viral tapi masih Layak untuk dibahaas.. #Gunungbromo #bromo #kebakaranBromo #PrewedingBromo,1.70548218399629E+018,2023-09-23 07:20:13+00:00,HadramiSupra,938072216,0,1,0,0,https://twitter.com/HadramiSupra/status/1705482183996297483
@jookosusiloo @charismanda Sesi foto untuk avatar dilaksanakan di bromo. Konsepnya pake background bromo kebakaran.,1.70551689493626E+018,2023-09-23 09:38:09+00:00,musasyihab,344622950,0,1,0,0,https://twitter.com/musasyihab/status/1705516894936264919
@kegblgnunfaedh Kalau sampe lepas dari jerat hukum kita doakan saja rumah tangga mereka terbakar seperti Bromo yang kebakaran karena ulah mereka !,1.70571352218392E+018,2023-09-23 22:39:28+00:00,SarPin384221666,1.65375782126629E+018,0,0,0,0,https://twitter.com/SarPin384221666/status/1705713522183925938
"gue inget bgt wkt persiapan my speech gue sampe bnr” baca brita ttg kebakaran bromo lah museum lah ini itu semua, TAUNYA TOPIKNYA TTG GAME😭☝🏻",1.70573441673006E+018,2023-09-24 00:02:30+00:00,istjgarden,1.67145176746337E+018,0,2,0,1,https://twitter.com/istjgarden/status/1705734416730062883
"@Irwan2yah1 Kabut cuaca dingin donk, di Jawa hutannya sdh minim, jd nda ada kebakaran hutan, kecuali kemarin pengantin koplax yg bakar G Bromo... 😄",1.70578652252254E+018,2023-09-24 03:29:33+00:00,baworRockNRoll,1.50628865524121E+018,0,1,0,1,https://twitter.com/baworRockNRoll/status/1705786522522542185
eh tapi bromo abis kebakaran ding,1.70589590473223E+018,2023-09-24 10:44:12+00:00,paint10naked,1.07573851408645E+018,0,0,0,0,https://twitter.com/paint10naked/status/1705895904732237876
"Jgn dulu ten, bromo nya baru kebakaran😭🙏",1.70590795605385E+018,2023-09-24 11:32:05+00:00,jenoleecaptain,1.09321769081719E+018,0,0,0,0,https://twitter.com/jenoleecaptain/status/1705907956053852406
Bromo abis kebakaran bang 😭😭,1.70591203341652E+018,2023-09-24 11:48:17+00:00,japchayee,1.16085114800308E+018,0,0,0,0,https://twitter.com/japchayee/status/1705912033416527943
@cctvidiots Jangan sampek ada yang bikin kayak gini lagi di bromo Indonesia. Nanti kebakaran lagi,1.70593229879606E+018,2023-09-24 13:08:49+00:00,sebutsajacakto,2574383694,0,0,0,0,https://twitter.com/sebutsajacakto/status/1705932298796064920
"Harusnya pasangan capeng yg di Bromo, prewed-nya kayak gini. Lebih seru. Kalo kebakaran gak cuma sabananya aja, tapi sekalian orangnya. 🤦🙈😵‍💫",1.70595581690037E+018,2023-09-24 14:42:16+00:00,rizieqdivist,453931027,0,0,0,1,https://twitter.com/rizieqdivist/status/1705955816900378839
@kanatiara96 klo naik pesawat gue pernah. makanya ksni lu naik pesawat gue ajak ke bromo liat kebakaran 😂),1.70597206919077E+018,2023-09-24 15:46:51+00:00,khb131x,2743206944,0,1,0,0,https://twitter.com/khb131x/status/1705972069190774929
@flowerykaori aku mau ke bromo bulan depan eh udh kebakaran dluan☹️,1.70603630209599E+018,2023-09-24 20:02:05+00:00,_tiaraasn,629354062,0,1,0,0,https://twitter.com/_tiaraasn/status/1706036302095994955
@yundaaaaaaa Bromo lagi jelek habis kebakaran,1.70611681128314E+018,2023-09-25 01:22:00+00:00,Iqbal10302450,1.18124260291961E+018,0,0,0,0,https://twitter.com/Iqbal10302450/status/1706116811283149284
"baru ini menyambangi kawasan wisata Gunung Semeru bersama sang buah hati tercinta, Moana. Sempat ditutup beberapa waktu karena insiden di kawasan Taman Nasional Bromo Tengger Semeru (TNBTS), masih terlihat sisa-sisa kebakaran hebat yang kini sudah",1.70614884609783E+018,2023-09-25 03:29:18+00:00,amrizalpiliang_,1.69136272798034E+018,0,0,0,0,https://twitter.com/amrizalpiliang_/status/1706148846097834140
"Berikut ini topik Buletin bulan September : • Kebijakan Baru Kemendikbudristek: “Tidak Wajib Mengerjakan Skripsi”  Bagaimana Dengan UNSADA? • Kebakaran di Gunung Bromo, Siapa yang Patut disalahkan? • Beasiswa di UNSADA Mendukung Semangat Belajar Mahasiswa, Apakah Benar?",1.70615574738468E+018,2023-09-25 03:56:43+00:00,SwaraUnsada,245880165,0,1,0,0,https://twitter.com/SwaraUnsada/status/1706155747384689030
@cctvidiots Owh jadi yang di bromo tuh gini makanya kebakaran kwkw,1.70617075305673E+018,2023-09-25 04:56:21+00:00,azizlutfi50,1707170874,0,0,0,0,https://twitter.com/azizlutfi50/status/1706170753056731482
"@cctvidiots Coba kalo yg di Bromo kemaren konsepnya kaya gini, pasti gk bakal kebakaran tuh. wkwk",1.70617822460952E+018,2023-09-25 05:26:02+00:00,mnsrfe,1972364984,0,0,0,0,https://twitter.com/mnsrfe/status/1706178224609521994
"Baru ini aku dan Moana mengunjungi Gunung Bromo, tempat wisata yang luar biasa! Meski sempat ditutup karena kebakaran, sekarang udah aman banget. Cek foto-fotonya yuk, keren abis! #GunungBromo #WisataIndonesia",1.70619000475686E+018,2023-09-25 06:12:51+00:00,aguspramno,1.69060664254573E+018,0,0,0,0,https://twitter.com/aguspramno/status/1706190004756865354
bromo kebakaran bang😭,1.7062082458101E+018,2023-09-25 07:25:20+00:00,unifhtn,1.49286244425519E+018,0,0,0,0,https://twitter.com/unifhtn/status/1706208245810106396
Harusnya ini Hukuman untuk pengantin yang foto pre wedding di bromo sampai mengakibatkan kebakaran hebat,1.70623522194602E+018,2023-09-25 09:12:31+00:00,DhanLainLain,1.23541467344222E+018,0,0,0,0,https://twitter.com/DhanLainLain/status/1706235221946024133
"Jadi yg kmaren prewed sampe bromo kebakaran, jadi nikah apa enggak?",1.70624395679805E+018,2023-09-25 09:47:14+00:00,gvcay,735457862,0,1,0,1,https://twitter.com/gvcay/status/1706243956798058599
"bromo kebakaran, baluran kebakaran, bagaimana ini 😭",1.70625809267213E+018,2023-09-25 10:43:24+00:00,barbaramillic,540546643,0,0,0,0,https://twitter.com/barbaramillic/status/1706258092672139691
Jokes penyebab kebakaran di gunung bromo kemarin,1.70635011831907E+018,2023-09-25 16:49:05+00:00,Jealus5,1.18867541900161E+018,0,1,0,0,https://twitter.com/Jealus5/status/1706350118319079504
"MAHAL! PELAJARAN KEBAKARAN BROMO   Balai Besar Taman Nasional Bromo Tengger Semeru (BB TNBTS) menghitung dampak kerugian akibat kebakaran di savana Bromo sebesar Rp 5,4 miliar.   Kerugian yang dihitung mulai 6 September 2023 sampai 10 September 2023.  Diketahui, kebakaran kawasan…",1.7064809737546E+018,2023-09-26 01:29:03+00:00,rosidindotcom,1.60751972330622E+018,0,0,0,0,https://twitter.com/rosidindotcom/status/1706480973754605808
"@1antheloat Dkt bromo tak sgt, sbb baru lepas kebakaran. So berhabuk hehe tp view masih cantik!!",1.70649832476819E+018,2023-09-26 02:38:00+00:00,AsamKauMasam,1.59251680398059E+018,0,1,0,0,https://twitter.com/AsamKauMasam/status/1706498324768194948
"@remotivi Beberapa waktu lalu ada kebakaran di Canada, Hawaii, dan Bromo. Kasus-kasus ini cepat viral, dugaannya karena kerugian di atas permukaan tanah terlihat jelas. Beda dengan kebakaran gambut yang terjadi di bawah tanah, tidak terlihat kerugiannya padahal bahayanya sangat besar.",1.70658440360511E+018,2023-09-26 08:20:03+00:00,pantaugambut,8.42297785449775E+017,0,1,0,0,https://twitter.com/pantaugambut/status/1706584403605114967
"Laporan dari Kemenparekraf, Kebakaran Bromo merugikan negara hampir 90 Milyar (CNN Indonesia).  2 flares paved the way kalo kata anak K-Pop.",1.70660462338845E+018,2023-09-26 09:40:24+00:00,amusyarbini,9.96988576003801E+017,0,0,0,2,https://twitter.com/amusyarbini/status/1706604623388459163
"️️   ️️  Okay para sobat Creadiox yang lagi dengerin siaran kita nih, dari kasus kebakaran di bukit Teletubbies Gunung Bromo akibat flare untuk kebutuhan foto prewedding, menurut Sobat Creadiox, seberapa penting, sih, sesi foto prewedding itu?  ️️   ️️""",1.70664782536549E+018,2023-09-26 12:32:04+00:00,RUPAJELlTA,1.37461900144001E+018,0,1,0,0,https://twitter.com/RUPAJELlTA/status/1706647825365496026
"@memelord_666666 Nice meme 👍.  Mario Dandy × mobil jeep Rubicon × Gunung Bromo × foto prewedding × kebakaran hutan di Bukit Teletubbies, Gunung Bromo.",1.70669332953745E+018,2023-09-26 15:32:53+00:00,DSetyopribadi,7.49294877301616E+017,0,0,0,0,https://twitter.com/DSetyopribadi/status/1706693329537454229
@MassGemss Asep nya berasa flare kebakaran bromo,1.7067109968853E+018,2023-09-26 16:43:05+00:00,Abcdefghijohnp,1.68463080629431E+018,0,1,0,0,https://twitter.com/Abcdefghijohnp/status/1706710996885307466
@sosohohaaaa Ngopo ra menghijaukan bromo wae sing lebar kebakaran,1.70673356955161E+018,2023-09-26 18:12:47+00:00,Sigitsb_,1.14199405913471E+018,0,1,0,0,https://twitter.com/Sigitsb_/status/1706733569551614219
Ada yang kebakaran tp bukan Bromo,1.7068799527241E+018,2023-09-27 03:54:27+00:00,karsarenjana,1.12493978830014E+018,1,1,0,0,https://twitter.com/karsarenjana/status/1706879952724103319
"(Ditreskrimsus) Polda Jawa Timur mengambil alih kasus kebakaran hutan dan lahan (karhutla) kawasan Taman Nasional Bromo Tengger Semeru (TNBTS) seluas 989 hektare. Kasusnya sudah ditarik Polda Jawa Timur pada Jumat (22/9),"" kata""",1.70688946881967E+018,2023-09-27 04:32:16+00:00,AmaliaKartini2,1.67549642246311E+018,0,0,0,0,https://twitter.com/AmaliaKartini2/status/1706889468819673546
"Nia Niscaya selaku Adyatama Kepariwisataan dan Ekonomi Kreatif Ahli Utama menyebutkan dampak kerugian yang dihasilkan oleh kebakaran di Gunung Bromo mencapai Rp89,76 miliar #digoid",1.7069294532666E+018,2023-09-27 07:11:09+00:00,digoindo,1.27210807250101E+018,0,0,0,0,https://twitter.com/digoindo/status/1706929453266604455
Si tiba-tiba kelas hari ini di suruh buat puisi tema nya kebakaran bromo. Si serba tiba-tiba emang,1.70696220433836E+018,2023-09-27 09:21:17+00:00,pinkyybboys,1.35729488456719E+018,0,0,0,1,https://twitter.com/pinkyybboys/status/1706962204338360727
@ruth8823 @tyongkyuu Kakak kakak... btw tahun depan kalau ada waktu ayo ke bromo yuk! Tbtb keinget hahaha. Tahun depan dah selesai paling penghijauan yg bekas kebakaran,1.70701422980987E+018,2023-09-27 12:48:01+00:00,Depruttt,206541033,0,1,0,0,https://twitter.com/Depruttt/status/1707014229809873365
"Sekarang KLHK berencana bangun New Bromo jadi Destinasi Wisata Kelas Atas, See! Problem, Reaksi dan Solusi dari kebakaran atau dibakar lebih tepatnya sepertinya diskenariokan demi proyek itu.",1.70709697719932E+018,2023-09-27 18:16:50+00:00,_Banyoe,80366659,0,10,59,97,https://twitter.com/_Banyoe/status/1707096977199321328
"Di Indonesia prewedding bikin flare kebakaran di Bromo, di Irak kembang api bikin lebih dari 100 nyawa melayang. #prayforhamdaniya",1.70710823862451E+018,2023-09-27 19:01:35+00:00,wargatwitland,473609600,0,0,0,1,https://twitter.com/wargatwitland/status/1707108238624518439
"@pisiaprisya94 Mending jemplungin ke bromo yg kmren lagi kebakaran yaaa piss, biar gosong sekalian noh ini org 🤣",1.70722187436168E+018,2023-09-28 02:33:08+00:00,anakbapaklukito,80320409,0,1,0,0,https://twitter.com/anakbapaklukito/status/1707221874361688493
@nvtawbw @tyongkyuu @ruth8823 Nah ini entah 🥹 bromo kmrn item banget habis kebakaran yg area penanjakan. Hijaunya brp lama kira² blm tau,1.70722933602856E+018,2023-09-28 03:02:47+00:00,Depruttt,206541033,0,1,0,0,https://twitter.com/Depruttt/status/1707229336028565721
@strawbryz @yteeam kalau bromo sampe kebakaran bakalan digebukin sama mario dandy and friend,1.70723523759459E+018,2023-09-28 03:26:14+00:00,myrezandy,845573694,0,0,0,0,https://twitter.com/myrezandy/status/1707235237594599878
@gilbhas Kalau gitu yang kemarin bikin kebakaran bakal jadi duta wisata New Bromo gak?,1.70730115953769E+018,2023-09-28 07:48:11+00:00,VIPNetizen,1.1318479810603E+018,0,0,0,0,https://twitter.com/VIPNetizen/status/1707301159537697182
@flyingkecowa @irmennn @memelord_666666 @initiaraandini Apa abis kena kebakaran bromo?,1.70732039374753E+018,2023-09-28 09:04:37+00:00,ajengdstriN,301222869,0,0,0,0,https://twitter.com/ajengdstriN/status/1707320393747534034
"@achance97 @tanyakanrl iya kan, dari kasus kebakaran bromo, food review, trus bullying, blum juga akhir udah ada kasus penipuan bgini 😭🙏🏻",1.70740249495384E+018,2023-09-28 14:30:51+00:00,mawacik9,285551587,0,1,0,0,https://twitter.com/mawacik9/status/1707402494953840722
@thekangqueror Sayang sdh tutup ya bromo gara2 kebakaran itu,1.70742884934734E+018,2023-09-28 16:15:34+00:00,hari_baru,233496040,0,0,0,0,https://twitter.com/hari_baru/status/1707428849347346769
"Kok aneh yaa pikiranku, seolah Bromo"" balas apa yang terjadi sehingga sumsel akhir-akhir ini penuh asap karena kebakaran lahan :))) Pemikiran macam apa aku ini :))""",1.7075762480658E+018,2023-09-29 02:01:17+00:00,deaintandis,529386321,0,0,0,0,https://twitter.com/deaintandis/status/1707576248065802332
@aai_mandu @bimaprimidiza @kochengfs Gaslighting sono sampe kebakaran kek bromo wkwkwk. Dikasih tau yg bener malah ngangu ngangu,1.70759391439457E+018,2023-09-29 03:11:29+00:00,kageiyamaa,403891666,0,2,0,0,https://twitter.com/kageiyamaa/status/1707593914394579364
"Adakah jerebu ini dari kebakaran di Bromo kelmarin?   Kalau ye, memang gila. Pre wedding punya hal, berjuta orang affected",1.70770201812995E+018,2023-09-29 10:21:03+00:00,pickyhn,223794454,0,0,1,1,https://twitter.com/pickyhn/status/1707702018129957218
"@tanyakanrl Bromo kebakaran gegara konsep dream wedding, trs ini lagi kembang api didlm ruangan.",1.70773397639446E+018,2023-09-29 12:28:02+00:00,Seokmaecyu,1.20551664084401E+018,0,0,0,0,https://twitter.com/Seokmaecyu/status/1707733976394469504
@skysatur @tanyakanrl Intinya ini dijadikan pelajaran. Momen bahagia nggk selamanya perlu api api. Yg diluar ruangan juga kebakaran kek Bromo kemarin.,1.70773622064901E+018,2023-09-29 12:36:57+00:00,Rosefanse_,1.54281430343445E+018,0,0,5,47,https://twitter.com/Rosefanse_/status/1707736220649017773
@wtnbisland oh jelas GKPAPA BGT KOK cm kebakaran ky bromo ajh,1.70773844467459E+018,2023-09-29 12:45:48+00:00,rashbrryjae,1.51727817551172E+018,0,1,0,0,https://twitter.com/rashbrryjae/status/1707738444674592934
"@ndrosubiyanto @tanyakanrl Jgn kan yg indoor, yg outdoor aja sampe amsyong itu kayak Bromo malah jd kebakaran hutan 😭",1.70774396709649E+018,2023-09-29 13:07:44+00:00,atm0stphere,9.95608107370692E+017,0,3,3,31,https://twitter.com/atm0stphere/status/1707743967096492313
@tanyakanrl kemarin pre wedding pake kembang api savana bromo kebakaran sekarang acara wedding pake kembang api juga 113 nyawa melayang,1.70774434772128E+018,2023-09-29 13:09:15+00:00,RMMangkuboto,1.43446055409821E+018,0,0,0,1,https://twitter.com/RMMangkuboto/status/1707744347721285663
"@tanyakanrl Besok2 kalau nikahan pake acara tema nya air aja biar gak kebakaran, kemarin aja prewedding pake acara ada api nya malah bikin satu gunung Bromo kebakaran",1.70774453138566E+018,2023-09-29 13:09:59+00:00,Ario_Kamandanu,161818415,0,0,0,0,https://twitter.com/Ario_Kamandanu/status/1707744531385667903
"@tanyakanrl Allah mengijinkan apapun, termasuk dream wedding yg harus nya membahagiakan bisa Allah ubah.  Mau outdoor penggunaan api jga salah mau indoor jga Bromo kebakaran...😔",1.70776796852723E+018,2023-09-29 14:43:07+00:00,achmari_h,1.57762547945218E+018,0,0,0,0,https://twitter.com/achmari_h/status/1707767968527237211
"Bromo kebakaran karena flare dan lalu di Irak, Wedding Hall habis terbakar karena atraksi Firework... Keputusan yang bijak Asian Games 2022 pake digital Firework!",1.7077778644632E+018,2023-09-29 15:22:26+00:00,biyarinshih,1.54204200837802E+018,0,0,0,0,https://twitter.com/biyarinshih/status/1707777864463208481
Jadi inget Juli lalu pas ke Bromo (sebelum kebakaran) juga lagi full moon.,1.70778069578203E+018,2023-09-29 15:33:41+00:00,CPragitha,1.32972417053236E+018,0,0,0,0,https://twitter.com/CPragitha/status/1707780695782031697
"patut e bromo kebakaran wingi sing disalahke tetep aku hufft -,",1.70778619645229E+018,2023-09-29 15:55:33+00:00,henstwn_,1.31731815546785E+018,0,0,0,0,https://twitter.com/henstwn_/status/1707786196452298910
Yongalahh kebakaran maneh.??? Wingi bromo saiki lawu 😭😭,1.70779995616432E+018,2023-09-29 16:50:13+00:00,xxby_Rubyy,1.14499865562086E+018,0,0,0,0,https://twitter.com/xxby_Rubyy/status/1707799956164325448
"@AREAJULID Indonesia prewed kebakaran Bromo, Irak nikahan bakar gedung hadeww",1.7078305978155E+018,2023-09-29 18:51:59+00:00,DitAnggreyni,163746231,0,0,0,0,https://twitter.com/DitAnggreyni/status/1707830597815505192
@leyxmun @tanyakanrl Jgnkah di indoor di outdoor kek di bromo aja kebakaran... limbad aja atraksi api kebakran jenggot intinya jgn bermain api lbh baik kita bermain kepantai yu... kita jalan 😂😂,1.70784726225538E+018,2023-09-29 19:58:12+00:00,OrizaSativa09,1.60511337192977E+018,0,0,0,0,https://twitter.com/OrizaSativa09/status/1707847262255386914
@InfoFPMKI ngeri banget dehhh baru kemaren kebakaran gunung bromo,1.7078686415624E+018,2023-09-29 21:23:09+00:00,amelryah97,1.18234124227056E+018,0,0,0,1,https://twitter.com/amelryah97/status/1707868641562403154
"@leyxmun @tanyakanrl Di outdoor aja bisa kebakaran ye kan gaes, apalagi di indoor tuh,, keknya WO nya gatau kabar bromo di sini :(( RIP""",1.70789340917498E+018,2023-09-29 23:01:34+00:00,ZeemonZ120994,8.93419740697206E+017,0,0,0,0,https://twitter.com/ZeemonZ120994/status/1707893409174986932
@tanyakanrl Innalilahi..kmaren heboh pre-wed bikin Bromo kebakaran..skrng ini wedding malah kebakaran..,1.70792090519905E+018,2023-09-30 00:50:50+00:00,grrraargh,480858414,0,0,0,0,https://twitter.com/grrraargh/status/1707920905199055101
@KontenBerfaedah Ini mirip sama yg kemarin kebakaran di Bromo!,1.70795571511633E+018,2023-09-30 03:09:09+00:00,AndrewSinaga9,1.02760965959768E+018,0,0,0,0,https://twitter.com/AndrewSinaga9/status/1707955715116339281
"@opinijelek @tanyakanrl Kmren di bromo itu outdor  bisa kebakaran juga 🤣 Intinya jangan bermain main api,api itu berbahaya 😂",1.70796070757537E+018,2023-09-30 03:28:59+00:00,aken_zank,8.48606650202177E+017,0,0,0,0,https://twitter.com/aken_zank/status/1707960707575378125
"Balai Besar Taman Nasional Bromo Tengger Semeru (TNBTS) menyebut total kerugian kebakaran di Gunung Bromo, Jawa Timur akibat flare prewedding mencapai Rp8,3 miliar.",1.7079835389379E+018,2023-09-30 04:59:43+00:00,univlox,1.42139383114926E+018,0,1,0,1,https://twitter.com/univlox/status/1707983538937905414
@AREAJULID temanya kebakaran bromo,1.70802189487489E+018,2023-09-30 07:32:07+00:00,im_ttak,1.29059843283542E+018,0,0,0,0,https://twitter.com/im_ttak/status/1708021894874898468
"Klo baca ky gini &amp  kebakaran prewed di bromo, jd manajemen venue ternyata kerjanya berat, ya. Mgkn sblmnya kita gak prnh nyangka foto prewed pk flare dg tangan mempelai yg gak bisa hati2. Gak pk logika gt tangannya asik melambai kenain pohon.",1.70805175675482E+018,2023-09-30 09:30:47+00:00,hastarika,158651508,0,1,0,0,https://twitter.com/hastarika/status/1708051756754829638
"@chimmynunna Namjoon kalo tau kasus bromo kebakaran terus yg bakar nuntut balik, gimana ya?",1.70806791906489E+018,2023-09-30 10:35:00+00:00,optimusprank,1.00573821203411E+018,0,1,0,0,https://twitter.com/optimusprank/status/1708067919064899762
@NgakakSoHaard Gapapa lah seenggaknya dia ga bikin bromo kebakaran 🤣,1.70807302922871E+018,2023-09-30 10:55:19+00:00,curut_mati,81336913,0,0,0,0,https://twitter.com/curut_mati/status/1708073029228712089
"@tvindonesiawkwk Dari kejadian kebakaran bromo sama kejadian ini, aku masih gak ngerti kenapa pake unsur api di acara yg berhubungan sama pernikahan. Perasaan api gak bikin makin romantis/makin sakral. Aneh bgt. Yg deket sama unsur api bukannya malah pemakaman ya (misal: kremasi, ngaben)",1.70809937048969E+018,2023-09-30 12:39:59+00:00,hannmuse,1.06557093450382E+018,1,10,34,493,https://twitter.com/hannmuse/status/1708099370489692312
"Gunung lawu yg kebakaran aja abu nya sampe kota lain, apalagi yg di bromo separah apa",1.70810148457828E+018,2023-09-30 12:48:23+00:00,Nolakmakan,1.36020409800022E+018,0,0,0,0,https://twitter.com/Nolakmakan/status/1708101484578287833
"@tvindonesiawkwk 2023 gue pending nikah dulu dah. Kemaren bromo kebakaran, sekarang venue kebakaran. 😭",1.70811463053359E+018,2023-09-30 13:40:37+00:00,gunturr_putra,78645535,0,1,0,0,https://twitter.com/gunturr_putra/status/1708114630533599489
"Ada tamu nginep kok mau bebakaran pake arang tanpa alat, ga baca berita kebakaran di Bromo apa ya. Suka aneh2 bgt si rangorang. Merasa bayar terus suka2 #JanganGitu ya",1.70811711576358E+018,2023-09-30 13:50:30+00:00,thalitoy,80023716,0,0,0,0,https://twitter.com/thalitoy/status/1708117115763581279
"Ada pre-wedding yang ngebakar sebagian Bromo, ada ceremonial wedding yang bikin kebakaran hebat dan menewaskan orang2  Serba sebi wedding ini emang penuh spark and flame ya 🔥  Tapi kesamaannya satu: Buat kejayaan konten",1.7081242995701E+018,2023-09-30 14:19:03+00:00,siomayfork,1.42980947156857E+018,0,0,0,0,https://twitter.com/siomayfork/status/1708124299570102708
@rossawahyu @KontenBerfaedah Belom tentu juga berita bromo kebakaran jadi headline utama di iraq 🤣🤣biasanya berita perihal mancanegara ditayangkan di ujung akhir acara berita selesai,1.70814897625042E+018,2023-09-30 15:57:06+00:00,elekstabilitas,1.28375621901069E+018,0,0,0,1,https://twitter.com/elekstabilitas/status/1708148976250425679
@basaillive Satu perguruan sama WO kebakaran Bromo nih 😬,1.7083217051383E+018,2023-10-01 03:23:28+00:00,omsidji,1.65973319544802E+018,0,1,0,1,https://twitter.com/omsidji/status/1708321705138307546
"@AREAJULID komentarnya sick bgt sihhhh. se gak peduli itukah sama issue kebakaran hutan ini? kemarin masalah bromo aja rame bgt, ni masalah kalimantan dan sumatra dianggap anak tiri kah?",1.70847473512919E+018,2023-10-01 13:31:33+00:00,kopilangit__,1.21949143248803E+018,0,3,2,2,https://twitter.com/kopilangit__/status/1708474735129198846
Udah ngerencanain bulan Desember mao ke bromo eh kebakaran  Udah niat juga kosongin jadwal akhir bulan Oktober ke gn lawu eh kebakaran juga ☹️,1.70855757116094E+018,2023-10-01 19:00:43+00:00,AFajri288,1.14491350825912E+018,0,0,0,0,https://twitter.com/AFajri288/status/1708557571160940545
"Fix lah anjing gw menolak lupa kejadian fotografer goblok di bromo flare kemarin klo tu bromo ga kebakaran gw akhir bulan ini dah motret disana n duitnya buat hilink pas tahun baru lah taik, 6 project gw angus gobloq parah balik modal kega ribet n buang waktu iya taik babik",1.70856884619672E+018,2023-10-01 19:45:31+00:00,furinoriburi,1.10983535041789E+018,0,0,1,1,https://twitter.com/furinoriburi/status/1708568846196728195
Kenapa kebakaran di kalimantan ga seheboh kebakaran bromo?,1.7086418516523E+018,2023-10-02 00:35:37+00:00,virgoajade,1.63915358996387E+018,3,13,21,50,https://twitter.com/virgoajade/status/1708641851652309431
"@Jelajahi_IDN Bromo diwaktu lalu, sebelum ternoda kebakaran akibat prewed",1.70866307936459E+018,2023-10-02 01:59:58+00:00,PowerJateng,1.70104462179797E+018,0,0,1,0,https://twitter.com/PowerJateng/status/1708663079364591667
Lu pikir kebakaran hutan ini lucu?  Kebakaran bromo yg ga seberapa itu aja kalian udah kebakaran jenggot  Centang biru tai kucing,1.70867411516571E+018,2023-10-02 02:43:49+00:00,ntijamet,93490178,0,0,5,16,https://twitter.com/ntijamet/status/1708674115165716515
"coba reaksi netizen sama ketika kebakaran di bromo, yaa.",1.70867452463884E+018,2023-10-02 02:45:26+00:00,Siro_gane,79664694,0,0,2,1,https://twitter.com/Siro_gane/status/1708674524638842923
Akun akun besar ga ada info soal kebakaran bromo lagi nih?,1.70871515887975E+018,2023-10-02 05:26:54+00:00,antstinger049,1.58733911584178E+018,0,0,0,0,https://twitter.com/antstinger049/status/1708715158879756433
"@negativisme Berkaca pada kasus kebakaran bromo, yang salah yg harus lebih galak",1.70875218821716E+018,2023-10-02 07:54:03+00:00,HappyBurisrawa,357475434,0,0,0,0,https://twitter.com/HappyBurisrawa/status/1708752188217167884
"ada apa sih dengan manusia yang dari kemaren berurusan dengan elemen api? 😔  kemaren indo, bromo rusak semua kena flare gara2 yang foto prewed  di iraq ada kebakaran di venue wedding, yang meninggal lebih dari 100 orang",1.70875326491598E+018,2023-10-02 07:58:20+00:00,zceneztealer,1862821273,0,0,0,0,https://twitter.com/zceneztealer/status/1708753264915980511
"Kelakuan penduduk jenis tertentu negara ini memang memalukan, kemaren aja ribut soal polusi Jakarta dan kebakaran gunung Bromo, giliran luar pulau Jawa yang kena malah dibuat lagak guyonan. It's not time to joke",1.70876157478848E+018,2023-10-02 08:31:21+00:00,AnotherChange_,1.48402512033549E+018,0,0,0,0,https://twitter.com/AnotherChange_/status/1708761574788481054
"Tragedi bromo akibat pasangan prewed pake asep2an, di iraq yg kebakaran gedung pas nikahan  pake petasan",1.70876737865242E+018,2023-10-02 08:54:25+00:00,Tah4rt,327384607,0,1,0,0,https://twitter.com/Tah4rt/status/1708767378652422626
@txtdrimedia Jatuh nya kyk kebakaran gunung Bromo kmren.,1.70881853433433E+018,2023-10-02 12:17:41+00:00,Abyyhasby,1.24994951641487E+018,0,0,0,1,https://twitter.com/Abyyhasby/status/1708818534334337291
@kompascom EO-nya sama OONnya dengan EO yang bikin foto dan sebabkan kebakaran di Taman Bromo,1.70886572686885E+018,2023-10-02 15:25:13+00:00,wongpinter2019,1.07855047400808E+018,0,1,0,1,https://twitter.com/wongpinter2019/status/1708865726868856961
@indosupporter Jadi gini mereka cemburu liat bromo kebaran jadi merka bakar stadion biar sama kebakaran gitu,1.70888345549977E+018,2023-10-02 16:35:39+00:00,Rghendiarta126,8.71389065509089E+017,0,0,0,0,https://twitter.com/Rghendiarta126/status/1708883455499772111
"Sbg snake lovers 😍🤩💖🥳. Tp jgn bilang munculnya krn kebakaran Bromo krn pre wedd yg dilakukan orang lg bljr foto trs beri gelar honoris causa fotografer"" pd dirinya.""",1.70896265188654E+018,2023-10-02 21:50:21+00:00,silarakhito,3224001421,0,1,0,1,https://twitter.com/silarakhito/status/1708962651886543024
"Harusnya kebakaran di Bromo karena ulah kebodohan oknum manusia dijadikan pelajaran, koq malah diulang?",1.70908139100533E+018,2023-10-03 05:42:11+00:00,dp_koesmirah,1.13141098113165E+018,0,0,0,1,https://twitter.com/dp_koesmirah/status/1709081391005331806
"Dan kebakaran terjadi di kawasan Bukit Teletubbies, Taman Nasional Bromo Tengger Semeru (TNBTS), Kabupaten Proboinggo.  Penasaran dengan penyebab kebakaran nya?  Yuk swipe infonya pada slide di atas ya...",1.70909216204096E+018,2023-10-03 06:24:59+00:00,himakifmipaunri,7.85421258980601E+017,0,1,0,0,https://twitter.com/himakifmipaunri/status/1709092162040963461
"Setelah kebakaran di Bromo, trus ini kebakaran indoor. Jangan main2 deh sama flare walau “cuma” percikan doang 😭",1.7091697596555E+018,2023-10-03 11:33:20+00:00,Aneet29,464489035,0,0,0,0,https://twitter.com/Aneet29/status/1709169759655506177
"Pas bromo kebakaran satu indonesia pada notice, ini banjarmasin udh urgent bnget pada ga peduli herman deh sma pemerintah 🙂 #ripBJM",1.70917611313271E+018,2023-10-03 11:58:34+00:00,Ghnmfdh,1855290596,0,0,0,0,https://twitter.com/Ghnmfdh/status/1709176113132712209
bantu bikin teks anekdot tentang foto prewedding yang sampe ngebakar bromo itu dongs #preweedbromo #bukitteletubies #bromokebakaran #kebakaran #flarepreweed #Bromo,1.70937464196872E+018,2023-10-04 01:07:27+00:00,nandaaawr,1.48992821123229E+018,0,0,0,0,https://twitter.com/nandaaawr/status/1709374641968722343
"Di Indo, org prewed bawa flare, Bromo kebakaran.  Di Iraq, org nikah nyalain fireworks dlm gedung, gedungnya kebakaran, keluarganya meninggal dunia.  People really need to take fireworks seriously 🥺💔",1.7094328527007E+018,2023-10-04 04:58:46+00:00,suppasissy,2157430202,0,0,0,0,https://twitter.com/suppasissy/status/1709432852700701130
"@ventavtn @vestiazeta Terimakasih sudah menyelamatkan saya dari kebakaran savana bromo, voucj",1.70947606911455E+018,2023-10-04 07:50:30+00:00,PiNkCeLiA420,1.14020709671502E+018,0,1,0,2,https://twitter.com/PiNkCeLiA420/status/1709476069114556573
Secara ngak langsung naikin lagi Nama Bromo setelah kejadian kebakaran kemarin dan tanpa endors👍👍,1.70947784239925E+018,2023-10-04 07:57:32+00:00,MeeeaItss,1.63313740167686E+018,0,0,0,0,https://twitter.com/MeeeaItss/status/1709477842399252976
"@AREAJULID bener banget huhuu!! padahal belum pernah ke bromo udah kebakaran aja!! mana hasil fotonya byuriq lagi, bagusan juga diedit",1.70952265713653E+018,2023-10-04 10:55:37+00:00,love_j1sung,1.67501832897967E+018,0,0,0,0,https://twitter.com/love_j1sung/status/1709522657136533526
@BetawiKorea sek kak bromo bya abis kebakaran,1.70953691444829E+018,2023-10-04 11:52:16+00:00,dearamaranth_,632845476,0,0,0,0,https://twitter.com/dearamaranth_/status/1709536914448290280
"@itsamareguzel Benar sekali mba @itsamareguzel ini TKP di Kalimantan jadinya media TV Nasional Buta Tuli"". Bertolak belakang jika kajadianya di pulau Jawa, msh ingat kebakaran Kawasan Gunung Bromo (prewedding) dan Gunung Lawu. 🤔🙄""",1.70981811606539E+018,2023-10-05 06:29:40+00:00,TanjungSyahril,7.43345634296508E+017,0,0,0,0,https://twitter.com/TanjungSyahril/status/1709818116065399128
panas banget ki opo efek wingi bromo bar kebakaran po iso gel raumom ah panase.,1.70982529972535E+018,2023-10-05 06:58:13+00:00,yteeam,3169309188,0,3,0,2,https://twitter.com/yteeam/status/1709825299725352980
"-rek disini ada yang sudah ke bromo setelah bromo kebakaran kmrin ?   Sender Ada niat akhir bulan mau ke bromo, apa kondisinya udah kondusif ?   Tia",1.70993557750694E+018,2023-10-05 14:16:25+00:00,sbyfess,1.15243717558724E+018,0,2,0,1,https://twitter.com/sbyfess/status/1709935577506943310
"Ampe rame2 selebgram China yg memenuhi tl douyin aku yg promoting bromo ampe harga2nya, gilaknya padahal bromo tuh baru ajha kebakaran tapi mereka ttp berbondong2 ke sana.",1.7101136310092E+018,2023-10-06 02:03:56+00:00,D_Belissima,1.41092645141979E+018,0,0,0,0,https://twitter.com/D_Belissima/status/1710113631009206643
"Misalnya, kebakaran di Gunung Bromo, yang dilakukan orang tak bertanggungjawab, tidak hanya berdampak pada Gunung Bromo itu sendiri, melainkan juga menghasilkan emisi karbon yang mempengaruhi iklim global.",1.71027940840013E+018,2023-10-06 13:02:41+00:00,islamidotco,569265633,0,1,0,0,https://twitter.com/islamidotco/status/1710279408400138735
Kaos heatech Uniqlo lagi promo. Warnanya lucu2 pula. Tapi mau kemana? Orang Sby lagi panas banget pula. 😂 Bromo juga abis kebakaran.,1.71044350148447E+018,2023-10-06 23:54:43+00:00,Shin_Rui04,1.39536757072359E+018,0,1,0,0,https://twitter.com/Shin_Rui04/status/1710443501484478559
"beruntung yang bromo kemarin ada pelakunya. nyatanya setiap kemarau dan terjadi kebakaran pemerintah kelabakan. lagi2 gunung lawu, tak ada pelaku dan semakin meluas.",1.7104485279048E+018,2023-10-07 00:14:42+00:00,Go_Blok_Man,1.18848037558185E+018,0,0,0,0,https://twitter.com/Go_Blok_Man/status/1710448527904801171
@kuldesuckk iya di bromo sebelum kebakaran,1.71046967387847E+018,2023-10-07 01:38:43+00:00,somzeday,8.66716538652418E+017,0,0,0,0,https://twitter.com/somzeday/status/1710469673878474953
"Disaat orang banyak yg batal ke bromo karna abis kebakaran, rombongan ullzang china malah berbondong"" ke bromo. Mana pada cakep aesthetic banget fotonya🥵""",1.71048492568898E+018,2023-10-07 02:39:20+00:00,styleof00,1.43814741259854E+018,0,0,0,0,https://twitter.com/styleof00/status/1710484925688983915
@xvlx17 Kebakaran hutan yg mana dulu nih? Arah mendekati jawa tengah atau mendekati bromo? 👀,1.71053635552746E+018,2023-10-07 06:03:42+00:00,edogawabosen,1.57151088250889E+018,0,0,0,0,https://twitter.com/edogawabosen/status/1710536355527467191
@kantona_er bromo jalur malang udah dibuka kah? terakhir kali kan beritanya ditutup sementara karena kebakaran itu,1.71058176780212E+018,2023-10-07 09:04:09+00:00,kuromigosong,1.60452863190396E+018,0,0,0,2,https://twitter.com/kuromigosong/status/1710581767802122447
@saymanamebitjh Gatau kebakaran di bromo maybe,1.71066920629406E+018,2023-10-07 14:51:36+00:00,diyalxxx,1.52220497863012E+018,0,0,0,2,https://twitter.com/diyalxxx/status/1710669206294069346
Bromo sebelum kebakaran keknya,1.71078878733136E+018,2023-10-07 22:46:46+00:00,seeyounyc,1.54466424561875E+018,0,0,0,0,https://twitter.com/seeyounyc/status/1710788787331362830
@zeiy_woocat weekend panas bgtt ky kebakaran bromo,1.71100906625506E+018,2023-10-08 13:22:05+00:00,rashbrryjae,1.51727817551172E+018,0,1,0,0,https://twitter.com/rashbrryjae/status/1711009066255069499
"@pendakilawas Hikmah kebakaran, nanti ketika hujan turun tanah akan jauh lebih subur. Dan, pasti keindahannya akan berlipat ganda. Nabung gih, sambil nunggu masa pemulihan vegetasi Bromo.",1.71164649179697E+018,2023-10-10 07:34:59+00:00,initialras,3315860462,0,0,0,1,https://twitter.com/initialras/status/1711646491796971926
"dari kebakaran bromo kemaren dan sekarang sudah mulai pulih dan menunjukkan keindahannya lagi. disitu aku belajar bahwa dengan berjalannya waktu, trauma kita akan sembuh seperti sedia kala.",1.71170579359324E+018,2023-10-10 11:30:37+00:00,avenoirsky,1954154257,0,0,0,0,https://twitter.com/avenoirsky/status/1711705793593245821
"Sumpah ni bapak ngapa bikin kesel si, sama kek orang yg bikin bromo kebakaran dah gk tau aturan yg gk tertulis padahal bisa dipikir pake nalar""",1.7117305213893E+018,2023-10-10 13:08:53+00:00,Muhammad_Rizgo,1600984478,0,2,0,0,https://twitter.com/Muhammad_Rizgo/status/1711730521389306159
@sosmedkeras Bromo kebakaran. Yg heboh bukan wargA jawa timur 🤣🤣🤣🤣,1.71176195326441E+018,2023-10-10 15:13:47+00:00,___msmsms,189906970,0,0,0,1,https://twitter.com/___msmsms/status/1711761953264419109
@sosmedkeras alhamdulillah semoga gada prewed konyol lagi yg sebabkan kebakaran bromo,1.71178204670271E+018,2023-10-10 16:33:37+00:00,gudanglifehack,1.57975492960586E+018,0,0,1,30,https://twitter.com/gudanglifehack/status/1711782046702715281
@sosmedkeras Semoga awareness dari semua pihak termasuk masyarakat sekitar Bromo thd hal-hal yg dapat membahayakan lingkungan lebih meningkat semenjak kejadian kebakaran yg lalu...,1.71200793371288E+018,2023-10-11 07:31:13+00:00,TRuzh234,1.53279511722387E+018,0,0,0,0,https://twitter.com/TRuzh234/status/1712007933712888184
@sosmedkeras Hikmah dari kebakaran membuat tanah di bromo menjadi subur tidak kering lagj,1.71204493938598E+018,2023-10-11 09:58:16+00:00,rapbaeee,1.33926239437198E+018,0,0,0,0,https://twitter.com/rapbaeee/status/1712044939385987461
oalaahhh membahas kebakaran bromo konsepnya,1.71228227285303E+018,2023-10-12 01:41:21+00:00,reneismybaee,1.28810064780435E+018,0,0,0,1,https://twitter.com/reneismybaee/status/1712282272853033011
"Ramai di media sosial, Savana Bromo mulai menghijau pasca kebakaran dibuktikan dengan video yang beredar di sosial media,,  #issueoftheweek #radikfm",1.71232477717896E+018,2023-10-12 04:30:14+00:00,radikfm_ums,274500698,0,1,0,0,https://twitter.com/radikfm_ums/status/1712324777178968146
What's up brooooo~  Kek gini ya dek kalau nyapa fans @.jungwon  Jan bikin kebakaran mulu kek di bromo. ☺️,1.71232973531615E+018,2023-10-12 04:49:57+00:00,bukantokooren,7.41216960638156E+017,0,0,0,0,https://twitter.com/bukantokooren/status/1712329735316156889
ya Allah makasih dah kasih aku vpo sprti parija yg bs menjadi air kala gue api gue udh kyk kebakaran bromo,1.71252856181766E+018,2023-10-12 18:00:01+00:00,unstopmaple,1.60361664319567E+018,0,0,0,0,https://twitter.com/unstopmaple/status/1712528561817661918
Simulasi kebakaran bromo,1.71262385977679E+018,2023-10-13 00:18:41+00:00,braselisnaenf,1.29901050302122E+018,0,0,0,0,https://twitter.com/braselisnaenf/status/1712623859776794981
kebakaran bromo versi lite,1.71277113135746E+018,2023-10-13 10:03:54+00:00,yyourbestpart,1.00345964260787E+018,0,0,0,0,https://twitter.com/yyourbestpart/status/1712771131357467023
@pakantono konsepe asap kebakaran bromo,1.71277182031355E+018,2023-10-13 10:06:38+00:00,nggagitusul,2193260004,0,0,0,0,https://twitter.com/nggagitusul/status/1712771820313559473
Ngeliat video ini jadi paham kenapa kebakaran prewed Bromo cepet banget meluasnya,1.71281081791647E+018,2023-10-13 12:41:36+00:00,JVLEHA,181896677,0,0,17,22,https://twitter.com/JVLEHA/status/1712810817916473399
Oh pantes kemarin kebakaran di Bromo bisa cepet nyebar,1.71281570610932E+018,2023-10-13 13:01:01+00:00,_ariskaf,3149065705,0,0,0,0,https://twitter.com/_ariskaf/status/1712815706109321476
"@fauvalfarez wkwk gatau tp di xhs aku munculnya bromo ijen mulu, justru yg kejadian kebakaran pas foto prewed di bromo itu aja aku taunya dari xhs cnetz pada bahas, kadang lucu bahas2 berita indo, mungkin ipku juga mempengaruhi bali mah smpek org luar aja tau bali tp gatau indo",1.71283151939872E+018,2023-10-13 14:03:51+00:00,girlseayou,1.50368264230197E+018,0,0,0,0,https://twitter.com/girlseayou/status/1712831519398723729
"@starfess Buat Rumput ijo kapan balik ademnya kok sekarang udh kek rumput kering Bromo yang klo kebakaran cepat meluas,buat babyzen nih ye kamu ini pernah ada di era dmn nctzen masuk list fandom teradem yang supporternya merata,enjoy hahahihi... semoga belajar dari sejarah ya😭",1.71313237967254E+018,2023-10-14 09:59:22+00:00,cupcupxo,1.63109597266643E+018,0,0,1,3,https://twitter.com/cupcupxo/status/1713132379672543485
@oppaiinthesky mau ke bromo cek lahan bekas kebakaran,1.7132011204396E+018,2023-10-14 14:32:31+00:00,anakpalingkuat,1913590603,0,1,0,0,https://twitter.com/anakpalingkuat/status/1713201120439603262
@kugatauu bromo kebakaran,1.71323311909938E+018,2023-10-14 16:39:40+00:00,loeydenn,1.42613424717406E+018,0,1,0,0,https://twitter.com/loeydenn/status/1713233119099388210
@_beeforeliving Iyakan nggak perlu jauh2 ke bromo sampai kebakaran 😂😂😂,1.71340206913741E+018,2023-10-15 03:51:01+00:00,migeranid,1.69200035464756E+018,0,1,0,0,https://twitter.com/migeranid/status/1713402069137412187
"bule bule jangkung backpackeran ini ke sini nyari apaya? mau ke bromo abis kebakaran, apa jauh jauh cuma mau nyari bakso?",1.71340372741839E+018,2023-10-15 03:57:36+00:00,kecovva,1.07190845714863E+018,0,1,0,0,https://twitter.com/kecovva/status/1713403727418397016
"guys ada yg tau ga? savana bromo kok bisa hijau lagi ya?? kan sempat kebakaran nih di tambah cuaca skrg yg gapernah hujan gt, terik bgtt, itu gmn bisa hijau yaa? rep dong ugm_fess",1.71345098393275E+018,2023-10-15 07:05:23+00:00,UGM_FESS,1.27774912229698E+018,0,1,0,1,https://twitter.com/UGM_FESS/status/1713450983932752121
ini mah saya mikirnya grgr bromo kemarin kebakaran jadi dikasih panas terus ni,1.71348494605528E+018,2023-10-15 09:20:20+00:00,dndhome_,1.3705082849275E+018,0,0,0,0,https://twitter.com/dndhome_/status/1713484946055282818
"@sosmedkeras Ini yang buat istri bosku nekat ke bromo 2 mingguan yg lalu. Padahal dah diingetin bromo habis kebakaran, tp tetep gas berangkat",1.71348718424916E+018,2023-10-15 09:29:14+00:00,nibiruunya1,1.08939498238799E+018,0,0,0,0,https://twitter.com/nibiruunya1/status/1713487184249168226
"@tutles__ Aku langsung ke bromo tgl 11 kemarin, malah lebih bgs sebelum kebakaran, gas le bromo",1.71369731797773E+018,2023-10-15 23:24:14+00:00,MySelf1003,9.93864816270831E+017,0,0,0,0,https://twitter.com/MySelf1003/status/1713697317977735225
Savana bromo pasca kebakaran malah lebih bagus https://t.co/zrrpfyOajU,1.7136975401333E+018,2023-10-15 23:25:07+00:00,MySelf1003,9.93864816270831E+017,0,0,0,0,https://twitter.com/MySelf1003/status/1713697540133306689
"Kabar baik datang dari Taman Nasional Bromo Tengger Semeru (TNBTS) di Jawa Timur. Pasalnya, savana atau padang rumput di kawasan Gunung Bromo telah kembali ditumbuhi vegetasi setelah mengalami kebakaran hutan dan lahan beberapa saat lalu #beritaterkini #pikiranrakyat .… https://t.co/lUWp87AAer",1.71373559679836E+018,2023-10-16 01:56:20+00:00,pikiran_rakyat,58880688,0,1,0,0,https://twitter.com/pikiran_rakyat/status/1713735596798366184
"Pasca Kebakaran Akibat Suar Prewedding, Savana Bromo Kembali Hijau https://t.co/4dF478h9kg",1.71374883928136E+018,2023-10-16 02:48:57+00:00,radartuban,2543075562,0,0,0,0,https://twitter.com/radartuban/status/1713748839281369384
"Diungkap Youtuber 500 Ribu Subscriber, Fenomena Bromo Setelah Kebakaran, Simak Selengkapnya! https://t.co/CqUBkxznhj",1.71375476826141E+018,2023-10-16 03:12:31+00:00,kelumajangcom,1.62502132455194E+018,0,0,0,0,https://twitter.com/kelumajangcom/status/1713754768261415091
"Potret terbaru kondisi Gunung Bromo setelah kebakaran akibat foto prewedding beredar di media sosial, masyarakat ikut lega. Setelah sebelumnya sempat gersang akibat kebakaran lahan setelah foto prewedding, Bromo kini mulai menghijau lagi.   https://t.co/5JNd8EbkZE",1.71383088643167E+018,2023-10-16 08:14:59+00:00,serambinews,64635651,0,0,0,0,https://twitter.com/serambinews/status/1713830886431670496
"Heboh dengan foto pre-wedding menggunakan flare di Bromo, ini dia akibat yang ditimbulkan dari kebakaran tersebut! https://t.co/h38gwcgc9P",1.71384319420574E+018,2023-10-16 09:03:53+00:00,GNKPA_INDONESIA,1.62065398670048E+018,0,0,0,0,https://twitter.com/GNKPA_INDONESIA/status/1713843194205741385
3 Fakta Kawasan Savana Gunung Bromo yang Kembali Hijau Usai Kebakaran Akibat Flare https://t.co/bEuYzhQypQ,1.71388204366129E+018,2023-10-16 11:38:16+00:00,liputan6dotcom,47596019,0,0,1,1,https://twitter.com/liputan6dotcom/status/1713882043661291531
FOTO : Penampakan Gunung Bromo Kembali Menghijau usai Kebakaran. #bromo #gunungbromo https://t.co/jwEEhqNiva,1.71388782377292E+018,2023-10-16 12:01:14+00:00,rydykk,9.29984146599899E+017,0,0,0,0,https://twitter.com/rydykk/status/1713887823772921873
"Sebulan Pasca Kebakaran, Kawasan Bromo Kembali Menghijau https://t.co/NCh65twvXQ #TempoFoto",1.71388917799629E+018,2023-10-16 12:06:37+00:00,tempodotco,18129942,0,0,0,4,https://twitter.com/tempodotco/status/1713889177996296428
"Rugi Rp89,7 Miliar akibat Kebakaran, Kini Savana Bromo Kembali Menghijau : Okezone Economy https://t.co/uPZGTsiZ0d",1.71391899642334E+018,2023-10-16 14:05:06+00:00,ilhamiasnawi,305657272,0,0,0,0,https://twitter.com/ilhamiasnawi/status/1713918996423344428
"Rugi Rp89,7 miliar akibat kebakaran, kini Savana Bromo kembali menghijau https://t.co/mzMNAYdYoc",1.71392305999086E+018,2023-10-16 14:21:15+00:00,okezonenews,47274731,0,1,1,3,https://twitter.com/okezonenews/status/1713923059990860283
"Bromo ini memang tanahnya subur banget ya, setelah kebakaran hebat itu sekarang udah mulai menghijau lagi wah ini sih yang join Bromo Trail Ultra ga akan khawatir, akhir bulan depan sih kayaknya udah rata hijaunya  😍",1.71407951153566E+018,2023-10-17 00:42:56+00:00,topekodia,1.54260817873024E+018,0,0,0,0,https://twitter.com/topekodia/status/1714079511535665482
Eh skrng setelah kebakaran itu si bromo nasibnya gmn sik😫,1.71412379924184E+018,2023-10-17 03:38:55+00:00,knia2851,1.65527963863207E+018,0,1,0,0,https://twitter.com/knia2851/status/1714123799241842958
"Padang savana Bromo sempat mengering akibat foto prewedding dengan menyalakan flare di Bukit Teletubbies, lalu flare tersebut dibuang sembarangan hingga menyebabkan kebakaran. Kini kawasan Gunung Bromo kembali menghijau ditumbuhi oleh vegetasi rumput.  #IDNTimesJatim #BijakDiBumi https://t.co/Psyrd0i4Ae",1.71416298180909E+018,2023-10-17 06:14:37+00:00,IDNTimesJatim,1.31889351433626E+018,0,0,2,4,https://twitter.com/IDNTimesJatim/status/1714162981809099221
Fakta Kawasan Bromo yang Kembali Menghijau Usai Kebakaran Flare Prewedding    https://t.co/zE1KkzY88j,1.71419980326419E+018,2023-10-17 08:40:56+00:00,aboutmalang_com,1.66826227356181E+018,0,0,0,0,https://twitter.com/aboutmalang_com/status/1714199803264192580
"#VIRAL   Pasti udah tau banyak banget berita soal kebakaran dimana-mana yaps benar di Bromo, akhirnya nih savana di Bromo mulai perlahan-lahan menghijau, diperkirakan masih banyak tumbuhan yang belum tumbuh &amp  masih diperlukan waktu untuk kembali seperti dulu.   #THEGOODVIBES https://t.co/BoLtNtjcuS",1.71420374309969E+018,2023-10-17 08:56:35+00:00,rapmafmums,575845599,0,0,0,0,https://twitter.com/rapmafmums/status/1714203743099695568
"Sabana Gunung Bromo kembali menghijau pasca kebakaran, kondisinya kini semakin cantik. https://t.co/tjMs0jOURd",1.71422088453231E+018,2023-10-17 10:04:42+00:00,Jember_Network,1.67579274087616E+018,0,0,0,0,https://twitter.com/Jember_Network/status/1714220884532310295
